player_id,player_name,position,team_name,price,team_id,player_status,chance_of_playing,is_blank,is_double,is_home,opponent_encoded,opp_strength,difficulty,roll3_pts,roll5_pts,roll3_mins,pts_per_90,roll3_goals,roll3_assists,roll3_clean,roll3_bonus,roll3_threat,roll3_creativity,roll3_influence,roll3_saves,roll3_yellows,games_played,home_ratio,price_change,gw_number,predicted_pts,gw27_difficulty,gw27_opponent,gw27_opponent_id,gw27_home,gw28_difficulty,gw28_opponent,gw28_opponent_id,gw28_home,gw29_difficulty,gw29_opponent,gw29_opponent_id,gw29_home,gw30_difficulty,gw30_opponent,gw30_opponent_id,gw30_home,gw31_difficulty,gw31_opponent,gw31_opponent_id,gw31_home,avg_difficulty,blank_gws,double_gws,is_blank_next_gw,is_home_next_gw,momentum_score,fixture_run_label,opp_scoring_bonus,adj_predicted_pts,combined_score,value_score
1,David Raya Martín,Goalkeeper,Arsenal,6.0,1,a,100,False,False,0,795,1.0,3,5.0,4.4,90.0,5.0,0.0,0.0,0.6666666666666666,0.3333333333333333,0.0,3.3666666666666667,17.066666666666666,1.6666666666666667,0.0,5.0,0.4,0.0,27,2.37,4.89,Spurs,18,0,4.92,Chelsea,7,1,4.94,Brighton,6,0,4.94,Everton,9,1,6.0,BLANK,-1,0,4.92,1,0,False,False,4.91,🔴 Tough,-0.37,2.26,2.04,0.34
2,Kepa Arrizabalaga Revuelta,Goalkeeper,Arsenal,4.1,1,a,100,False,False,0,795,1.0,3,0.0,0.0,0.0,0.0,0.0,0.0,0.0,0.0,0.0,0.0,0.0,0.0,0.0,0.0,0.4,0.0,27,0.57,4.89,Spurs,18,0,4.92,Chelsea,7,1,4.94,Brighton,6,0,4.94,Everton,9,1,6.0,BLANK,-1,0,4.92,1,0,False,False,4.91,🔴 Tough,-0.57,0.4,0.36,0.088
4,Tommy Setford,Goalkeeper,Arsenal,3.9,1,a,100,False,False,0,795,1.0,3,0.0,0.0,0.0,0.0,0.0,0.0,0.0,0.0,0.0,0.0,0.0,0.0,0.0,0.0,0.4,0.0,27,0.57,4.89,Spurs,18,0,4.92,Chelsea,7,1,4.94,Brighton,6,0,4.94,Everton,9,1,6.0,BLANK,-1,0,4.92,1,0,False,False,4.91,🔴 Tough,-0.57,0.4,0.36,0.092
5,Gabriel dos Santos Magalhães,Defender,Arsenal,7.1,1,a,100,False,False,0,795,1.0,3,5.666666666666667,5.2,90.0,5.666666666666667,0.0,0.0,0.6666666666666666,0.0,9.0,2.9666666666666672,31.266666666666666,0.0,0.3333333333333333,5.0,0.4,0.0,27,3.67,4.89,Spurs,18,0,4.92,Chelsea,7,1,4.94,Brighton,6,0,4.94,Everton,9,1,6.0,BLANK,-1,0,4.92,1,0,False,False,4.91,🔴 Tough,-3.67,2.57,2.41,0.339
6,William Saliba,Defender,Arsenal,6.1,1,a,100,False,False,0,795,1.0,3,4.333333333333333,4.4,60.0,6.499999999999999,0.0,0.0,0.6666666666666666,0.0,0.0,3.1666666666666643,10.2,0.0,0.3333333333333333,4.0,0.4,0.0,27,1.32,4.89,Spurs,18,0,4.92,Chelsea,7,1,4.94,Brighton,6,0,4.94,Everton,9,1,6.0,BLANK,-1,0,4.92,1,0,False,False,4.91,🔴 Tough,0.68,1.52,1.42,0.233
7,Riccardo Calafiori,Defender,Arsenal,5.6,1,a,100,False,False,0,795,1.0,3,2.6666666666666665,1.6,30.0,7.999999999999999,0.0,0.0,0.3333333333333333,0.0,3.6666666666666665,1.4,2.133333333333333,0.0,0.0,3.0,0.4,0.0,27,1.84,4.89,Spurs,18,0,4.92,Chelsea,7,1,4.94,Brighton,6,0,4.94,Everton,9,1,6.0,BLANK,-1,0,4.92,1,0,False,False,4.91,🔴 Tough,0.16,1.89,1.77,0.316
8,Jurriën Timber,Defender,Arsenal,6.4,1,a,100,False,False,0,795,1.0,3,4.333333333333333,3.8,90.0,4.333333333333333,0.0,0.0,0.6666666666666666,0.0,5.0,13.83333333333333,11.066666666666668,0.0,0.3333333333333333,5.0,0.4,0.0,27,2.36,4.89,Spurs,18,0,4.92,Chelsea,7,1,4.94,Brighton,6,0,4.94,Everton,9,1,6.0,BLANK,-1,0,4.92,1,0,False,False,4.91,🔴 Tough,2.64,3.15,2.95,0.461
10,Myles Lewis-Skelly,Defender,Arsenal,5.1,1,a,100,False,False,0,795,1.0,3,0.0,0.0,0.0,0.0,0.0,0.0,0.0,0.0,0.0,0.0,0.0,0.0,0.0,0.0,0.4,0.0,27,0.12,4.89,Spurs,18,0,4.92,Chelsea,7,1,4.94,Brighton,6,0,4.94,Everton,9,1,6.0,BLANK,-1,0,4.92,1,0,False,False,4.91,🔴 Tough,0.88,0.38,0.36,0.071
11,Benjamin White,Defender,Arsenal,5.1,1,a,100,False,False,0,795,1.0,3,0.0,1.4,0.0,0.0,0.0,0.0,0.0,0.0,0.0,0.0,0.0,0.0,0.0,2.0,0.4,0.0,27,0.17,4.89,Spurs,18,0,4.92,Chelsea,7,1,4.94,Brighton,6,0,4.94,Everton,9,1,6.0,BLANK,-1,0,4.92,1,0,False,False,4.91,🔴 Tough,-0.17,0.12,0.11,0.022
13,Brayden Clarke,Defender,Arsenal,3.8,1,a,100,False,False,0,795,1.0,3,0.0,0.0,0.0,0.0,0.0,0.0,0.0,0.0,0.0,0.0,0.0,0.0,0.0,0.0,0.4,0.0,27,0.02,4.89,Spurs,18,0,4.92,Chelsea,7,1,4.94,Brighton,6,0,4.94,Everton,9,1,6.0,BLANK,-1,0,4.92,1,0,False,False,4.91,🔴 Tough,-0.02,0.01,0.01,0.003
15,Josh Nichols,Defender,Arsenal,3.7,1,a,100,False,False,0,795,1.0,3,0.0,0.0,0.0,0.0,0.0,0.0,0.0,0.0,0.0,0.0,0.0,0.0,0.0,0.0,0.4,0.0,27,0.02,4.89,Spurs,18,0,4.92,Chelsea,7,1,4.94,Brighton,6,0,4.94,Everton,9,1,6.0,BLANK,-1,0,4.92,1,0,False,False,4.91,🔴 Tough,-0.02,0.01,0.01,0.003
16,Bukayo Saka,Midfielder,Arsenal,9.8,1,a,100,False,False,0,795,1.0,3,0.3333333333333333,0.8,6.666666666666667,4.5,0.0,0.0,0.0,0.0,0.6666666666666666,0.1000000000000023,0.0666666666666666,0.0,0.0,3.0,0.4,0.0,27,9.49,4.89,Spurs,18,0,4.92,Chelsea,7,1,4.94,Brighton,6,0,4.94,Everton,9,1,6.0,BLANK,-1,0,4.92,1,0,False,False,4.91,🔴 Tough,-5.49,7.84,6.81,0.695
17,Martin Ødegaard,Midfielder,Arsenal,7.8,1,d,75,False,False,0,795,1.0,3,1.6666666666666667,2.0,24.666666666666668,6.081081081081082,0.0,0.3333333333333333,0.0,0.0,3.333333333333333,9.933333333333328,7.000000000000003,0.0,0.0,4.0,0.4,0.0,27,1.42,4.89,Spurs,18,0,4.92,Chelsea,7,1,4.94,Brighton,6,0,4.94,Everton,9,1,6.0,BLANK,-1,0,4.92,1,0,False,False,4.91,🔴 Tough,-1.42,0.99,0.86,0.11
18,Noni Madueke,Midfielder,Arsenal,6.8,1,a,100,False,False,0,795,1.0,3,8.666666666666666,5.6,62.66666666666666,12.4468085106383,0.6666666666666666,0.3333333333333333,0.6666666666666666,2.0,19.0,14.466666666666669,35.06666666666666,0.0,0.0,5.0,0.4,0.0,27,3.01,4.89,Spurs,18,0,4.92,Chelsea,7,1,4.94,Brighton,6,0,4.94,Everton,9,1,6.0,BLANK,-1,0,4.92,1,0,False,False,4.91,🔴 Tough,-2.01,2.41,2.09,0.307
19,Gabriel Martinelli Silva,Midfielder,Arsenal,6.8,1,a,100,False,False,0,795,1.0,3,3.0,2.0,22.666666666666668,11.911764705882351,0.0,0.6666666666666666,0.0,0.0,19.666666666666668,9.233333333333333,18.2,0.0,0.0,4.0,0.4,0.0,27,2.17,4.89,Spurs,18,0,4.92,Chelsea,7,1,4.94,Brighton,6,0,4.94,Everton,9,1,6.0,BLANK,-1,0,4.92,1,0,False,False,4.91,🔴 Tough,-2.17,1.52,1.32,0.194
20,Leandro Trossard,Midfielder,Arsenal,6.8,1,a,100,False,False,0,795,1.0,3,3.6666666666666665,2.8,82.66666666666667,3.991935483870968,0.0,0.3333333333333333,0.6666666666666666,0.0,13.0,28.8,18.533333333333328,0.0,0.0,5.0,0.4,0.0,27,1.32,4.89,Spurs,18,0,4.92,Chelsea,7,1,4.94,Brighton,6,0,4.94,Everton,9,1,6.0,BLANK,-1,0,4.92,1,0,False,False,4.91,🔴 Tough,10.68,4.52,3.92,0.576
21,Declan Rice,Midfielder,Arsenal,7.6,1,a,100,False,False,0,795,1.0,3,4.333333333333333,3.4,90.0,4.333333333333333,0.0,0.0,0.6666666666666666,0.3333333333333333,4.333333333333333,42.13333333333333,19.466666666666665,0.0,0.0,5.0,0.4,0.0,27,6.63,4.89,Spurs,18,0,4.92,Chelsea,7,1,4.94,Brighton,6,0,4.94,Everton,9,1,6.0,BLANK,-1,0,4.92,1,0,False,False,4.91,🔴 Tough,-0.63,6.44,5.59,0.736
24,Christian Nørgaard,Midfielder,Arsenal,5.1,1,a,100,False,False,0,795,1.0,3,0.3333333333333333,0.2,0.3333333333333333,90.0,0.0,0.0,0.0,0.0,0.0,0.0,0.3333333333333333,0.0,0.0,1.0,0.4,0.0,27,0.33,4.89,Spurs,18,0,4.92,Chelsea,7,1,4.94,Brighton,6,0,4.94,Everton,9,1,6.0,BLANK,-1,0,4.92,1,0,False,False,4.91,🔴 Tough,-0.33,0.23,0.2,0.039
26,Martín Zubimendi Ibáñez,Midfielder,Arsenal,5.3,1,a,100,False,False,0,795,1.0,3,7.333333333333333,5.2,90.0,7.333333333333333,0.6666666666666666,0.0,0.6666666666666666,1.3333333333333333,15.333333333333334,4.133333333333333,32.46666666666666,0.0,0.0,5.0,0.4,0.0,27,3.15,4.89,Spurs,18,0,4.92,Chelsea,7,1,4.94,Brighton,6,0,4.94,Everton,9,1,6.0,BLANK,-1,0,4.92,1,0,False,False,4.91,🔴 Tough,-1.15,2.8,2.43,0.458
30,Kai Havertz,Forward,Arsenal,7.3,1,d,75,False,False,0,795,1.0,3,2.333333333333333,1.4,42.0,5.0,0.0,0.3333333333333333,0.6666666666666666,0.0,6.666666666666667,10.6,9.8,0.0,0.0,2.0,0.4,0.0,27,0.89,4.89,Spurs,18,0,4.92,Chelsea,7,1,4.94,Brighton,6,0,4.94,Everton,9,1,6.0,BLANK,-1,0,4.92,1,0,False,False,4.91,🔴 Tough,-0.89,0.62,0.54,0.074
31,Gabriel Fernando de Jesus,Forward,Arsenal,6.4,1,a,100,False,False,0,795,1.0,3,2.0,1.6,24.33333333333333,7.397260273972604,0.3333333333333333,0.0,0.0,0.0,21.33333333333333,0.4333333333333333,13.533333333333331,0.0,0.0,4.0,0.4,0.0,27,1.1,4.89,Spurs,18,0,4.92,Chelsea,7,1,4.94,Brighton,6,0,4.94,Everton,9,1,6.0,BLANK,-1,0,4.92,1,0,False,False,4.91,🔴 Tough,-1.1,0.77,0.67,0.105
266,Eberechi Eze,Midfielder,Arsenal,7.2,1,a,100,False,False,0,795,1.0,3,1.0,0.8,25.666666666666668,3.5064935064935066,0.0,0.0,0.0,0.0,4.0,1.2,0.9333333333333332,0.0,0.0,5.0,0.4,0.0,27,1.49,4.89,Spurs,18,0,4.92,Chelsea,7,1,4.94,Brighton,6,0,4.94,Everton,9,1,6.0,BLANK,-1,0,4.92,1,0,False,False,4.91,🔴 Tough,18.51,7.04,6.11,0.849
662,Cristhian Mosquera,Defender,Arsenal,5.3,1,a,100,False,False,0,795,1.0,3,1.3333333333333333,0.8,30.0,4.0,0.0,0.0,0.0,0.0,0.0,0.9333333333333332,9.8,0.0,0.0,1.0,0.4,0.0,27,2.16,4.89,Spurs,18,0,4.92,Chelsea,7,1,4.94,Brighton,6,0,4.94,Everton,9,1,6.0,BLANK,-1,0,4.92,1,0,False,False,4.91,🔴 Tough,-1.16,1.81,1.7,0.321
666,Viktor Gyökeres,Forward,Arsenal,8.8,1,a,100,False,False,0,795,1.0,3,6.666666666666667,4.4,65.0,9.230769230769232,1.0,0.0,0.3333333333333333,1.3333333333333333,33.333333333333336,9.333333333333334,34.800000000000004,0.0,0.3333333333333333,5.0,0.4,0.0,27,5.43,4.89,Spurs,18,0,4.92,Chelsea,7,1,4.94,Brighton,6,0,4.94,Everton,9,1,6.0,BLANK,-1,0,4.92,1,0,False,False,4.91,🔴 Tough,-5.43,3.8,3.3,0.375
711,Andre Harriman-Annous,Midfielder,Arsenal,4.4,1,a,100,False,False,0,795,1.0,3,0.0,0.0,0.0,0.0,0.0,0.0,0.0,0.0,0.0,0.0,0.0,0.0,0.0,0.0,0.4,0.0,27,0.05,4.89,Spurs,18,0,4.92,Chelsea,7,1,4.94,Brighton,6,0,4.94,Everton,9,1,6.0,BLANK,-1,0,4.92,1,0,False,False,4.91,🔴 Tough,-0.05,0.04,0.03,0.007
725,Piero Hincapié,Defender,Arsenal,5.1,1,a,100,False,False,0,795,1.0,3,4.666666666666667,2.8,59.0,7.118644067796611,0.0,0.3333333333333333,0.3333333333333333,0.6666666666666666,3.333333333333333,7.433333333333334,16.2,0.0,0.0,4.0,0.4,0.0,27,6.68,4.89,Spurs,18,0,4.92,Chelsea,7,1,4.94,Brighton,6,0,4.94,Everton,9,1,6.0,BLANK,-1,0,4.92,1,0,False,False,4.91,🔴 Tough,-4.68,5.28,4.95,0.971
759,Marli Salmon,Defender,Arsenal,4.0,1,a,100,False,False,0,795,1.0,3,0.0,0.0,0.0,0.0,0.0,0.0,0.0,0.0,0.0,0.0,0.0,0.0,0.0,0.0,0.4,0.0,27,0.02,4.89,Spurs,18,0,4.92,Chelsea,7,1,4.94,Brighton,6,0,4.94,Everton,9,1,6.0,BLANK,-1,0,4.92,1,0,False,False,4.91,🔴 Tough,0.0,0.02,0.02,0.005
32,Emiliano Martínez Romero,Goalkeeper,Aston Villa,5.0,2,a,100,False,False,1,650,1.0,2,6.0,4.2,90.0,6.0,0.0,0.0,0.3333333333333333,1.6666666666666667,0.0,0.0333333333333333,30.46666666666667,3.6666666666666665,0.0,5.0,0.4,0.0,27,7.64,4.9,Leeds,11,1,4.93,Wolves,20,0,4.92,Chelsea,7,1,4.93,Man Utd,14,0,4.9,West Ham,19,1,4.92,0,0,False,True,4.91,🔴 Tough,-4.64,6.25,5.26,1.052
36,Matty Cash,Defender,Aston Villa,4.9,2,a,100,False,False,1,650,1.0,2,3.333333333333333,3.6,90.0,3.333333333333334,0.0,0.0,0.3333333333333333,0.0,18.666666666666668,14.566666666666665,15.066666666666668,0.0,0.0,5.0,0.4,1.0,27,2.42,4.9,Leeds,11,1,4.93,Wolves,20,0,4.92,Chelsea,7,1,4.93,Man Utd,14,0,4.9,West Ham,19,1,4.92,0,0,False,True,4.91,🔴 Tough,-0.42,2.29,2.06,0.42
37,Lucas Digne,Defender,Aston Villa,4.5,2,a,100,False,False,1,650,1.0,2,2.333333333333333,3.4,33.333333333333336,6.299999999999999,0.0,0.3333333333333333,0.0,0.0,0.6666666666666666,8.266666666666667,11.666666666666666,0.0,0.3333333333333333,4.0,0.4,0.0,27,2.42,4.9,Leeds,11,1,4.93,Wolves,20,0,4.92,Chelsea,7,1,4.93,Man Utd,14,0,4.9,West Ham,19,1,4.92,0,0,False,True,4.91,🔴 Tough,-1.42,1.99,1.79,0.398
38,Ezri Konsa Ngoyo,Defender,Aston Villa,4.4,2,a,100,False,False,1,650,1.0,2,3.333333333333333,3.8,90.0,3.333333333333334,0.0,0.0,0.3333333333333333,0.0,1.3333333333333333,3.600000000000001,14.933333333333332,0.0,0.0,5.0,0.4,0.0,27,3.15,4.9,Leeds,11,1,4.93,Wolves,20,0,4.92,Chelsea,7,1,4.93,Man Utd,14,0,4.9,West Ham,19,1,4.92,0,0,False,True,4.91,🔴 Tough,-1.15,2.8,2.52,0.573
39,Ian Maatsen,Defender,Aston Villa,4.2,2,a,100,False,False,1,650,1.0,2,2.6666666666666665,2.2,64.33333333333333,3.730569948186528,0.0,0.0,0.3333333333333333,0.0,11.0,16.366666666666667,13.333333333333334,0.0,0.3333333333333333,5.0,0.4,0.0,27,5.15,4.9,Leeds,11,1,4.93,Wolves,20,0,4.92,Chelsea,7,1,4.93,Man Utd,14,0,4.9,West Ham,19,1,4.92,0,0,False,True,4.91,🔴 Tough,-4.15,3.9,3.5,0.833
40,Tyrone Mings,Defender,Aston Villa,4.3,2,a,100,False,False,1,650,1.0,2,1.0,0.6,35.0,2.571428571428571,0.0,0.0,0.0,0.0,3.333333333333333,0.3333333333333333,8.733333333333333,0.0,0.0,2.0,0.4,0.0,27,4.71,4.9,Leeds,11,1,4.93,Wolves,20,0,4.92,Chelsea,7,1,4.93,Man Utd,14,0,4.9,West Ham,19,1,4.92,0,0,False,True,4.91,🔴 Tough,-4.71,3.3,2.97,0.691
41,Pau Torres,Defender,Aston Villa,4.3,2,a,100,False,False,1,650,1.0,2,2.6666666666666665,2.0,54.66666666666666,4.390243902439025,0.0,0.0,0.3333333333333333,0.0,7.666666666666667,2.433333333333333,4.533333333333333,0.0,0.0,3.0,0.4,0.0,27,1.87,4.9,Leeds,11,1,4.93,Wolves,20,0,4.92,Chelsea,7,1,4.93,Man Utd,14,0,4.9,West Ham,19,1,4.92,0,0,False,True,4.91,🔴 Tough,2.13,2.51,2.26,0.526
42,Andrés García,Defender,Aston Villa,3.9,2,a,100,False,False,1,650,1.0,2,0.0,0.0,0.0,0.0,0.0,0.0,0.0,0.0,0.0,0.0,0.0,0.0,0.0,0.0,0.4,0.0,27,0.0,4.9,Leeds,11,1,4.93,Wolves,20,0,4.92,Chelsea,7,1,4.93,Man Utd,14,0,4.9,West Ham,19,1,4.92,0,0,False,True,4.91,🔴 Tough,0.0,0.0,0.0,0.0
44,Lamare Bogarde,Defender,Aston Villa,4.0,2,a,100,False,False,1,650,1.0,2,1.0,1.0,21.666666666666668,4.153846153846153,0.0,0.0,0.0,0.0,0.0,0.8666666666666667,2.466666666666667,0.0,0.0,5.0,0.4,0.0,27,2.17,4.9,Leeds,11,1,4.93,Wolves,20,0,4.92,Chelsea,7,1,4.93,Man Utd,14,0,4.9,West Ham,19,1,4.92,0,0,False,True,4.91,🔴 Tough,-1.17,1.82,1.64,0.41
47,Morgan Rogers,Midfielder,Aston Villa,7.6,2,a,100,False,False,1,650,1.0,2,6.666666666666667,5.0,90.0,6.666666666666668,0.3333333333333333,0.3333333333333333,0.3333333333333333,1.0,33.333333333333336,28.63333333333333,33.2,0.0,0.0,5.0,0.4,0.0,27,4.55,4.9,Leeds,11,1,4.93,Wolves,20,0,4.92,Chelsea,7,1,4.93,Man Utd,14,0,4.9,West Ham,19,1,4.92,0,0,False,True,4.91,🔴 Tough,10.45,7.68,6.6,0.868
49,Leon Bailey,Midfielder,Aston Villa,5.5,2,a,100,False,False,1,650,1.0,2,1.0,0.6,33.333333333333336,2.7,0.0,0.0,0.0,0.0,7.666666666666667,13.366666666666664,4.666666666666667,0.0,0.0,3.0,0.4,0.0,27,3.41,4.9,Leeds,11,1,4.93,Wolves,20,0,4.92,Chelsea,7,1,4.93,Man Utd,14,0,4.9,West Ham,19,1,4.92,0,0,False,True,4.91,🔴 Tough,-3.41,2.39,2.05,0.373
50,Emiliano Buendía Stati,Midfielder,Aston Villa,5.3,2,a,100,False,False,1,650,1.0,2,4.666666666666667,3.4,76.33333333333333,5.502183406113538,0.3333333333333333,0.0,0.3333333333333333,0.3333333333333333,33.666666666666664,14.566666666666668,22.8,0.0,0.3333333333333333,5.0,0.4,0.0,27,2.29,4.9,Leeds,11,1,4.93,Wolves,20,0,4.92,Chelsea,7,1,4.93,Man Utd,14,0,4.9,West Ham,19,1,4.92,0,0,False,True,4.91,🔴 Tough,-1.29,1.9,1.63,0.308
55,Ross Barkley,Midfielder,Aston Villa,4.8,2,a,100,False,False,1,650,1.0,2,0.3333333333333333,0.2,4.333333333333333,6.923076923076923,0.0,0.0,0.0,0.0,0.6666666666666666,3.533333333333333,3.2,0.0,0.0,1.0,0.4,0.0,27,1.07,4.9,Leeds,11,1,4.93,Wolves,20,0,4.92,Chelsea,7,1,4.93,Man Utd,14,0,4.9,West Ham,19,1,4.92,0,0,False,True,4.91,🔴 Tough,2.93,1.95,1.68,0.35
59,Amadou Onana,Midfielder,Aston Villa,4.8,2,a,100,False,False,1,650,1.0,2,3.0,1.8,59.333333333333336,4.550561797752809,0.0,0.0,0.3333333333333333,0.0,1.3333333333333333,5.700000000000002,16.933333333333334,0.0,0.0,2.0,0.4,0.0,27,4.09,4.9,Leeds,11,1,4.93,Wolves,20,0,4.92,Chelsea,7,1,4.93,Man Utd,14,0,4.9,West Ham,19,1,4.92,0,0,False,True,4.91,🔴 Tough,-4.09,2.86,2.46,0.513
64,Ollie Watkins,Forward,Aston Villa,8.6,2,a,100,False,False,1,650,1.0,2,3.333333333333333,2.8,58.333333333333336,5.142857142857142,0.3333333333333333,0.0,0.3333333333333333,0.6666666666666666,29.0,9.333333333333332,17.266666666666666,0.0,0.0,4.0,0.4,0.0,27,3.93,4.9,Leeds,11,1,4.93,Wolves,20,0,4.92,Chelsea,7,1,4.93,Man Utd,14,0,4.9,West Ham,19,1,4.92,0,0,False,True,4.91,🔴 Tough,-1.93,3.35,2.88,0.335
456,Jadon Sancho,Midfielder,Aston Villa,5.8,2,a,100,False,False,1,650,1.0,2,2.6666666666666665,2.2,70.0,3.4285714285714284,0.0,0.3333333333333333,0.0,0.0,12.0,19.83333333333333,13.533333333333331,0.0,0.0,4.0,0.4,0.0,27,3.66,4.9,Leeds,11,1,4.93,Wolves,20,0,4.92,Chelsea,7,1,4.93,Man Utd,14,0,4.9,West Ham,19,1,4.92,0,0,False,True,4.91,🔴 Tough,-2.66,2.86,2.46,0.424
688,James Wright,Goalkeeper,Aston Villa,3.9,2,a,100,False,False,1,650,1.0,2,0.0,0.0,0.0,0.0,0.0,0.0,0.0,0.0,0.0,0.0,0.0,0.0,0.0,0.0,0.4,0.0,27,0.08,4.9,Leeds,11,1,4.93,Wolves,20,0,4.92,Chelsea,7,1,4.93,Man Utd,14,0,4.9,West Ham,19,1,4.92,0,0,False,True,4.91,🔴 Tough,-0.08,0.06,0.05,0.013
699,Douglas Luiz Soares de Paulo,Midfielder,Aston Villa,4.9,2,a,100,False,False,1,650,1.0,2,1.3333333333333333,0.8,55.333333333333336,2.1686746987951806,0.0,0.0,0.0,0.0,8.0,29.866666666666664,13.066666666666668,0.0,0.0,2.0,0.4,0.0,27,2.74,4.9,Leeds,11,1,4.93,Wolves,20,0,4.92,Chelsea,7,1,4.93,Man Utd,14,0,4.9,West Ham,19,1,4.92,0,0,False,True,4.91,🔴 Tough,-2.74,1.92,1.65,0.337
702,Bradley Burrowes,Midfielder,Aston Villa,4.4,2,a,100,False,False,1,650,1.0,2,0.0,0.0,0.0,0.0,0.0,0.0,0.0,0.0,0.0,0.0,0.0,0.0,0.0,0.0,0.4,0.0,27,0.05,4.9,Leeds,11,1,4.93,Wolves,20,0,4.92,Chelsea,7,1,4.93,Man Utd,14,0,4.9,West Ham,19,1,4.92,0,0,False,True,4.91,🔴 Tough,-0.05,0.04,0.03,0.007
703,Sam Proctor,Goalkeeper,Aston Villa,3.9,2,a,100,False,False,1,650,1.0,2,0.0,0.0,0.0,0.0,0.0,0.0,0.0,0.0,0.0,0.0,0.0,0.0,0.0,0.0,0.4,0.0,27,0.08,4.9,Leeds,11,1,4.93,Wolves,20,0,4.92,Chelsea,7,1,4.93,Man Utd,14,0,4.9,West Ham,19,1,4.92,0,0,False,True,4.91,🔴 Tough,-0.08,0.06,0.05,0.013
710,Travis Patterson,Defender,Aston Villa,3.9,2,a,100,False,False,1,650,1.0,2,0.0,0.0,0.0,0.0,0.0,0.0,0.0,0.0,0.0,0.0,0.0,0.0,0.0,0.0,0.4,0.0,27,0.0,4.9,Leeds,11,1,4.93,Wolves,20,0,4.92,Chelsea,7,1,4.93,Man Utd,14,0,4.9,West Ham,19,1,4.92,0,0,False,True,4.91,🔴 Tough,0.0,0.0,0.0,0.0
719,Victor Lindelöf,Defender,Aston Villa,4.5,2,a,100,False,False,1,650,1.0,2,0.3333333333333333,1.4,0.3333333333333333,90.0,0.0,0.0,0.0,0.0,0.0,0.2333333333333333,0.9333333333333332,0.0,0.0,2.0,0.4,0.0,27,0.73,4.9,Leeds,11,1,4.93,Wolves,20,0,4.92,Chelsea,7,1,4.93,Man Utd,14,0,4.9,West Ham,19,1,4.92,0,0,False,True,4.91,🔴 Tough,-0.73,0.51,0.46,0.102
754,George Hemmings,Midfielder,Aston Villa,4.5,2,a,100,False,False,1,650,1.0,2,0.0,0.2,0.0,0.0,0.0,0.0,0.0,0.0,0.0,0.0,0.0,0.0,0.0,1.0,0.4,0.0,27,0.08,4.9,Leeds,11,1,4.93,Wolves,20,0,4.92,Chelsea,7,1,4.93,Man Utd,14,0,4.9,West Ham,19,1,4.92,0,0,False,True,4.91,🔴 Tough,-0.08,0.06,0.05,0.011
757,Ronnie Hollingshead,Goalkeeper,Aston Villa,4.0,2,a,100,False,False,1,650,1.0,2,0.0,0.0,0.0,0.0,0.0,0.0,0.0,0.0,0.0,0.0,0.0,0.0,0.0,0.0,0.4,0.0,27,0.07,4.9,Leeds,11,1,4.93,Wolves,20,0,4.92,Chelsea,7,1,4.93,Man Utd,14,0,4.9,West Ham,19,1,4.92,0,0,False,True,4.91,🔴 Tough,0.0,0.07,0.06,0.015
768,Leon Routh,Defender,Aston Villa,4.0,2,a,100,False,False,1,650,1.0,2,0.0,0.0,0.0,0.0,0.0,0.0,0.0,0.0,0.0,0.0,0.0,0.0,0.0,0.0,0.4,0.0,27,0.0,4.9,Leeds,11,1,4.93,Wolves,20,0,4.92,Chelsea,7,1,4.93,Man Utd,14,0,4.9,West Ham,19,1,4.92,0,0,False,True,4.91,🔴 Tough,0.0,0.0,0.0,0.0
781,TJ Carroll,Defender,Aston Villa,4.0,2,a,100,False,False,1,650,1.0,2,0.0,0.0,0.0,0.0,0.0,0.0,0.0,0.0,0.0,0.0,0.0,0.0,0.0,0.0,0.4,0.0,27,0.0,4.9,Leeds,11,1,4.93,Wolves,20,0,4.92,Chelsea,7,1,4.93,Man Utd,14,0,4.9,West Ham,19,1,4.92,0,0,False,True,4.91,🔴 Tough,0.0,0.0,0.0,0.0
808,Tammy Abraham,Forward,Aston Villa,6.0,2,a,100,False,False,1,650,1.0,2,1.5,1.5,47.0,2.8723404255319145,0.0,0.0,0.0,0.0,18.5,6.05,3.6,0.0,0.0,2.0,0.5,0.0,27,1.61,4.9,Leeds,11,1,4.93,Wolves,20,0,4.92,Chelsea,7,1,4.93,Man Utd,14,0,4.9,West Ham,19,1,4.92,0,0,False,True,4.91,🔴 Tough,0.0,1.61,1.38,0.23
183,Max Weiß,Goalkeeper,Burnley,4.3,3,a,100,False,False,0,555,1.0,4,0.0,0.0,0.0,0.0,0.0,0.0,0.0,0.0,0.0,0.0,0.0,0.0,0.0,0.0,0.6,0.0,27,0.16,4.92,Chelsea,7,0,4.93,Brentford,5,1,4.94,Everton,9,0,4.89,Bournemouth,4,1,4.91,Fulham,10,0,4.92,0,0,False,False,4.92,🔴 Tough,-0.16,0.11,0.09,0.021
185,Václav Hladký,Goalkeeper,Burnley,3.9,3,a,100,False,False,0,555,1.0,4,0.0,0.0,0.0,0.0,0.0,0.0,0.0,0.0,0.0,0.0,0.0,0.0,0.0,0.0,0.6,0.0,27,0.05,4.92,Chelsea,7,0,4.93,Brentford,5,1,4.94,Everton,9,0,4.89,Bournemouth,4,1,4.91,Fulham,10,0,4.92,0,0,False,False,4.92,🔴 Tough,-0.05,0.04,0.03,0.008
187,Kyle Walker,Defender,Burnley,4.4,3,a,100,False,False,0,555,1.0,4,1.6666666666666667,1.6,90.0,1.666666666666667,0.0,0.3333333333333333,0.0,0.0,0.0,20.53333333333333,20.53333333333333,0.0,0.3333333333333333,5.0,0.6,0.0,27,0.89,4.92,Chelsea,7,0,4.93,Brentford,5,1,4.94,Everton,9,0,4.89,Bournemouth,4,1,4.91,Fulham,10,0,4.92,0,0,False,False,4.92,🔴 Tough,-0.89,0.62,0.53,0.12
190,Hjalmar Ekdal,Defender,Burnley,3.9,3,a,100,False,False,0,555,1.0,4,0.0,0.2,0.0,0.0,0.0,0.0,0.0,0.0,0.0,0.0,0.0,0.0,0.0,1.0,0.6,0.0,27,0.03,4.92,Chelsea,7,0,4.93,Brentford,5,1,4.94,Everton,9,0,4.89,Bournemouth,4,1,4.91,Fulham,10,0,4.92,0,0,False,False,4.92,🔴 Tough,-0.03,0.02,0.02,0.005
191,Maxime Estève,Defender,Burnley,3.9,3,a,100,False,False,0,555,1.0,4,2.333333333333333,2.4,90.0,2.333333333333333,0.0,0.0,0.0,0.0,2.6666666666666665,6.033333333333334,25.133333333333336,0.0,0.0,5.0,0.6,0.0,27,1.52,4.92,Chelsea,7,0,4.93,Brentford,5,1,4.94,Everton,9,0,4.89,Bournemouth,4,1,4.91,Fulham,10,0,4.92,0,0,False,False,4.92,🔴 Tough,1.48,1.96,1.67,0.428
192,Quilindschy Hartman,Defender,Burnley,4.0,3,a,100,False,False,0,555,1.0,4,0.0,0.0,0.0,0.0,0.0,0.0,0.0,0.0,0.0,0.0,0.0,0.0,0.0,0.0,0.6,0.0,27,0.0,4.92,Chelsea,7,0,4.93,Brentford,5,1,4.94,Everton,9,0,4.89,Bournemouth,4,1,4.91,Fulham,10,0,4.92,0,0,False,False,4.92,🔴 Tough,1.0,0.3,0.26,0.065
193,Bashir Humphreys,Defender,Burnley,3.9,3,a,100,False,False,0,555,1.0,4,1.3333333333333333,2.8,90.0,1.3333333333333333,0.0,0.0,0.0,0.0,2.333333333333333,14.9,20.13333333333333,0.0,0.3333333333333333,5.0,0.6,0.0,27,1.22,4.92,Chelsea,7,0,4.93,Brentford,5,1,4.94,Everton,9,0,4.89,Bournemouth,4,1,4.91,Fulham,10,0,4.92,0,0,False,False,4.92,🔴 Tough,-1.22,0.85,0.72,0.185
195,Lucas Pires Silva,Defender,Burnley,3.8,3,a,100,False,False,0,555,1.0,4,1.0,1.6,90.0,1.0,0.0,0.0,0.0,0.0,1.3333333333333333,24.53333333333333,16.733333333333334,0.0,0.0,5.0,0.6,0.0,27,0.8,4.92,Chelsea,7,0,4.93,Brentford,5,1,4.94,Everton,9,0,4.89,Bournemouth,4,1,4.91,Fulham,10,0,4.92,0,0,False,False,4.92,🔴 Tough,-0.8,0.56,0.48,0.126
199,Joe Worrall,Defender,Burnley,3.8,3,a,100,False,False,0,555,1.0,4,0.0,0.0,0.0,0.0,0.0,0.0,0.0,0.0,0.0,0.0,0.0,0.0,0.0,0.0,0.6,0.0,27,0.0,4.92,Chelsea,7,0,4.93,Brentford,5,1,4.94,Everton,9,0,4.89,Bournemouth,4,1,4.91,Fulham,10,0,4.92,0,0,False,False,4.92,🔴 Tough,0.0,0.0,0.0,0.0
200,Jaidon Anthony,Midfielder,Burnley,5.0,3,a,100,False,False,0,555,1.0,4,1.6666666666666667,2.6,78.0,1.9230769230769231,0.0,0.0,0.0,0.0,12.0,21.866666666666674,10.266666666666667,0.0,0.3333333333333333,5.0,0.6,0.0,27,3.79,4.92,Chelsea,7,0,4.93,Brentford,5,1,4.94,Everton,9,0,4.89,Bournemouth,4,1,4.91,Fulham,10,0,4.92,0,0,False,False,4.92,🔴 Tough,-1.79,3.25,2.57,0.514
202,Jacob Bruun Larsen,Midfielder,Burnley,5.3,3,a,100,False,False,0,555,1.0,4,0.6666666666666666,0.4,11.333333333333334,5.294117647058823,0.0,0.0,0.0,0.0,0.0,0.8999999999999995,0.4666666666666666,0.0,0.0,2.0,0.6,0.0,27,1.03,4.92,Chelsea,7,0,4.93,Brentford,5,1,4.94,Everton,9,0,4.89,Bournemouth,4,1,4.91,Fulham,10,0,4.92,0,0,False,False,4.92,🔴 Tough,-0.03,1.02,0.81,0.153
203,Enock Agyei,Midfielder,Burnley,4.7,3,a,100,False,False,0,555,1.0,4,0.0,0.0,0.0,0.0,0.0,0.0,0.0,0.0,0.0,0.0,0.0,0.0,0.0,0.0,0.6,0.0,27,0.07,4.92,Chelsea,7,0,4.93,Brentford,5,1,4.94,Everton,9,0,4.89,Bournemouth,4,1,4.91,Fulham,10,0,4.92,0,0,False,False,4.92,🔴 Tough,-0.07,0.05,0.04,0.009
206,Marcus Edwards,Midfielder,Burnley,4.7,3,a,100,False,False,0,555,1.0,4,2.0,4.0,72.66666666666667,2.477064220183486,0.0,0.0,0.0,0.0,13.666666666666666,10.533333333333331,5.2,0.0,0.0,5.0,0.6,0.0,27,2.59,4.92,Chelsea,7,0,4.93,Brentford,5,1,4.94,Everton,9,0,4.89,Bournemouth,4,1,4.91,Fulham,10,0,4.92,0,0,False,False,4.92,🔴 Tough,-2.59,1.81,1.43,0.304
207,Hannibal Mejbri,Midfielder,Burnley,4.7,3,a,100,False,False,0,555,1.0,4,1.0,0.8,31.666666666666668,2.8421052631578947,0.0,0.0,0.0,0.0,0.6666666666666666,11.6,4.4,0.0,0.0,4.0,0.6,0.0,27,4.15,4.92,Chelsea,7,0,4.93,Brentford,5,1,4.94,Everton,9,0,4.89,Bournemouth,4,1,4.91,Fulham,10,0,4.92,0,0,False,False,4.92,🔴 Tough,-4.15,2.9,2.29,0.487
209,Josh Laurent,Midfielder,Burnley,4.8,3,a,100,False,False,0,555,1.0,4,0.3333333333333333,1.2,37.0,0.8108108108108109,0.0,0.0,0.0,0.0,1.3333333333333333,7.466666666666666,5.333333333333333,0.0,0.6666666666666666,5.0,0.6,0.0,27,2.29,4.92,Chelsea,7,0,4.93,Brentford,5,1,4.94,Everton,9,0,4.89,Bournemouth,4,1,4.91,Fulham,10,0,4.92,0,0,False,False,4.92,🔴 Tough,-1.29,1.9,1.5,0.312
210,Loum Tchaouna,Midfielder,Burnley,4.9,3,a,100,False,False,0,555,1.0,4,0.6666666666666666,0.6,14.666666666666666,4.090909090909091,0.0,0.0,0.0,0.0,0.0,0.4999999999999994,0.9333333333333332,0.0,0.0,3.0,0.6,0.0,27,0.82,4.92,Chelsea,7,0,4.93,Brentford,5,1,4.94,Everton,9,0,4.89,Bournemouth,4,1,4.91,Fulham,10,0,4.92,0,0,False,False,4.92,🔴 Tough,1.18,1.17,0.92,0.188
215,Zian Flemming,Forward,Burnley,5.3,3,a,100,False,False,0,555,1.0,4,1.0,0.6,31.0,2.903225806451613,0.0,0.0,0.0,0.0,25.0,1.9666666666666663,1.0666666666666669,0.0,0.0,2.0,0.6,0.0,27,2.95,4.92,Chelsea,7,0,4.93,Brentford,5,1,4.94,Everton,9,0,4.89,Bournemouth,4,1,4.91,Fulham,10,0,4.92,0,0,False,False,4.92,🔴 Tough,-0.95,2.66,2.1,0.396
217,Lyle Foster,Forward,Burnley,4.9,3,a,100,False,False,0,555,1.0,4,2.6666666666666665,1.8,35.333333333333336,6.792452830188679,0.3333333333333333,0.0,0.0,0.0,12.0,0.9333333333333332,13.266666666666666,0.0,0.0,5.0,0.6,0.0,27,1.37,4.92,Chelsea,7,0,4.93,Brentford,5,1,4.94,Everton,9,0,4.89,Bournemouth,4,1,4.91,Fulham,10,0,4.92,0,0,False,False,4.92,🔴 Tough,-0.37,1.26,0.99,0.202
218,Ashley Barnes,Forward,Burnley,4.2,3,a,100,False,False,0,555,1.0,4,0.0,-0.2,0.0,0.0,0.0,0.0,0.0,0.0,0.0,0.0,0.0,0.0,0.0,0.0,0.6,0.0,27,0.02,4.92,Chelsea,7,0,4.93,Brentford,5,1,4.94,Everton,9,0,4.89,Bournemouth,4,1,4.91,Fulham,10,0,4.92,0,0,False,False,4.92,🔴 Tough,-0.02,0.01,0.01,0.002
470,Martin Dúbravka,Goalkeeper,Burnley,4.0,3,a,100,False,False,0,555,1.0,4,2.333333333333333,3.0,90.0,2.333333333333333,0.0,0.0,0.0,0.3333333333333333,0.0,0.0,34.6,4.666666666666667,0.3333333333333333,5.0,0.6,0.0,27,1.19,4.92,Chelsea,7,0,4.93,Brentford,5,1,4.94,Everton,9,0,4.89,Bournemouth,4,1,4.91,Fulham,10,0,4.92,0,0,False,False,4.92,🔴 Tough,0.81,1.43,1.17,0.292
614,James Ward-Prowse,Midfielder,Burnley,5.6,3,a,100,False,False,0,555,1.0,4,0.0,0.0,0.0,0.0,0.0,0.0,0.0,0.0,0.0,0.0,0.0,0.0,0.0,0.0,0.6,0.0,27,0.14,4.92,Chelsea,7,0,4.93,Brentford,5,1,4.94,Everton,9,0,4.89,Bournemouth,4,1,4.91,Fulham,10,0,4.92,0,0,False,False,4.92,🔴 Tough,1.86,0.7,0.55,0.098
676,Lesley Ugochukwu,Midfielder,Burnley,5.0,3,a,100,False,False,0,555,1.0,4,1.6666666666666667,2.6,86.0,1.744186046511628,0.0,0.0,0.0,0.0,3.0,7.300000000000002,7.400000000000002,0.0,0.3333333333333333,5.0,0.6,0.0,27,2.22,4.92,Chelsea,7,0,4.93,Brentford,5,1,4.94,Everton,9,0,4.89,Bournemouth,4,1,4.91,Fulham,10,0,4.92,0,0,False,False,4.92,🔴 Tough,-0.22,2.15,1.7,0.34
722,Florentino Ibrain Morris Luís,Midfielder,Burnley,5.0,3,a,100,False,False,0,555,1.0,4,2.0,3.0,58.333333333333336,3.085714285714286,0.0,0.0,0.0,0.0,1.3333333333333333,3.6666666666666656,4.933333333333334,0.0,0.3333333333333333,5.0,0.6,0.0,27,1.52,4.92,Chelsea,7,0,4.93,Brentford,5,1,4.94,Everton,9,0,4.89,Bournemouth,4,1,4.91,Fulham,10,0,4.92,0,0,False,False,4.92,🔴 Tough,0.48,1.66,1.31,0.262
776,Oliver Pimlott,Midfielder,Burnley,4.5,3,a,100,False,False,0,555,1.0,4,0.0,0.0,0.0,0.0,0.0,0.0,0.0,0.0,0.0,0.0,0.0,0.0,0.0,0.0,0.6,0.0,27,0.02,4.92,Chelsea,7,0,4.93,Brentford,5,1,4.94,Everton,9,0,4.89,Bournemouth,4,1,4.91,Fulham,10,0,4.92,0,0,False,False,4.92,🔴 Tough,0.0,0.02,0.02,0.004
784,George Brierley,Midfielder,Burnley,4.5,3,a,100,False,False,0,555,1.0,4,0.0,0.0,0.0,0.0,0.0,0.0,0.0,0.0,0.0,0.0,0.0,0.0,0.0,0.0,0.6,0.0,27,0.02,4.92,Chelsea,7,0,4.93,Brentford,5,1,4.94,Everton,9,0,4.89,Bournemouth,4,1,4.91,Fulham,10,0,4.92,0,0,False,False,4.92,🔴 Tough,0.0,0.02,0.02,0.004
67,Đorđe Petrović,Goalkeeper,Bournemouth,4.5,4,a,100,False,False,0,532,1.0,2,4.666666666666667,3.4,90.0,4.666666666666667,0.0,0.0,0.3333333333333333,0.6666666666666666,0.0,0.0,28.2,4.0,0.0,5.0,0.6,0.0,27,2.03,4.9,West Ham,19,0,4.93,Sunderland,17,1,4.93,Brentford,5,1,4.89,Burnley,3,0,4.93,Man Utd,14,1,4.92,0,0,False,False,4.91,🔴 Tough,-1.03,1.72,1.49,0.331
69,Callan McKenna,Goalkeeper,Bournemouth,3.9,4,a,100,False,False,0,532,1.0,2,0.0,0.0,0.0,0.0,0.0,0.0,0.0,0.0,0.0,0.0,0.0,0.0,0.0,0.0,0.6,0.0,27,0.05,4.9,West Ham,19,0,4.93,Sunderland,17,1,4.93,Brentford,5,1,4.89,Burnley,3,0,4.93,Man Utd,14,1,4.92,0,0,False,False,4.91,🔴 Tough,-0.05,0.04,0.03,0.008
72,Marcos Senesi Barón,Defender,Bournemouth,4.8,4,a,100,False,False,0,532,1.0,2,4.333333333333333,4.4,90.0,4.333333333333333,0.0,0.0,0.3333333333333333,0.0,14.333333333333334,5.5666666666666655,22.53333333333333,0.0,0.0,5.0,0.6,0.0,27,2.94,4.9,West Ham,19,0,4.93,Sunderland,17,1,4.93,Brentford,5,1,4.89,Burnley,3,0,4.93,Man Utd,14,1,4.92,0,0,False,False,4.91,🔴 Tough,0.06,2.96,2.66,0.554
73,Adam Smith,Defender,Bournemouth,4.4,4,a,100,False,False,0,532,1.0,2,2.6666666666666665,1.6,61.333333333333336,3.9130434782608696,0.0,0.0,0.3333333333333333,0.0,0.0,1.3,8.666666666666666,0.0,0.0,4.0,0.6,0.0,27,1.93,4.9,West Ham,19,0,4.93,Sunderland,17,1,4.93,Brentford,5,1,4.89,Burnley,3,0,4.93,Man Utd,14,1,4.92,0,0,False,False,4.91,🔴 Tough,-0.93,1.65,1.48,0.336
74,Adrien Truffert,Defender,Bournemouth,4.5,4,a,100,False,False,0,532,1.0,2,3.6666666666666665,3.2,90.0,3.6666666666666665,0.0,0.0,0.3333333333333333,0.0,1.3333333333333333,2.8666666666666667,16.266666666666666,0.0,0.0,5.0,0.6,0.0,27,4.3,4.9,West Ham,19,0,4.93,Sunderland,17,1,4.93,Brentford,5,1,4.89,Burnley,3,0,4.93,Man Utd,14,1,4.92,0,0,False,False,4.91,🔴 Tough,-4.3,3.01,2.71,0.602
75,Matai Akinmboni,Defender,Bournemouth,3.8,4,d,75,False,False,0,532,1.0,2,0.0,0.0,0.0,0.0,0.0,0.0,0.0,0.0,0.0,0.0,0.0,0.0,0.0,0.0,0.6,0.0,27,0.0,4.9,West Ham,19,0,4.93,Sunderland,17,1,4.93,Brentford,5,1,4.89,Burnley,3,0,4.93,Man Utd,14,1,4.92,0,0,False,False,4.91,🔴 Tough,0.0,0.0,0.0,0.0
76,Owen Bevan,Defender,Bournemouth,3.8,4,a,100,False,False,0,532,1.0,2,0.0,0.0,0.0,0.0,0.0,0.0,0.0,0.0,0.0,0.0,0.0,0.0,0.0,0.0,0.6,0.0,27,0.0,4.9,West Ham,19,0,4.93,Sunderland,17,1,4.93,Brentford,5,1,4.89,Burnley,3,0,4.93,Man Utd,14,1,4.92,0,0,False,False,4.91,🔴 Tough,0.0,0.0,0.0,0.0
77,James Hill,Defender,Bournemouth,4.0,4,a,100,False,False,0,532,1.0,2,6.666666666666667,5.0,90.0,6.666666666666668,0.0,0.6666666666666666,0.3333333333333333,0.0,1.3333333333333333,9.166666666666666,32.46666666666666,0.0,0.3333333333333333,5.0,0.6,0.0,27,5.16,4.9,West Ham,19,0,4.93,Sunderland,17,1,4.93,Brentford,5,1,4.89,Burnley,3,0,4.93,Man Utd,14,1,4.92,0,0,False,False,4.91,🔴 Tough,-5.16,3.61,3.25,0.812
85,Tyler Adams,Midfielder,Bournemouth,4.9,4,a,100,False,False,0,532,1.0,2,0.0,0.0,0.0,0.0,0.0,0.0,0.0,0.0,0.0,0.0,0.0,0.0,0.0,0.0,0.6,0.0,27,0.07,4.9,West Ham,19,0,4.93,Sunderland,17,1,4.93,Brentford,5,1,4.89,Burnley,3,0,4.93,Man Utd,14,1,4.92,0,0,False,False,4.91,🔴 Tough,1.93,0.65,0.54,0.11
86,David Brooks,Midfielder,Bournemouth,5.0,4,a,100,False,False,0,532,1.0,2,0.3333333333333333,1.0,1.0,30.0,0.0,0.0,0.0,0.0,0.6666666666666666,0.0999999999999976,0.0,0.0,0.0,2.0,0.6,0.0,27,0.39,4.9,West Ham,19,0,4.93,Sunderland,17,1,4.93,Brentford,5,1,4.89,Burnley,3,0,4.93,Man Utd,14,1,4.92,0,0,False,False,4.91,🔴 Tough,0.61,0.57,0.47,0.094
87,Ryan Christie,Midfielder,Bournemouth,4.9,4,a,100,False,False,0,532,1.0,2,1.0,0.8,23.33333333333333,3.857142857142857,0.0,0.0,0.0,0.0,13.666666666666666,16.1,9.8,0.0,0.0,4.0,0.6,0.0,27,2.09,4.9,West Ham,19,0,4.93,Sunderland,17,1,4.93,Brentford,5,1,4.89,Burnley,3,0,4.93,Man Utd,14,1,4.92,0,0,False,False,4.91,🔴 Tough,-1.09,1.76,1.47,0.3
88,Lewis Cook,Midfielder,Bournemouth,4.9,4,a,100,False,False,0,532,1.0,2,3.6666666666666665,3.6,90.0,3.6666666666666665,0.0,0.0,0.3333333333333333,0.0,0.6666666666666666,16.8,19.066666666666663,0.0,0.0,5.0,0.6,0.0,27,2.55,4.9,West Ham,19,0,4.93,Sunderland,17,1,4.93,Brentford,5,1,4.89,Burnley,3,0,4.93,Man Utd,14,1,4.92,0,0,False,False,4.91,🔴 Tough,1.45,2.98,2.48,0.506
90,Alex Scott,Midfielder,Bournemouth,5.0,4,a,100,False,False,0,532,1.0,2,6.666666666666667,5.6,90.0,6.666666666666668,0.3333333333333333,0.3333333333333333,0.3333333333333333,1.0,21.0,14.366666666666664,28.666666666666668,0.0,0.0,5.0,0.6,0.0,27,2.57,4.9,West Ham,19,0,4.93,Sunderland,17,1,4.93,Brentford,5,1,4.89,Burnley,3,0,4.93,Man Utd,14,1,4.92,0,0,False,False,4.91,🔴 Tough,-1.57,2.1,1.75,0.35
97,Francisco Evanilson de Lima Barbosa,Forward,Bournemouth,7.0,4,a,100,False,False,0,532,1.0,2,4.0,4.0,87.66666666666667,4.106463878326996,0.3333333333333333,0.0,0.3333333333333333,0.6666666666666666,41.333333333333336,23.166666666666668,18.466666666666665,0.0,0.0,5.0,0.6,-1.0,27,4.35,4.9,West Ham,19,0,4.93,Sunderland,17,1,4.93,Brentford,5,1,4.89,Burnley,3,0,4.93,Man Utd,14,1,4.92,0,0,False,False,4.91,🔴 Tough,0.65,4.54,3.78,0.54
98,Enes Ünal,Forward,Bournemouth,5.4,4,a,100,False,False,0,532,1.0,2,1.0,0.8,2.333333333333333,38.57142857142857,0.0,0.0,0.0,0.0,1.3333333333333333,0.1999999999999999,0.3999999999999999,0.0,0.0,4.0,0.6,0.0,27,1.89,4.9,West Ham,19,0,4.93,Sunderland,17,1,4.93,Brentford,5,1,4.89,Burnley,3,0,4.93,Man Utd,14,1,4.92,0,0,False,False,4.91,🔴 Tough,4.11,3.12,2.6,0.481
100,Junior Kroupi,Forward,Bournemouth,4.7,4,a,100,False,False,0,532,1.0,2,3.333333333333333,3.8,65.66666666666667,4.568527918781726,0.3333333333333333,0.0,0.3333333333333333,0.3333333333333333,13.0,10.633333333333336,15.0,0.0,0.3333333333333333,5.0,0.6,0.0,27,5.63,4.9,West Ham,19,0,4.93,Sunderland,17,1,4.93,Brentford,5,1,4.89,Burnley,3,0,4.93,Man Utd,14,1,4.92,0,0,False,False,4.91,🔴 Tough,-3.63,4.54,3.78,0.804
685,Bafodé Diakité,Defender,Bournemouth,4.2,4,a,100,False,False,0,532,1.0,2,0.3333333333333333,0.6,0.3333333333333333,90.0,0.0,0.0,0.0,0.0,0.0,0.0,0.0,0.0,0.0,3.0,0.6,0.0,27,0.23,4.9,West Ham,19,0,4.93,Sunderland,17,1,4.93,Brentford,5,1,4.89,Burnley,3,0,4.93,Man Utd,14,1,4.92,0,0,False,False,4.91,🔴 Tough,-0.23,0.16,0.14,0.033
687,Remy Rees-Dottin,Midfielder,Bournemouth,4.3,4,a,100,False,False,0,532,1.0,2,0.0,0.0,0.0,0.0,0.0,0.0,0.0,0.0,0.0,0.0,0.0,0.0,0.0,0.0,0.6,0.0,27,0.02,4.9,West Ham,19,0,4.93,Sunderland,17,1,4.93,Brentford,5,1,4.89,Burnley,3,0,4.93,Man Utd,14,1,4.92,0,0,False,False,4.91,🔴 Tough,-0.02,0.01,0.01,0.002
697,Amine Adli,Midfielder,Bournemouth,5.4,4,a,100,False,False,0,532,1.0,2,5.666666666666667,4.8,82.33333333333333,6.194331983805669,0.3333333333333333,0.3333333333333333,0.3333333333333333,0.3333333333333333,24.666666666666668,30.166666666666668,27.933333333333326,0.0,0.3333333333333333,5.0,0.6,0.0,27,4.9,4.9,West Ham,19,0,4.93,Sunderland,17,1,4.93,Brentford,5,1,4.89,Burnley,3,0,4.93,Man Utd,14,1,4.92,0,0,False,False,4.91,🔴 Tough,-3.9,3.73,3.11,0.576
713,Álex Jiménez Sánchez,Defender,Bournemouth,4.5,4,a,100,False,False,0,532,1.0,2,4.333333333333333,3.0,84.66666666666667,4.606299212598424,0.3333333333333333,0.0,0.3333333333333333,0.0,23.0,6.866666666666667,26.53333333333333,0.0,0.6666666666666666,5.0,0.6,0.0,27,2.26,4.9,West Ham,19,0,4.93,Sunderland,17,1,4.93,Brentford,5,1,4.89,Burnley,3,0,4.93,Man Utd,14,1,4.92,0,0,False,False,4.91,🔴 Tough,-1.26,1.88,1.69,0.376
721,Veljko Milosavljevic,Defender,Bournemouth,4.4,4,a,100,False,False,0,532,1.0,2,0.0,0.4,0.0,0.0,0.0,0.0,0.0,0.0,0.0,0.0,0.0,0.0,0.0,2.0,0.6,0.0,27,0.15,4.9,West Ham,19,0,4.93,Sunderland,17,1,4.93,Brentford,5,1,4.89,Burnley,3,0,4.93,Man Utd,14,1,4.92,0,0,False,False,4.91,🔴 Tough,-0.15,0.1,0.09,0.02
756,Malcom DaCosta,Midfielder,Bournemouth,4.5,4,a,100,False,False,0,532,1.0,2,0.0,0.0,0.0,0.0,0.0,0.0,0.0,0.0,0.0,0.0,0.0,0.0,0.0,0.0,0.6,0.0,27,0.02,4.9,West Ham,19,0,4.93,Sunderland,17,1,4.93,Brentford,5,1,4.89,Burnley,3,0,4.93,Man Utd,14,1,4.92,0,0,False,False,4.91,🔴 Tough,0.0,0.02,0.02,0.004
782,Fraser Forster,Goalkeeper,Bournemouth,4.0,4,a,100,False,False,0,532,1.0,2,0.0,0.0,0.0,0.0,0.0,0.0,0.0,0.0,0.0,0.0,0.0,0.0,0.0,0.0,0.6,0.0,27,0.04,4.9,West Ham,19,0,4.93,Sunderland,17,1,4.93,Brentford,5,1,4.89,Burnley,3,0,4.93,Man Utd,14,1,4.92,0,0,False,False,4.91,🔴 Tough,0.0,0.04,0.03,0.008
799,Charlie Stevens,Midfielder,Bournemouth,4.5,4,a,100,False,False,0,532,1.0,2,0.0,0.0,0.0,0.0,0.0,0.0,0.0,0.0,0.0,0.0,0.0,0.0,0.0,0.0,0.5,0.0,27,0.04,4.9,West Ham,19,0,4.93,Sunderland,17,1,4.93,Brentford,5,1,4.89,Burnley,3,0,4.93,Man Utd,14,1,4.92,0,0,False,False,4.91,🔴 Tough,0.0,0.04,0.03,0.007
801,Alex Tóth,Midfielder,Bournemouth,5.0,4,a,100,False,False,0,532,1.0,2,0.6666666666666666,0.6666666666666666,3.0,20.0,0.0,0.0,0.0,0.0,1.3333333333333333,0.1333333333333333,0.3999999999999999,0.0,0.0,2.0,0.6666666666666666,0.0,27,0.51,4.9,West Ham,19,0,4.93,Sunderland,17,1,4.93,Brentford,5,1,4.89,Burnley,3,0,4.93,Man Utd,14,1,4.92,0,0,False,False,4.91,🔴 Tough,0.0,0.51,0.42,0.084
806,Christos Mandas,Goalkeeper,Bournemouth,4.0,4,a,100,False,False,0,532,1.0,2,0.0,0.0,0.0,0.0,0.0,0.0,0.0,0.0,0.0,0.0,0.0,0.0,0.0,0.0,0.5,0.0,27,0.04,4.9,West Ham,19,0,4.93,Sunderland,17,1,4.93,Brentford,5,1,4.89,Burnley,3,0,4.93,Man Utd,14,1,4.92,0,0,False,False,4.91,🔴 Tough,0.0,0.04,0.03,0.008
807,Rayan Vitor Simplício Rocha,Midfielder,Bournemouth,5.5,4,a,100,False,False,0,532,1.0,2,6.5,6.5,54.0,10.833333333333332,0.5,0.5,0.0,1.0,15.5,17.65,28.4,0.0,0.0,2.0,0.5,0.0,27,4.71,4.9,West Ham,19,0,4.93,Sunderland,17,1,4.93,Brentford,5,1,4.89,Burnley,3,0,4.93,Man Utd,14,1,4.92,0,0,False,False,4.91,🔴 Tough,0.0,4.71,3.92,0.713
27,Reiss Nelson,Midfielder,Brentford,4.8,5,a,100,False,False,1,412,1.0,3,0.0,0.2,0.0,0.0,0.0,0.0,0.0,0.0,0.0,0.0,0.0,0.0,0.0,1.0,0.4,0.0,27,0.13,4.94,Brighton,6,1,4.89,Burnley,3,0,4.89,Bournemouth,4,0,4.93,Wolves,20,1,4.9,Leeds,11,0,4.91,0,0,False,True,4.92,🔴 Tough,-0.13,0.09,0.08,0.017
83,Dango Ouattara,Midfielder,Brentford,5.8,5,a,100,False,False,1,412,1.0,3,7.0,4.4,67.33333333333333,9.356435643564357,0.6666666666666666,0.3333333333333333,0.0,1.3333333333333333,32.333333333333336,23.46666666666667,35.4,0.0,0.0,4.0,0.4,0.0,27,2.34,4.94,Brighton,6,1,4.89,Burnley,3,0,4.89,Bournemouth,4,0,4.93,Wolves,20,1,4.9,Leeds,11,0,4.91,0,0,False,True,4.92,🔴 Tough,2.66,3.14,2.75,0.474
101,Caoimhín Kelleher,Goalkeeper,Brentford,4.6,5,a,100,False,False,1,412,1.0,3,4.0,5.2,90.0,4.0,0.0,0.0,0.3333333333333333,1.0,0.0,0.0,17.266666666666662,2.0,0.0,5.0,0.4,0.0,27,2.2,4.94,Brighton,6,1,4.89,Burnley,3,0,4.89,Bournemouth,4,0,4.93,Wolves,20,1,4.9,Leeds,11,0,4.91,0,0,False,True,4.92,🔴 Tough,-0.2,2.14,1.84,0.4
102,Ellery Balcombe,Goalkeeper,Brentford,3.9,5,a,100,False,False,1,412,1.0,3,0.0,0.0,0.0,0.0,0.0,0.0,0.0,0.0,0.0,0.0,0.0,0.0,0.0,0.0,0.4,0.0,27,0.06,4.94,Brighton,6,1,4.89,Burnley,3,0,4.89,Bournemouth,4,0,4.93,Wolves,20,1,4.9,Leeds,11,0,4.91,0,0,False,True,4.92,🔴 Tough,-0.06,0.04,0.03,0.008
104,Julian Eyestone,Goalkeeper,Brentford,3.9,5,a,100,False,False,1,412,1.0,3,0.0,0.0,0.0,0.0,0.0,0.0,0.0,0.0,0.0,0.0,0.0,0.0,0.0,0.0,0.4,0.0,27,0.06,4.94,Brighton,6,1,4.89,Burnley,3,0,4.89,Bournemouth,4,0,4.93,Wolves,20,1,4.9,Leeds,11,0,4.91,0,0,False,True,4.92,🔴 Tough,-0.06,0.04,0.03,0.008
105,Hákon Rafn Valdimarsson,Goalkeeper,Brentford,3.9,5,a,100,False,False,1,412,1.0,3,0.0,0.0,0.0,0.0,0.0,0.0,0.0,0.0,0.0,0.0,0.0,0.0,0.0,0.0,0.4,0.0,27,0.06,4.94,Brighton,6,1,4.89,Burnley,3,0,4.89,Bournemouth,4,0,4.93,Wolves,20,1,4.9,Leeds,11,0,4.91,0,0,False,True,4.92,🔴 Tough,-0.06,0.04,0.03,0.008
106,Nathan Collins,Defender,Brentford,5.0,5,a,100,False,False,1,412,1.0,3,0.6666666666666666,3.2,40.0,1.5,0.0,0.0,0.0,0.0,5.0,0.8333333333333345,8.066666666666661,0.0,0.0,4.0,0.4,0.0,27,1.0,4.94,Brighton,6,1,4.89,Burnley,3,0,4.89,Bournemouth,4,0,4.93,Wolves,20,1,4.9,Leeds,11,0,4.91,0,0,False,True,4.92,🔴 Tough,0.0,1.0,0.92,0.184
107,Keane Lewis-Potter,Defender,Brentford,4.8,5,a,100,False,False,1,412,1.0,3,1.0,2.0,34.0,2.647058823529412,0.0,0.0,0.0,0.0,5.0,0.6,3.466666666666667,0.0,0.0,5.0,0.4,0.0,27,2.68,4.94,Brighton,6,1,4.89,Burnley,3,0,4.89,Bournemouth,4,0,4.93,Wolves,20,1,4.9,Leeds,11,0,4.91,0,0,False,True,4.92,🔴 Tough,-2.68,1.88,1.72,0.358
108,Kristoffer Ajer,Defender,Brentford,4.4,5,a,100,False,False,1,412,1.0,3,3.6666666666666665,3.6,72.0,4.583333333333333,0.0,0.0,0.3333333333333333,0.0,5.666666666666667,0.6666666666666666,19.73333333333333,0.0,0.3333333333333333,5.0,0.4,0.0,27,2.31,4.94,Brighton,6,1,4.89,Burnley,3,0,4.89,Bournemouth,4,0,4.93,Wolves,20,1,4.9,Leeds,11,0,4.91,0,0,False,True,4.92,🔴 Tough,1.69,2.82,2.58,0.586
109,Rico Henry,Defender,Brentford,4.3,5,a,100,False,False,1,412,1.0,3,3.0,3.2,79.66666666666667,3.389121338912134,0.0,0.0,0.3333333333333333,0.0,1.0,5.5,7.133333333333334,0.0,0.0,5.0,0.4,0.0,27,2.3,4.94,Brighton,6,1,4.89,Burnley,3,0,4.89,Bournemouth,4,0,4.93,Wolves,20,1,4.9,Leeds,11,0,4.91,0,0,False,True,4.92,🔴 Tough,-2.3,1.61,1.48,0.344
110,Michael Kayode,Defender,Brentford,4.5,5,a,100,False,False,1,412,1.0,3,2.333333333333333,2.8,86.66666666666667,2.423076923076924,0.0,0.0,0.3333333333333333,0.0,0.0,11.033333333333331,9.399999999999997,0.0,0.3333333333333333,5.0,0.4,0.0,27,1.98,4.94,Brighton,6,1,4.89,Burnley,3,0,4.89,Bournemouth,4,0,4.93,Wolves,20,1,4.9,Leeds,11,0,4.91,0,0,False,True,4.92,🔴 Tough,-0.98,1.69,1.55,0.344
111,Ethan Pinnock,Defender,Brentford,4.2,5,a,100,False,False,1,412,1.0,3,0.0,0.0,0.0,0.0,0.0,0.0,0.0,0.0,0.0,0.0,0.0,0.0,0.0,0.0,0.4,0.0,27,0.01,4.94,Brighton,6,1,4.89,Burnley,3,0,4.89,Bournemouth,4,0,4.93,Wolves,20,1,4.9,Leeds,11,0,4.91,0,0,False,True,4.92,🔴 Tough,-0.01,0.01,0.01,0.002
113,Sepp van den Berg,Defender,Brentford,4.5,5,a,100,False,False,1,412,1.0,3,3.333333333333333,2.0,77.66666666666667,3.862660944206009,0.0,0.0,0.3333333333333333,0.6666666666666666,3.6666666666666665,4.233333333333333,18.133333333333336,0.0,0.0,3.0,0.4,0.0,27,3.36,4.94,Brighton,6,1,4.89,Burnley,3,0,4.89,Bournemouth,4,0,4.93,Wolves,20,1,4.9,Leeds,11,0,4.91,0,0,False,True,4.92,🔴 Tough,-0.36,3.25,2.98,0.662
116,Aaron Hickey,Defender,Brentford,4.0,5,a,100,False,False,1,412,1.0,3,0.6666666666666666,0.8,9.666666666666666,6.206896551724138,0.0,0.0,0.0,0.0,0.0,0.1999999999999999,5.466666666666666,0.0,0.0,4.0,0.4,0.0,27,0.3,4.94,Brighton,6,1,4.89,Burnley,3,0,4.89,Bournemouth,4,0,4.93,Wolves,20,1,4.9,Leeds,11,0,4.91,0,0,False,True,4.92,🔴 Tough,0.7,0.51,0.47,0.118
120,Kevin Schade,Midfielder,Brentford,6.9,5,a,100,False,False,1,412,1.0,3,0.0,1.4,43.66666666666666,0.0,0.0,0.0,0.0,0.0,10.0,9.9,3.4,0.0,0.0,4.0,0.4,-1.0,27,0.76,4.94,Brighton,6,1,4.89,Burnley,3,0,4.89,Bournemouth,4,0,4.93,Wolves,20,1,4.9,Leeds,11,0,4.91,0,0,False,True,4.92,🔴 Tough,1.24,1.13,0.99,0.143
121,Mikkel Damsgaard,Midfielder,Brentford,5.6,5,a,100,False,False,1,412,1.0,3,0.6666666666666666,1.4,13.0,4.615384615384615,0.0,0.0,0.0,0.0,3.333333333333333,4.833333333333331,1.933333333333336,0.0,0.0,4.0,0.4,0.0,27,0.94,4.94,Brighton,6,1,4.89,Burnley,3,0,4.89,Bournemouth,4,0,4.93,Wolves,20,1,4.9,Leeds,11,0,4.91,0,0,False,True,4.92,🔴 Tough,1.06,1.26,1.1,0.196
124,Jordan Henderson,Midfielder,Brentford,5.0,5,a,100,False,False,1,412,1.0,3,1.0,0.8,41.0,2.1951219512195124,0.0,0.0,0.0,0.0,0.0,1.4333333333333331,3.9333333333333336,0.0,0.0,4.0,0.4,0.0,27,2.9,4.94,Brighton,6,1,4.89,Burnley,3,0,4.89,Bournemouth,4,0,4.93,Wolves,20,1,4.9,Leeds,11,0,4.91,0,0,False,True,4.92,🔴 Tough,-0.9,2.63,2.31,0.462
125,Vitaly Janelt,Midfielder,Brentford,4.9,5,a,100,False,False,1,412,1.0,3,5.0,4.6,90.0,5.0,0.3333333333333333,0.0,0.3333333333333333,1.0,7.666666666666667,17.266666666666666,27.066666666666663,0.0,0.6666666666666666,5.0,0.4,0.0,27,2.16,4.94,Brighton,6,1,4.89,Burnley,3,0,4.89,Bournemouth,4,0,4.93,Wolves,20,1,4.9,Leeds,11,0,4.91,0,0,False,True,4.92,🔴 Tough,-2.16,1.51,1.32,0.269
126,Mathias Jensen,Midfielder,Brentford,4.9,5,a,100,False,False,1,412,1.0,3,4.333333333333333,3.6,83.66666666666667,4.661354581673306,0.0,0.6666666666666666,0.3333333333333333,0.0,9.666666666666666,23.46666666666667,15.266666666666666,0.0,0.0,5.0,0.4,0.0,27,2.29,4.94,Brighton,6,1,4.89,Burnley,3,0,4.89,Bournemouth,4,0,4.93,Wolves,20,1,4.9,Leeds,11,0,4.91,0,0,False,True,4.92,🔴 Tough,-1.29,1.9,1.67,0.341
129,Yehor Yarmoliuk,Midfielder,Brentford,5.0,5,a,100,False,False,1,412,1.0,3,1.6666666666666667,3.0,48.0,3.125,0.0,0.0,0.0,0.0,1.3333333333333333,2.3666666666666667,9.666666666666666,0.0,0.3333333333333333,5.0,0.4,0.0,27,1.18,4.94,Brighton,6,1,4.89,Burnley,3,0,4.89,Bournemouth,4,0,4.93,Wolves,20,1,4.9,Leeds,11,0,4.91,0,0,False,True,4.92,🔴 Tough,0.82,1.43,1.25,0.25
130,Romelle Donovan,Midfielder,Brentford,4.4,5,a,100,False,False,1,412,1.0,3,0.3333333333333333,0.4,3.333333333333333,9.0,0.0,0.0,0.0,0.0,3.0,0.1333333333333333,0.6666666666666666,0.0,0.0,2.0,0.4,0.0,27,0.46,4.94,Brighton,6,1,4.89,Burnley,3,0,4.89,Bournemouth,4,0,4.93,Wolves,20,1,4.9,Leeds,11,0,4.91,0,0,False,True,4.92,🔴 Tough,-0.46,0.32,0.28,0.064
136,Igor Thiago Nascimento Rodrigues,Forward,Brentford,7.0,5,a,100,False,False,1,412,1.0,3,3.0,4.6,90.0,3.0,0.3333333333333333,0.0,0.3333333333333333,0.0,11.0,6.133333333333333,15.199999999999998,0.0,0.3333333333333333,5.0,0.4,-1.0,27,4.56,4.94,Brighton,6,1,4.89,Burnley,3,0,4.89,Bournemouth,4,0,4.93,Wolves,20,1,4.9,Leeds,11,0,4.91,0,0,False,True,4.92,🔴 Tough,-0.56,4.39,3.85,0.55
797,Kaye Furo,Forward,Brentford,4.5,5,a,100,False,False,1,412,1.0,3,0.0,0.0,0.0,0.0,0.0,0.0,0.0,0.0,0.0,0.0,0.0,0.0,0.0,0.0,0.25,0.0,27,0.0,4.94,Brighton,6,1,4.89,Burnley,3,0,4.89,Bournemouth,4,0,4.93,Wolves,20,1,4.9,Leeds,11,0,4.91,0,0,False,True,4.92,🔴 Tough,0.0,0.0,0.0,0.0
810,Luka Bentt,Midfielder,Brentford,4.5,5,a,100,False,False,1,412,1.0,3,0.0,0.0,0.0,0.0,0.0,0.0,0.0,0.0,0.0,0.0,0.0,0.0,0.0,0.0,0.5,0.0,27,0.04,4.94,Brighton,6,1,4.89,Burnley,3,0,4.89,Bournemouth,4,0,4.93,Wolves,20,1,4.9,Leeds,11,0,4.91,0,0,False,True,4.92,🔴 Tough,0.0,0.04,0.04,0.009
138,Jason Steele,Goalkeeper,Brighton,4.2,6,a,100,False,False,0,693,1.0,4,0.0,0.0,0.0,0.0,0.0,0.0,0.0,0.0,0.0,0.0,0.0,0.0,0.0,0.0,0.6,0.0,27,2.75,4.93,Brentford,5,0,4.93,Nott'm Forest,16,1,4.94,Arsenal,1,1,4.93,Sunderland,17,0,4.93,Liverpool,12,1,4.93,0,0,False,False,4.93,🔴 Tough,-2.75,1.92,1.56,0.371
139,Bart Verbruggen,Goalkeeper,Brighton,4.5,6,a,100,False,False,0,693,1.0,4,2.333333333333333,2.4,90.0,2.333333333333333,0.0,0.0,0.0,0.0,0.0,0.0,23.266666666666666,2.6666666666666665,0.0,5.0,0.6,0.0,27,0.94,4.93,Brentford,5,0,4.93,Nott'm Forest,16,1,4.94,Arsenal,1,1,4.93,Sunderland,17,0,4.93,Liverpool,12,1,4.93,0,0,False,False,4.93,🔴 Tough,6.06,2.76,2.25,0.5
140,Tom McGill,Goalkeeper,Brighton,3.9,6,a,100,False,False,0,693,1.0,4,0.0,0.0,0.0,0.0,0.0,0.0,0.0,0.0,0.0,0.0,0.0,0.0,0.0,0.0,0.6,0.0,27,0.08,4.93,Brentford,5,0,4.93,Nott'm Forest,16,1,4.94,Arsenal,1,1,4.93,Sunderland,17,0,4.93,Liverpool,12,1,4.93,0,0,False,False,4.93,🔴 Tough,-0.08,0.06,0.05,0.013
143,Olivier Boscagli,Defender,Brighton,4.2,6,a,100,False,False,0,693,1.0,4,3.0,2.0,59.0,4.576271186440678,0.0,0.3333333333333333,0.0,0.0,1.3333333333333333,4.433333333333334,18.2,0.0,0.0,3.0,0.6,0.0,27,1.71,4.93,Brentford,5,0,4.93,Nott'm Forest,16,1,4.94,Arsenal,1,1,4.93,Sunderland,17,0,4.93,Liverpool,12,1,4.93,0,0,False,False,4.93,🔴 Tough,-1.71,1.2,1.01,0.24
145,Maxim De Cuyper,Defender,Brighton,4.3,6,a,100,False,False,0,693,1.0,4,3.0,2.0,47.0,5.744680851063829,0.0,0.0,0.3333333333333333,0.0,4.666666666666667,5.933333333333334,5.733333333333333,0.0,0.0,4.0,0.6,0.0,27,1.12,4.93,Brentford,5,0,4.93,Nott'm Forest,16,1,4.94,Arsenal,1,1,4.93,Sunderland,17,0,4.93,Liverpool,12,1,4.93,0,0,False,False,4.93,🔴 Tough,-0.12,1.08,0.91,0.212
146,Lewis Dunk,Defender,Brighton,4.5,6,a,100,False,False,0,693,1.0,4,3.6666666666666665,3.2,90.0,3.6666666666666665,0.0,0.0,0.0,0.0,15.0,5.333333333333333,29.73333333333333,0.0,0.0,5.0,0.6,0.0,27,2.65,4.93,Brentford,5,0,4.93,Nott'm Forest,16,1,4.94,Arsenal,1,1,4.93,Sunderland,17,0,4.93,Liverpool,12,1,4.93,0,0,False,False,4.93,🔴 Tough,-1.65,2.15,1.82,0.404
148,Ferdi Kadıoğlu,Defender,Brighton,4.4,6,a,100,False,False,0,693,1.0,4,1.6666666666666667,1.8,90.0,1.666666666666667,0.0,0.0,0.0,0.0,5.666666666666667,13.500000000000002,16.933333333333334,0.0,0.0,5.0,0.6,0.0,27,1.66,4.93,Brentford,5,0,4.93,Nott'm Forest,16,1,4.94,Arsenal,1,1,4.93,Sunderland,17,0,4.93,Liverpool,12,1,4.93,0,0,False,False,4.93,🔴 Tough,0.34,1.76,1.49,0.339
149,Igor Julio dos Santos de Paulo,Defender,Brighton,4.5,6,a,100,False,False,0,693,1.0,4,0.0,0.0,0.0,0.0,0.0,0.0,0.0,0.0,0.0,0.0,0.0,0.0,0.0,0.0,0.8,0.0,27,0.11,4.93,Brentford,5,0,4.93,Nott'm Forest,16,1,4.94,Arsenal,1,1,4.93,Sunderland,17,0,4.93,Liverpool,12,1,4.93,0,0,False,False,4.93,🔴 Tough,-0.11,0.08,0.07,0.016
151,Jan Paul van Hecke,Defender,Brighton,4.4,6,a,100,False,False,0,693,1.0,4,1.0,2.4,60.0,1.5,0.0,0.0,0.0,0.0,3.6666666666666665,2.8000000000000003,12.333333333333334,0.0,0.0,4.0,0.6,0.0,27,1.82,4.93,Brentford,5,0,4.93,Nott'm Forest,16,1,4.94,Arsenal,1,1,4.93,Sunderland,17,0,4.93,Liverpool,12,1,4.93,0,0,False,False,4.93,🔴 Tough,0.18,1.87,1.58,0.359
152,Joël Veltman,Defender,Brighton,4.3,6,a,100,False,False,0,693,1.0,4,0.3333333333333333,0.6,6.666666666666667,4.5,0.0,0.0,0.0,0.0,0.0,0.1666666666666666,2.2666666666666666,0.0,0.0,2.0,0.6,0.0,27,0.73,4.93,Brentford,5,0,4.93,Nott'm Forest,16,1,4.94,Arsenal,1,1,4.93,Sunderland,17,0,4.93,Liverpool,12,1,4.93,0,0,False,False,4.93,🔴 Tough,0.27,0.81,0.68,0.158
156,Charlie Tasker,Defender,Brighton,3.8,6,a,100,False,False,0,693,1.0,4,0.0,0.0,0.0,0.0,0.0,0.0,0.0,0.0,0.0,0.0,0.0,0.0,0.0,0.0,0.6,0.0,27,0.0,4.93,Brentford,5,0,4.93,Nott'm Forest,16,1,4.94,Arsenal,1,1,4.93,Sunderland,17,0,4.93,Liverpool,12,1,4.93,0,0,False,False,4.93,🔴 Tough,0.0,0.0,0.0,0.0
157,Mitoma Kaoru,Midfielder,Brighton,6.1,6,a,100,False,False,0,693,1.0,4,2.0,3.2,90.0,2.0,0.0,0.0,0.0,0.0,17.333333333333332,20.6,8.733333333333334,0.0,0.0,5.0,0.6,0.0,27,3.35,4.93,Brentford,5,0,4.93,Nott'm Forest,16,1,4.94,Arsenal,1,1,4.93,Sunderland,17,0,4.93,Liverpool,12,1,4.93,0,0,False,False,4.93,🔴 Tough,-3.35,2.35,1.84,0.302
158,Georginio Rutter,Midfielder,Brighton,5.6,6,a,100,False,False,0,693,1.0,4,1.3333333333333333,1.4,47.333333333333336,2.535211267605633,0.0,0.0,0.0,0.0,5.333333333333333,5.466666666666666,1.4000000000000048,0.0,0.0,5.0,0.6,0.0,27,0.82,4.93,Brentford,5,0,4.93,Nott'm Forest,16,1,4.94,Arsenal,1,1,4.93,Sunderland,17,0,4.93,Liverpool,12,1,4.93,0,0,False,False,4.93,🔴 Tough,1.18,1.17,0.92,0.164
159,Solly March,Midfielder,Brighton,5.8,6,d,75,False,False,0,693,1.0,4,0.0,0.0,0.0,0.0,0.0,0.0,0.0,0.0,0.0,0.0,0.0,0.0,0.0,0.0,0.6,0.0,27,0.15,4.93,Brentford,5,0,4.93,Nott'm Forest,16,1,4.94,Arsenal,1,1,4.93,Sunderland,17,0,4.93,Liverpool,12,1,4.93,0,0,False,False,4.93,🔴 Tough,-0.15,0.1,0.08,0.014
160,Yankuba Minteh,Midfielder,Brighton,5.6,6,a,100,False,False,0,693,1.0,4,1.0,0.8,19.33333333333333,4.655172413793104,0.0,0.0,0.0,0.0,4.666666666666667,3.8666666666666663,1.4,0.0,0.0,4.0,0.6,-1.0,27,1.34,4.93,Brentford,5,0,4.93,Nott'm Forest,16,1,4.94,Arsenal,1,1,4.93,Sunderland,17,0,4.93,Liverpool,12,1,4.93,0,0,False,False,4.93,🔴 Tough,9.66,4.24,3.32,0.593
163,Jack Hinshelwood,Midfielder,Brighton,5.1,6,a,100,False,False,0,693,1.0,4,0.3333333333333333,1.6,2.6666666666666665,11.25,0.0,0.0,0.0,0.0,0.0,0.5333333333333333,0.5333333333333333,0.0,0.0,3.0,0.6,0.0,27,0.33,4.93,Brentford,5,0,4.93,Nott'm Forest,16,1,4.94,Arsenal,1,1,4.93,Sunderland,17,0,4.93,Liverpool,12,1,4.93,0,0,False,False,4.93,🔴 Tough,6.67,2.33,1.83,0.359
164,Matt O'Riley,Midfielder,Brighton,5.5,6,a,100,False,False,0,693,1.0,4,0.3333333333333333,0.2,2.6666666666666665,11.25,0.0,0.0,0.0,0.0,0.0,0.2666666666666666,0.2666666666666666,0.0,0.0,1.0,0.6,0.0,27,0.52,4.93,Brentford,5,0,4.93,Nott'm Forest,16,1,4.94,Arsenal,1,1,4.93,Sunderland,17,0,4.93,Liverpool,12,1,4.93,0,0,False,False,4.93,🔴 Tough,-0.52,0.36,0.28,0.051
167,Carlos Baleba,Midfielder,Brighton,4.5,6,a,100,False,False,0,693,1.0,4,3.333333333333333,2.2,80.0,3.75,0.0,0.0,0.0,0.0,1.3333333333333333,6.266666666666667,7.333333333333333,0.0,0.0,4.0,0.6,0.0,27,1.6,4.93,Brentford,5,0,4.93,Nott'm Forest,16,1,4.94,Arsenal,1,1,4.93,Sunderland,17,0,4.93,Liverpool,12,1,4.93,0,0,False,False,4.93,🔴 Tough,-0.6,1.42,1.11,0.247
169,Diego Gómez Amarilla,Midfielder,Brighton,4.9,6,a,100,False,False,0,693,1.0,4,0.6666666666666666,1.2,33.0,1.818181818181818,0.0,0.0,0.0,0.0,1.3333333333333333,1.0666666666666669,5.4,0.0,0.3333333333333333,4.0,0.6,0.0,27,2.57,4.93,Brentford,5,0,4.93,Nott'm Forest,16,1,4.94,Arsenal,1,1,4.93,Sunderland,17,0,4.93,Liverpool,12,1,4.93,0,0,False,False,4.93,🔴 Tough,-1.57,2.1,1.65,0.337
170,James Milner,Midfielder,Brighton,4.9,6,a,100,False,False,0,693,1.0,4,0.6666666666666666,0.6,3.333333333333333,18.0,0.0,0.0,0.0,0.0,0.0,0.5333333333333333,0.1999999999999999,0.0,0.0,3.0,0.6,0.0,27,0.45,4.93,Brentford,5,0,4.93,Nott'm Forest,16,1,4.94,Arsenal,1,1,4.93,Sunderland,17,0,4.93,Liverpool,12,1,4.93,0,0,False,False,4.93,🔴 Tough,-0.45,0.32,0.25,0.051
173,Mats Wieffer,Midfielder,Brighton,4.9,6,a,100,False,False,0,693,1.0,4,0.0,0.0,0.0,0.0,0.0,0.0,0.0,0.0,0.0,0.0,0.0,0.0,0.0,0.0,0.6,0.0,27,0.07,4.93,Brentford,5,0,4.93,Nott'm Forest,16,1,4.94,Arsenal,1,1,4.93,Sunderland,17,0,4.93,Liverpool,12,1,4.93,0,0,False,False,4.93,🔴 Tough,3.93,1.25,0.98,0.2
178,Danny Welbeck,Forward,Brighton,6.1,6,a,100,False,False,0,693,1.0,4,1.6666666666666667,1.4,58.333333333333336,2.571428571428571,0.0,0.0,0.3333333333333333,0.0,23.666666666666668,5.533333333333334,4.800000000000001,0.0,0.0,5.0,0.6,0.0,27,3.37,4.93,Brentford,5,0,4.93,Nott'm Forest,16,1,4.94,Arsenal,1,1,4.93,Sunderland,17,0,4.93,Liverpool,12,1,4.93,0,0,False,False,4.93,🔴 Tough,4.63,4.76,3.73,0.611
181,Charalampos Kostoulas,Forward,Brighton,4.8,6,a,100,False,False,0,693,1.0,4,1.0,2.2,34.333333333333336,2.6213592233009706,0.0,0.0,0.0,0.0,9.0,2.733333333333333,4.866666666666666,0.0,0.3333333333333333,4.0,0.6,0.0,27,1.92,4.93,Brentford,5,0,4.93,Nott'm Forest,16,1,4.94,Arsenal,1,1,4.93,Sunderland,17,0,4.93,Liverpool,12,1,4.93,0,0,False,False,4.93,🔴 Tough,-1.92,1.34,1.05,0.219
744,Nehemiah Oriola,Midfielder,Brighton,4.5,6,a,100,False,False,0,693,1.0,4,0.0,0.0,0.0,0.0,0.0,0.0,0.0,0.0,0.0,0.0,0.0,0.0,0.0,0.0,0.6,0.0,27,0.02,4.93,Brentford,5,0,4.93,Nott'm Forest,16,1,4.94,Arsenal,1,1,4.93,Sunderland,17,0,4.93,Liverpool,12,1,4.93,0,0,False,False,4.93,🔴 Tough,-0.02,0.01,0.01,0.002
761,Freddie Simmonds,Defender,Brighton,4.0,6,a,100,False,False,0,693,1.0,4,0.0,0.0,0.0,0.0,0.0,0.0,0.0,0.0,0.0,0.0,0.0,0.0,0.0,0.0,0.6,0.0,27,0.0,4.93,Brentford,5,0,4.93,Nott'm Forest,16,1,4.94,Arsenal,1,1,4.93,Sunderland,17,0,4.93,Liverpool,12,1,4.93,0,0,False,False,4.93,🔴 Tough,0.0,0.0,0.0,0.0
783,Pascal Groß,Midfielder,Brighton,5.5,6,a,100,False,False,0,693,1.0,4,5.333333333333333,4.0,89.0,5.393258426966292,0.3333333333333333,0.0,0.3333333333333333,1.0,9.666666666666666,43.63333333333333,27.46666666666667,0.0,0.3333333333333333,5.0,0.6,0.0,27,1.01,4.93,Brentford,5,0,4.93,Nott'm Forest,16,1,4.94,Arsenal,1,1,4.93,Sunderland,17,0,4.93,Liverpool,12,1,4.93,0,0,False,False,4.93,🔴 Tough,0.0,1.01,0.79,0.144
795,Harry Howell,Midfielder,Brighton,4.5,6,a,100,False,False,0,693,1.0,4,0.6666666666666666,0.4,23.33333333333333,2.571428571428571,0.0,0.0,0.0,0.0,0.0,1.2666666666666666,2.0,0.0,0.0,1.0,0.6,0.0,27,1.1,4.93,Brentford,5,0,4.93,Nott'm Forest,16,1,4.94,Arsenal,1,1,4.93,Sunderland,17,0,4.93,Liverpool,12,1,4.93,0,0,False,False,4.93,🔴 Tough,0.0,1.1,0.86,0.191
220,Robert Lynch Sánchez,Goalkeeper,Chelsea,4.9,7,a,100,False,False,1,883,1.0,1,2.333333333333333,4.0,90.0,2.333333333333333,0.0,0.0,0.0,0.0,0.0,0.0,34.13333333333333,3.6666666666666665,0.0,5.0,0.4,0.0,27,1.48,4.89,Burnley,3,1,4.94,Arsenal,1,0,4.93,Aston Villa,2,0,4.91,Newcastle,15,1,4.94,Everton,9,0,4.92,0,0,False,True,4.91,🔴 Tough,4.52,2.84,2.55,0.52
223,Gabriel Słonina,Goalkeeper,Chelsea,3.9,7,a,100,False,False,1,883,1.0,1,0.0,0.0,0.0,0.0,0.0,0.0,0.0,0.0,0.0,0.0,0.0,0.0,0.0,0.0,0.4,0.0,27,0.39,4.89,Burnley,3,1,4.94,Arsenal,1,0,4.93,Aston Villa,2,0,4.91,Newcastle,15,1,4.94,Everton,9,0,4.92,0,0,False,True,4.91,🔴 Tough,-0.39,0.27,0.24,0.062
225,Reece James,Defender,Chelsea,5.6,7,a,100,False,False,1,883,1.0,1,2.333333333333333,3.0,29.666666666666668,7.078651685393258,0.0,0.0,0.3333333333333333,0.0,1.3333333333333333,8.533333333333333,6.599999999999993,0.0,0.0,4.0,0.4,0.0,27,0.36,4.89,Burnley,3,1,4.94,Arsenal,1,0,4.93,Aston Villa,2,0,4.91,Newcastle,15,1,4.94,Everton,9,0,4.92,0,0,False,True,4.91,🔴 Tough,0.64,0.55,0.53,0.095
226,Trevoh Chalobah,Defender,Chelsea,5.8,7,a,100,False,False,1,883,1.0,1,3.6666666666666665,4.4,90.0,3.6666666666666665,0.0,0.0,0.0,0.0,0.6666666666666666,1.7333333333333332,26.8,0.0,0.0,5.0,0.4,1.0,27,2.14,4.89,Burnley,3,1,4.94,Arsenal,1,0,4.93,Aston Villa,2,0,4.91,Newcastle,15,1,4.94,Everton,9,0,4.92,0,0,False,True,4.91,🔴 Tough,3.86,3.3,3.16,0.545
228,Malo Gusto,Defender,Chelsea,4.9,7,a,100,False,False,1,883,1.0,1,1.3333333333333333,1.2,56.66666666666666,2.117647058823529,0.0,0.0,0.0,0.0,7.666666666666667,16.133333333333333,12.599999999999994,0.0,0.0,4.0,0.4,0.0,27,1.52,4.89,Burnley,3,1,4.94,Arsenal,1,0,4.93,Aston Villa,2,0,4.91,Newcastle,15,1,4.94,Everton,9,0,4.92,0,0,False,True,4.91,🔴 Tough,-0.52,1.36,1.3,0.265
229,Benoît Badiashile Mukinayi,Defender,Chelsea,4.4,7,a,100,False,False,1,883,1.0,1,1.3333333333333333,0.8,45.0,2.6666666666666665,0.0,0.0,0.0,0.0,0.6666666666666666,0.5666666666666668,15.0,0.0,0.0,2.0,0.4,0.0,27,2.15,4.89,Burnley,3,1,4.94,Arsenal,1,0,4.93,Aston Villa,2,0,4.91,Newcastle,15,1,4.94,Everton,9,0,4.92,0,0,False,True,4.91,🔴 Tough,-2.15,1.5,1.44,0.327
230,Wesley Fofana,Defender,Chelsea,4.4,7,a,100,False,False,1,883,1.0,1,2.333333333333333,1.4,50.66666666666666,4.144736842105264,0.0,0.3333333333333333,0.0,0.0,0.0,5.9,22.0,0.0,0.0,4.0,0.4,0.0,27,3.89,4.89,Burnley,3,1,4.94,Arsenal,1,0,4.93,Aston Villa,2,0,4.91,Newcastle,15,1,4.94,Everton,9,0,4.92,0,0,False,True,4.91,🔴 Tough,-3.89,2.72,2.61,0.593
231,Mamadou Sarr,Defender,Chelsea,4.5,7,a,100,False,False,1,883,1.0,1,0.0,0.0,0.0,0.0,0.0,0.0,0.0,0.0,0.0,0.0,0.0,0.0,0.0,0.0,0.4,0.0,27,0.17,4.89,Burnley,3,1,4.94,Arsenal,1,0,4.93,Aston Villa,2,0,4.91,Newcastle,15,1,4.94,Everton,9,0,4.92,0,0,False,True,4.91,🔴 Tough,-0.17,0.12,0.11,0.024
232,Tosin Adarabioyo,Defender,Chelsea,4.0,7,a,100,False,False,1,883,1.0,1,0.0,0.6,0.0,0.0,0.0,0.0,0.0,0.0,0.0,0.0,0.0,0.0,0.0,2.0,0.4,0.0,27,0.16,4.89,Burnley,3,1,4.94,Arsenal,1,0,4.93,Aston Villa,2,0,4.91,Newcastle,15,1,4.94,Everton,9,0,4.92,0,0,False,True,4.91,🔴 Tough,9.84,3.11,2.98,0.745
233,Josh Acheampong,Defender,Chelsea,3.7,7,a,100,False,False,1,883,1.0,1,0.3333333333333333,0.6,5.0,6.0,0.0,0.0,0.0,0.0,0.0,0.5666666666666667,2.8666666666666667,0.0,0.0,3.0,0.4,-1.0,27,0.31,4.89,Burnley,3,1,4.94,Arsenal,1,0,4.93,Aston Villa,2,0,4.91,Newcastle,15,1,4.94,Everton,9,0,4.92,0,0,False,True,4.91,🔴 Tough,-0.31,0.22,0.21,0.057
235,Cole Palmer,Midfielder,Chelsea,10.6,7,a,100,False,False,1,883,1.0,1,7.333333333333333,6.4,50.0,13.2,1.0,0.0,0.0,1.0,23.0,3.3666666666666667,36.6,0.0,0.0,4.0,0.4,1.0,27,14.04,4.89,Burnley,3,1,4.94,Arsenal,1,0,4.93,Aston Villa,2,0,4.91,Newcastle,15,1,4.94,Everton,9,0,4.92,0,0,False,True,4.91,🔴 Tough,-14.04,9.83,9.0,0.849
236,Pedro Lomba Neto,Midfielder,Chelsea,7.0,7,a,100,False,False,1,883,1.0,1,2.333333333333333,3.0,75.66666666666667,2.7753303964757707,0.0,0.0,0.3333333333333333,0.0,8.0,19.700000000000003,6.8666666666666645,0.0,0.0,5.0,0.4,-1.0,27,1.76,4.89,Burnley,3,1,4.94,Arsenal,1,0,4.93,Aston Villa,2,0,4.91,Newcastle,15,1,4.94,Everton,9,0,4.92,0,0,False,True,4.91,🔴 Tough,6.24,3.63,3.32,0.474
237,Enzo Fernández,Midfielder,Chelsea,6.9,7,a,100,False,False,1,883,1.0,1,6.0,5.0,90.0,6.0,0.6666666666666666,0.0,0.0,1.0,26.0,28.5,34.06666666666667,0.0,0.3333333333333333,5.0,0.4,1.0,27,5.21,4.89,Burnley,3,1,4.94,Arsenal,1,0,4.93,Aston Villa,2,0,4.91,Newcastle,15,1,4.94,Everton,9,0,4.92,0,0,False,True,4.91,🔴 Tough,5.79,6.95,6.37,0.923
238,Estêvão Almeida de Oliveira Gonçalves,Midfielder,Chelsea,6.4,7,a,100,False,False,1,883,1.0,1,4.333333333333333,2.6,24.33333333333333,16.027397260273972,0.3333333333333333,0.3333333333333333,0.3333333333333333,0.6666666666666666,13.666666666666666,4.4,17.333333333333332,0.0,0.0,1.0,0.4,0.0,27,1.67,4.89,Burnley,3,1,4.94,Arsenal,1,0,4.93,Aston Villa,2,0,4.91,Newcastle,15,1,4.94,Everton,9,0,4.92,0,0,False,True,4.91,🔴 Tough,-1.67,1.17,1.07,0.167
241,Moisés Caicedo Corozo,Midfielder,Chelsea,5.7,7,a,100,False,False,1,883,1.0,1,3.333333333333333,3.8,84.0,3.571428571428572,0.0,0.0,0.3333333333333333,0.3333333333333333,5.0,15.133333333333333,13.6,0.0,0.6666666666666666,5.0,0.4,0.0,27,2.3,4.89,Burnley,3,1,4.94,Arsenal,1,0,4.93,Aston Villa,2,0,4.91,Newcastle,15,1,4.94,Everton,9,0,4.92,0,0,False,True,4.91,🔴 Tough,-2.3,1.61,1.47,0.258
246,Andrey Nascimento dos Santos,Midfielder,Chelsea,4.5,7,a,100,False,False,1,883,1.0,1,1.6666666666666667,1.4,57.66666666666666,2.601156069364162,0.0,0.0,0.0,0.0,0.0,6.933333333333334,11.133333333333336,0.0,0.3333333333333333,4.0,0.4,0.0,27,2.05,4.89,Burnley,3,1,4.94,Arsenal,1,0,4.93,Aston Villa,2,0,4.91,Newcastle,15,1,4.94,Everton,9,0,4.92,0,0,False,True,4.91,🔴 Tough,2.95,2.93,2.68,0.596
249,João Pedro Junqueira de Jesus,Forward,Chelsea,7.7,7,a,100,False,False,1,883,1.0,1,10.0,7.8,67.66666666666667,13.300492610837438,0.6666666666666666,1.3333333333333333,0.3333333333333333,2.0,27.33333333333333,10.233333333333333,37.266666666666666,0.0,0.3333333333333333,5.0,0.4,1.0,27,10.1,4.89,Burnley,3,1,4.94,Arsenal,1,0,4.93,Aston Villa,2,0,4.91,Newcastle,15,1,4.94,Everton,9,0,4.92,0,0,False,True,4.91,🔴 Tough,-9.1,7.37,6.75,0.877
250,Liam Delap,Forward,Chelsea,6.2,7,a,100,False,False,1,883,1.0,1,2.333333333333333,3.6,36.66666666666666,5.727272727272728,0.0,0.3333333333333333,0.0,0.0,18.0,1.4666666666666668,2.266666666666667,0.0,0.0,5.0,0.4,0.0,27,1.81,4.89,Burnley,3,1,4.94,Arsenal,1,0,4.93,Aston Villa,2,0,4.91,Newcastle,15,1,4.94,Everton,9,0,4.92,0,0,False,True,4.91,🔴 Tough,0.19,1.87,1.71,0.276
252,Marc Guiu Paz,Forward,Chelsea,4.2,7,a,100,False,False,1,883,1.0,1,0.0,0.0,0.0,0.0,0.0,0.0,0.0,0.0,0.0,0.0,0.0,0.0,0.0,0.0,0.4,0.0,27,0.03,4.89,Burnley,3,1,4.94,Arsenal,1,0,4.93,Aston Villa,2,0,4.91,Newcastle,15,1,4.94,Everton,9,0,4.92,0,0,False,True,4.91,🔴 Tough,2.47,0.77,0.71,0.169
453,Alejandro Garnacho Ferreyra,Midfielder,Chelsea,6.4,7,a,100,False,False,1,883,1.0,1,0.6666666666666666,0.6,24.666666666666668,2.4324324324324325,0.0,0.0,0.0,0.0,2.6666666666666665,5.1000000000000005,1.6000000000000003,0.0,0.0,3.0,0.4,0.0,27,1.17,4.89,Burnley,3,1,4.94,Arsenal,1,0,4.93,Aston Villa,2,0,4.91,Newcastle,15,1,4.94,Everton,9,0,4.92,0,0,False,True,4.91,🔴 Tough,-1.17,0.82,0.75,0.117
672,Jorrel Hato,Defender,Chelsea,4.6,7,a,100,False,False,1,883,1.0,1,0.6666666666666666,0.8,20.0,3.0,0.0,0.0,0.0,0.0,0.0,4.166666666666667,6.6000000000000005,0.0,0.0,5.0,0.4,0.0,27,1.65,4.89,Burnley,3,1,4.94,Arsenal,1,0,4.93,Aston Villa,2,0,4.91,Newcastle,15,1,4.94,Everton,9,0,4.92,0,0,False,True,4.91,🔴 Tough,-1.65,1.16,1.11,0.241
743,Landon Emenalo,Midfielder,Chelsea,4.5,7,a,100,False,False,1,883,1.0,1,0.0,0.0,0.0,0.0,0.0,0.0,0.0,0.0,0.0,0.0,0.0,0.0,0.0,0.0,0.4,0.0,27,0.05,4.89,Burnley,3,1,4.94,Arsenal,1,0,4.93,Aston Villa,2,0,4.91,Newcastle,15,1,4.94,Everton,9,0,4.92,0,0,False,True,4.91,🔴 Tough,-0.05,0.04,0.04,0.009
789,Max Merrick,Goalkeeper,Chelsea,4.0,7,a,100,False,False,1,883,1.0,1,0.0,0.0,0.0,0.0,0.0,0.0,0.0,0.0,0.0,0.0,0.0,0.0,0.0,0.0,0.4,0.0,27,0.38,4.89,Burnley,3,1,4.94,Arsenal,1,0,4.93,Aston Villa,2,0,4.91,Newcastle,15,1,4.94,Everton,9,0,4.92,0,0,False,True,4.91,🔴 Tough,0.0,0.38,0.34,0.085
803,Teddy Sharman-Lowe,Goalkeeper,Chelsea,4.0,7,a,100,False,False,1,883,1.0,1,0.0,0.0,0.0,0.0,0.0,0.0,0.0,0.0,0.0,0.0,0.0,0.0,0.0,0.0,0.3333333333333333,0.0,27,0.38,4.89,Burnley,3,1,4.94,Arsenal,1,0,4.93,Aston Villa,2,0,4.91,Newcastle,15,1,4.94,Everton,9,0,4.92,0,0,False,True,4.91,🔴 Tough,0.0,0.38,0.34,0.085
253,Dean Henderson,Goalkeeper,Crystal Palace,5.0,8,a,100,False,False,1,796,1.0,2,3.6666666666666665,4.0,90.0,3.6666666666666665,0.0,0.0,0.3333333333333333,0.6666666666666666,0.0,0.0,12.133333333333333,1.3333333333333333,0.0,5.0,0.4,0.0,27,1.69,4.93,Wolves,20,1,4.93,Man Utd,14,0,4.89,Spurs,18,0,4.9,Leeds,11,1,6.0,BLANK,-1,0,4.91,1,0,False,True,4.92,🔴 Tough,4.31,2.98,2.48,0.496
254,Walter Benítez,Goalkeeper,Crystal Palace,4.0,8,a,100,False,False,1,796,1.0,2,0.0,0.0,0.0,0.0,0.0,0.0,0.0,0.0,0.0,0.0,0.0,0.0,0.0,0.0,0.4,0.0,27,0.57,4.93,Wolves,20,1,4.93,Man Utd,14,0,4.89,Spurs,18,0,4.9,Leeds,11,1,6.0,BLANK,-1,0,4.91,1,0,False,True,4.92,🔴 Tough,-0.57,0.4,0.33,0.082
255,Remi Matthews,Goalkeeper,Crystal Palace,3.9,8,a,100,False,False,1,796,1.0,2,0.0,0.0,0.0,0.0,0.0,0.0,0.0,0.0,0.0,0.0,0.0,0.0,0.0,0.0,0.4,0.0,27,0.58,4.93,Wolves,20,1,4.93,Man Utd,14,0,4.89,Spurs,18,0,4.9,Leeds,11,1,6.0,BLANK,-1,0,4.91,1,0,False,True,4.92,🔴 Tough,-0.58,0.41,0.34,0.087
256,Daniel Muñoz Mejía,Defender,Crystal Palace,5.9,8,a,100,False,False,1,796,1.0,2,2.6666666666666665,1.6,85.0,2.8235294117647056,0.0,0.0,0.3333333333333333,0.0,5.0,26.6,16.0,0.0,0.3333333333333333,3.0,0.4,0.0,27,2.88,4.93,Wolves,20,1,4.93,Man Utd,14,0,4.89,Spurs,18,0,4.9,Leeds,11,1,6.0,BLANK,-1,0,4.91,1,0,False,True,4.92,🔴 Tough,11.12,6.22,5.53,0.937
258,Tyrick Mitchell,Defender,Crystal Palace,5.0,8,a,100,False,False,1,796,1.0,2,3.0,2.8,81.33333333333333,3.319672131147541,0.0,0.0,0.3333333333333333,0.0,2.6666666666666665,11.233333333333333,14.533333333333331,0.0,0.0,5.0,0.4,0.0,27,2.69,4.93,Wolves,20,1,4.93,Man Utd,14,0,4.89,Spurs,18,0,4.9,Leeds,11,1,6.0,BLANK,-1,0,4.91,1,0,False,True,4.92,🔴 Tough,3.31,3.68,3.27,0.654
259,Borna Sosa,Defender,Crystal Palace,4.8,8,a,100,False,False,1,796,1.0,2,0.3333333333333333,0.4,8.333333333333334,3.6,0.0,0.0,0.0,0.0,0.0,0.4333333333333333,2.1333333333333333,0.0,0.0,2.0,0.4,0.0,27,0.79,4.93,Wolves,20,1,4.93,Man Utd,14,0,4.89,Spurs,18,0,4.9,Leeds,11,1,6.0,BLANK,-1,0,4.91,1,0,False,True,4.92,🔴 Tough,-0.79,0.55,0.49,0.102
261,Chris Richards,Defender,Crystal Palace,4.4,8,a,100,False,False,1,796,1.0,2,5.333333333333333,3.6,90.0,5.333333333333333,0.3333333333333333,0.0,0.3333333333333333,0.6666666666666666,13.0,6.333333333333332,30.53333333333333,0.0,0.3333333333333333,4.0,0.4,0.0,27,1.89,4.93,Wolves,20,1,4.93,Man Utd,14,0,4.89,Spurs,18,0,4.9,Leeds,11,1,6.0,BLANK,-1,0,4.91,1,0,False,True,4.92,🔴 Tough,4.11,3.12,2.77,0.63
262,Chadi Riad Dnanou,Defender,Crystal Palace,4.0,8,a,100,False,False,1,796,1.0,2,1.6666666666666667,1.0,24.666666666666668,6.081081081081082,0.0,0.3333333333333333,0.0,0.0,2.6666666666666665,4.766666666666667,10.2,0.0,0.3333333333333333,2.0,0.4,0.0,27,2.08,4.93,Wolves,20,1,4.93,Man Utd,14,0,4.89,Spurs,18,0,4.9,Leeds,11,1,6.0,BLANK,-1,0,4.91,1,0,False,True,4.92,🔴 Tough,-2.08,1.46,1.3,0.325
263,Nathaniel Clyne,Defender,Crystal Palace,3.8,8,a,100,False,False,1,796,1.0,2,0.0,0.0,0.0,0.0,0.0,0.0,0.0,0.0,0.0,0.0,0.0,0.0,0.0,0.0,0.4,0.0,27,0.05,4.93,Wolves,20,1,4.93,Man Utd,14,0,4.89,Spurs,18,0,4.9,Leeds,11,1,6.0,BLANK,-1,0,4.91,1,0,False,True,4.92,🔴 Tough,-0.05,0.04,0.04,0.011
265,Caleb Kporha,Defender,Crystal Palace,4.0,8,a,100,False,False,1,796,1.0,2,0.0,0.0,0.0,0.0,0.0,0.0,0.0,0.0,0.0,0.0,0.0,0.0,0.0,0.0,0.4,0.0,27,0.05,4.93,Wolves,20,1,4.93,Man Utd,14,0,4.89,Spurs,18,0,4.9,Leeds,11,1,6.0,BLANK,-1,0,4.91,1,0,False,True,4.92,🔴 Tough,-0.05,0.04,0.04,0.01
267,Ismaïla Sarr,Midfielder,Crystal Palace,6.4,8,a,100,False,False,1,796,1.0,2,5.666666666666667,3.4,89.0,5.730337078651686,0.6666666666666666,0.0,0.3333333333333333,0.0,24.0,10.666666666666666,24.4,0.0,0.0,3.0,0.4,0.0,27,2.85,4.93,Wolves,20,1,4.93,Man Utd,14,0,4.89,Spurs,18,0,4.9,Leeds,11,1,6.0,BLANK,-1,0,4.91,1,0,False,True,4.92,🔴 Tough,0.15,2.9,2.47,0.386
270,Will Hughes,Midfielder,Crystal Palace,4.7,8,a,100,False,False,1,796,1.0,2,1.6666666666666667,2.6,60.0,2.5,0.0,0.0,0.3333333333333333,0.0,4.666666666666667,23.96666666666667,7.133333333333333,0.0,0.3333333333333333,5.0,0.4,0.0,27,2.09,4.93,Wolves,20,1,4.93,Man Utd,14,0,4.89,Spurs,18,0,4.9,Leeds,11,1,6.0,BLANK,-1,0,4.91,1,0,False,True,4.92,🔴 Tough,-1.09,1.76,1.5,0.319
271,Daichi Kamada,Midfielder,Crystal Palace,5.0,8,a,100,False,False,1,796,1.0,2,0.3333333333333333,0.2,4.333333333333333,6.923076923076923,0.0,0.0,0.0,0.0,0.0,0.0,0.8666666666666673,0.0,0.0,1.0,0.4,0.0,27,0.46,4.93,Wolves,20,1,4.93,Man Utd,14,0,4.89,Spurs,18,0,4.9,Leeds,11,1,6.0,BLANK,-1,0,4.91,1,0,False,True,4.92,🔴 Tough,2.54,1.22,1.04,0.208
273,Adam Wharton,Midfielder,Crystal Palace,5.0,8,a,100,False,False,1,796,1.0,2,0.6666666666666666,1.2,54.0,1.1111111111111112,0.0,0.0,0.3333333333333333,0.0,1.6666666666666667,4.83333333333334,1.8666666666666665,0.0,0.0,4.0,0.4,0.0,27,2.4,4.93,Wolves,20,1,4.93,Man Utd,14,0,4.89,Spurs,18,0,4.9,Leeds,11,1,6.0,BLANK,-1,0,4.91,1,0,False,True,4.92,🔴 Tough,3.6,3.48,2.96,0.592
274,Asher Agbinone,Midfielder,Crystal Palace,4.3,8,a,100,False,False,1,796,1.0,2,0.0,0.0,0.0,0.0,0.0,0.0,0.0,0.0,0.0,0.0,0.0,0.0,0.0,0.0,0.4,0.0,27,0.05,4.93,Wolves,20,1,4.93,Man Utd,14,0,4.89,Spurs,18,0,4.9,Leeds,11,1,6.0,BLANK,-1,0,4.91,1,0,False,True,4.92,🔴 Tough,-0.05,0.04,0.03,0.007
276,Justin Devenny,Midfielder,Crystal Palace,4.3,8,a,100,False,False,1,796,1.0,2,0.0,1.0,0.0,0.0,0.0,0.0,0.0,0.0,0.0,0.0,0.0,0.0,0.0,2.0,0.4,0.0,27,0.1,4.93,Wolves,20,1,4.93,Man Utd,14,0,4.89,Spurs,18,0,4.9,Leeds,11,1,6.0,BLANK,-1,0,4.91,1,0,False,True,4.92,🔴 Tough,0.9,0.37,0.31,0.072
281,Kaden Rodney,Midfielder,Crystal Palace,4.4,8,a,100,False,False,1,796,1.0,2,0.0,0.0,0.0,0.0,0.0,0.0,0.0,0.0,0.0,0.0,0.0,0.0,0.0,0.0,0.4,0.0,27,0.05,4.93,Wolves,20,1,4.93,Man Utd,14,0,4.89,Spurs,18,0,4.9,Leeds,11,1,6.0,BLANK,-1,0,4.91,1,0,False,True,4.92,🔴 Tough,-0.05,0.04,0.03,0.007
286,Zach Marsh,Forward,Crystal Palace,4.4,8,a,100,False,False,1,796,1.0,2,0.0,0.0,0.0,0.0,0.0,0.0,0.0,0.0,0.0,0.0,0.0,0.0,0.0,0.0,0.4,0.0,27,0.04,4.93,Wolves,20,1,4.93,Man Utd,14,0,4.89,Spurs,18,0,4.9,Leeds,11,1,6.0,BLANK,-1,0,4.91,1,0,False,True,4.92,🔴 Tough,-0.04,0.03,0.03,0.007
580,Brennan Johnson,Midfielder,Crystal Palace,6.5,8,a,100,False,False,1,796,1.0,2,1.6666666666666667,1.8,55.66666666666666,2.694610778443114,0.0,0.0,0.0,0.0,7.666666666666667,7.966666666666668,2.6666666666666665,0.0,0.0,5.0,0.4,0.0,27,0.97,4.93,Wolves,20,1,4.93,Man Utd,14,0,4.89,Spurs,18,0,4.9,Leeds,11,1,6.0,BLANK,-1,0,4.91,1,0,False,True,4.92,🔴 Tough,0.03,0.98,0.83,0.128
654,Jørgen Strand Larsen,Forward,Crystal Palace,6.2,8,a,100,False,False,1,796,1.0,2,1.0,1.6,51.66666666666666,1.7419354838709675,0.0,0.0,0.3333333333333333,0.0,17.666666666666668,4.6000000000000005,2.4666666666666663,0.0,0.3333333333333333,5.0,0.4,0.0,27,9.05,4.93,Wolves,20,1,4.93,Man Utd,14,0,4.89,Spurs,18,0,4.9,Leeds,11,1,6.0,BLANK,-1,0,4.91,1,0,False,True,4.92,🔴 Tough,0.0,9.05,7.7,1.242
677,Evann Guessand,Midfielder,Crystal Palace,6.2,8,a,100,False,False,1,796,1.0,2,1.3333333333333333,1.2,11.333333333333334,10.588235294117643,0.0,0.3333333333333333,0.0,0.0,0.6666666666666666,3.600000000000001,7.6,0.0,0.0,2.0,0.4,0.0,27,1.34,4.93,Wolves,20,1,4.93,Man Utd,14,0,4.89,Spurs,18,0,4.9,Leeds,11,1,6.0,BLANK,-1,0,4.91,1,0,False,True,4.92,🔴 Tough,-1.34,0.94,0.8,0.129
690,Rio Cardines,Midfielder,Crystal Palace,4.4,8,a,100,False,False,1,796,1.0,2,0.0,0.0,0.0,0.0,0.0,0.0,0.0,0.0,0.0,0.0,0.0,0.0,0.0,0.0,0.4,0.0,27,0.05,4.93,Wolves,20,1,4.93,Man Utd,14,0,4.89,Spurs,18,0,4.9,Leeds,11,1,6.0,BLANK,-1,0,4.91,1,0,False,True,4.92,🔴 Tough,-0.05,0.04,0.03,0.007
712,Yéremy Pino Santos,Midfielder,Crystal Palace,5.8,8,a,100,False,False,1,796,1.0,2,1.0,3.0,56.66666666666666,1.588235294117647,0.0,0.0,0.0,0.0,2.0,27.83333333333333,6.933333333333334,0.0,0.3333333333333333,5.0,0.4,0.0,27,1.68,4.93,Wolves,20,1,4.93,Man Utd,14,0,4.89,Spurs,18,0,4.9,Leeds,11,1,6.0,BLANK,-1,0,4.91,1,0,False,True,4.92,🔴 Tough,6.32,3.58,3.05,0.526
723,Jaydee Canvot,Defender,Crystal Palace,4.5,8,a,100,False,False,1,796,1.0,2,0.0,2.0,21.33333333333333,0.0,0.0,0.0,0.0,0.0,0.0,0.5666666666666667,0.0,0.0,0.3333333333333333,2.0,0.4,0.0,27,0.55,4.93,Wolves,20,1,4.93,Man Utd,14,0,4.89,Spurs,18,0,4.9,Leeds,11,1,6.0,BLANK,-1,0,4.91,1,0,False,True,4.92,🔴 Tough,0.45,0.68,0.6,0.133
732,Christantus Uche,Forward,Crystal Palace,5.5,8,a,100,False,False,1,796,1.0,2,0.6666666666666666,0.4,11.333333333333334,5.294117647058823,0.0,0.0,0.0,0.0,0.3333333333333333,0.5666666666666668,0.0,0.0,0.0,2.0,0.4,0.0,27,1.35,4.93,Wolves,20,1,4.93,Man Utd,14,0,4.89,Spurs,18,0,4.9,Leeds,11,1,6.0,BLANK,-1,0,4.91,1,0,False,True,4.92,🔴 Tough,-1.35,0.94,0.8,0.145
762,Joél Drakes-Thomas,Midfielder,Crystal Palace,4.5,8,a,100,False,False,1,796,1.0,2,0.0,0.0,0.0,0.0,0.0,0.0,0.0,0.0,0.0,0.0,0.0,0.0,0.0,0.0,0.4,0.0,27,0.05,4.93,Wolves,20,1,4.93,Man Utd,14,0,4.89,Spurs,18,0,4.9,Leeds,11,1,6.0,BLANK,-1,0,4.91,1,0,False,True,4.92,🔴 Tough,0.0,0.05,0.04,0.009
773,Dean Benamar,Defender,Crystal Palace,4.0,8,a,100,False,False,1,796,1.0,2,0.0,0.0,0.0,0.0,0.0,0.0,0.0,0.0,0.0,0.0,0.0,0.0,0.0,0.0,0.4,0.0,27,0.05,4.93,Wolves,20,1,4.93,Man Utd,14,0,4.89,Spurs,18,0,4.9,Leeds,11,1,6.0,BLANK,-1,0,4.91,1,0,False,True,4.92,🔴 Tough,0.0,0.05,0.04,0.01
780,Ben Casey,Forward,Crystal Palace,4.5,8,a,100,False,False,1,796,1.0,2,0.0,0.0,0.0,0.0,0.0,0.0,0.0,0.0,0.0,0.0,0.0,0.0,0.0,0.0,0.4,0.0,27,0.04,4.93,Wolves,20,1,4.93,Man Utd,14,0,4.89,Spurs,18,0,4.9,Leeds,11,1,6.0,BLANK,-1,0,4.91,1,0,False,True,4.92,🔴 Tough,0.0,0.04,0.03,0.007
793,George King,Defender,Crystal Palace,4.0,8,a,100,False,False,1,796,1.0,2,0.0,0.0,0.0,0.0,0.0,0.0,0.0,0.0,0.0,0.0,0.0,0.0,0.0,0.0,0.4,0.0,27,0.05,4.93,Wolves,20,1,4.93,Man Utd,14,0,4.89,Spurs,18,0,4.9,Leeds,11,1,6.0,BLANK,-1,0,4.91,1,0,False,True,4.92,🔴 Tough,0.0,0.05,0.04,0.01
242,Kiernan Dewsbury-Hall,Midfielder,Everton,4.9,9,a,100,False,False,1,38,1.0,3,5.333333333333333,3.2,71.0,6.76056338028169,0.3333333333333333,0.3333333333333333,0.0,1.0,16.333333333333332,15.199999999999998,16.866666666666667,0.0,0.0,3.0,0.4,0.0,27,2.47,4.93,Man Utd,14,1,4.91,Newcastle,15,0,4.89,Burnley,3,1,4.94,Arsenal,1,0,4.92,Chelsea,7,1,4.92,0,0,False,True,4.92,🔴 Tough,10.53,5.63,4.92,1.004
243,Tyrique George,Midfielder,Everton,4.8,9,a,100,False,False,1,38,1.0,3,0.3333333333333333,0.2,7.0,4.285714285714286,0.0,0.0,0.0,0.0,2.0,0.3999999999999999,0.0,0.0,0.0,1.0,0.4,0.0,27,0.94,4.93,Man Utd,14,1,4.91,Newcastle,15,0,4.89,Burnley,3,1,4.94,Arsenal,1,0,4.92,Chelsea,7,1,4.92,0,0,False,True,4.92,🔴 Tough,-0.94,0.66,0.58,0.121
287,Jordan Pickford,Goalkeeper,Everton,5.6,9,a,100,False,False,1,38,1.0,3,2.333333333333333,4.0,90.0,2.333333333333333,0.0,0.0,0.0,0.0,0.0,0.0,22.866666666666664,2.333333333333333,0.3333333333333333,5.0,0.4,0.0,27,2.63,4.93,Man Utd,14,1,4.91,Newcastle,15,0,4.89,Burnley,3,1,4.94,Arsenal,1,0,4.92,Chelsea,7,1,4.92,0,0,False,True,4.92,🔴 Tough,7.37,4.84,4.15,0.741
288,Mark Travers,Goalkeeper,Everton,4.3,9,a,100,False,False,1,38,1.0,3,0.0,0.0,0.0,0.0,0.0,0.0,0.0,0.0,0.0,0.0,0.0,0.0,0.0,0.0,0.4,0.0,27,0.14,4.93,Man Utd,14,1,4.91,Newcastle,15,0,4.89,Burnley,3,1,4.94,Arsenal,1,0,4.92,Chelsea,7,1,4.92,0,0,False,True,4.92,🔴 Tough,-0.14,0.1,0.09,0.021
290,Jarrad Branthwaite,Defender,Everton,5.3,9,a,100,False,False,1,38,1.0,3,1.0,0.6,46.0,1.9565217391304348,0.0,0.0,0.0,0.0,2.6666666666666665,5.133333333333334,8.6,0.0,0.3333333333333333,3.0,0.4,0.0,27,2.53,4.93,Man Utd,14,1,4.91,Newcastle,15,0,4.89,Burnley,3,1,4.94,Arsenal,1,0,4.92,Chelsea,7,1,4.92,0,0,False,True,4.92,🔴 Tough,-2.53,1.77,1.62,0.306
291,James Tarkowski,Defender,Everton,5.7,9,a,100,False,False,1,38,1.0,3,2.6666666666666665,4.0,90.0,2.6666666666666665,0.0,0.0,0.0,0.0,9.0,2.0333333333333337,17.2,0.0,0.0,5.0,0.4,0.0,27,2.88,4.93,Man Utd,14,1,4.91,Newcastle,15,0,4.89,Burnley,3,1,4.94,Arsenal,1,0,4.92,Chelsea,7,1,4.92,0,0,False,True,4.92,🔴 Tough,5.12,4.42,4.04,0.709
292,Vitalii Mykolenko,Defender,Everton,4.9,9,a,100,False,False,1,38,1.0,3,1.3333333333333333,2.4,58.0,2.0689655172413794,0.0,0.3333333333333333,0.0,0.0,1.6666666666666667,15.433333333333332,9.26666666666667,0.0,0.3333333333333333,4.0,0.4,0.0,27,1.49,4.93,Man Utd,14,1,4.91,Newcastle,15,0,4.89,Burnley,3,1,4.94,Arsenal,1,0,4.92,Chelsea,7,1,4.92,0,0,False,True,4.92,🔴 Tough,7.51,3.74,3.42,0.698
294,Séamus Coleman,Defender,Everton,4.2,9,a,100,False,False,1,38,1.0,3,0.0,0.0,0.0,0.0,0.0,0.0,0.0,0.0,0.0,0.0,0.0,0.0,0.0,0.0,0.4,0.0,27,0.0,4.93,Man Utd,14,1,4.91,Newcastle,15,0,4.89,Burnley,3,1,4.94,Arsenal,1,0,4.92,Chelsea,7,1,4.92,0,0,False,True,4.92,🔴 Tough,1.0,0.3,0.27,0.064
295,Michael Keane,Defender,Everton,4.7,9,a,100,False,False,1,38,1.0,3,2.0,2.2,60.0,3.0,0.0,0.0,0.0,0.0,9.666666666666666,0.4333333333333333,13.666666666666671,0.0,0.0,3.0,0.4,0.0,27,2.48,4.93,Man Utd,14,1,4.91,Newcastle,15,0,4.89,Burnley,3,1,4.94,Arsenal,1,0,4.92,Chelsea,7,1,4.92,0,0,False,True,4.92,🔴 Tough,6.52,4.44,4.06,0.864
296,Nathan Patterson,Defender,Everton,4.4,9,a,100,False,False,1,38,1.0,3,1.0,2.4,23.666666666666668,3.8028169014084505,0.0,0.0,0.0,0.0,0.0,1.4333333333333331,6.066666666666666,0.0,0.0,4.0,0.4,0.0,27,0.27,4.93,Man Utd,14,1,4.91,Newcastle,15,0,4.89,Burnley,3,1,4.94,Arsenal,1,0,4.92,Chelsea,7,1,4.92,0,0,False,True,4.92,🔴 Tough,-0.27,0.19,0.17,0.039
298,Reece Welch,Defender,Everton,3.8,9,a,100,False,False,1,38,1.0,3,0.0,0.0,0.0,0.0,0.0,0.0,0.0,0.0,0.0,0.0,0.0,0.0,0.0,0.0,0.4,0.0,27,0.0,4.93,Man Utd,14,1,4.91,Newcastle,15,0,4.89,Burnley,3,1,4.94,Arsenal,1,0,4.92,Chelsea,7,1,4.92,0,0,False,True,4.92,🔴 Tough,0.0,0.0,0.0,0.0
299,Iliman Ndiaye,Midfielder,Everton,6.2,9,a,100,False,False,1,38,1.0,3,2.0,1.2,90.0,2.0,0.0,0.0,0.0,0.0,8.666666666666666,13.366666666666667,10.333333333333336,0.0,0.0,3.0,0.4,0.0,27,5.26,4.93,Man Utd,14,1,4.91,Newcastle,15,0,4.89,Burnley,3,1,4.94,Arsenal,1,0,4.92,Chelsea,7,1,4.92,0,0,False,True,4.92,🔴 Tough,-2.26,4.58,4.0,0.645
300,Dwight McNeil,Midfielder,Everton,5.5,9,a,100,False,False,1,38,1.0,3,0.3333333333333333,1.6,15.0,2.0,0.0,0.0,0.0,0.0,0.6666666666666666,0.4333333333333322,1.1333333333333333,0.0,0.0,3.0,0.4,0.0,27,1.0,4.93,Man Utd,14,1,4.91,Newcastle,15,0,4.89,Burnley,3,1,4.94,Arsenal,1,0,4.92,Chelsea,7,1,4.92,0,0,False,True,4.92,🔴 Tough,0.0,1.0,0.87,0.158
301,Carlos Alcaraz Durán,Midfielder,Everton,5.2,9,a,100,False,False,1,38,1.0,3,0.3333333333333333,0.2,3.6666666666666665,8.181818181818182,0.0,0.0,0.0,0.0,0.0,0.1666666666666666,1.2,0.0,0.0,1.0,0.4,0.0,27,0.44,4.93,Man Utd,14,1,4.91,Newcastle,15,0,4.89,Burnley,3,1,4.94,Arsenal,1,0,4.92,Chelsea,7,1,4.92,0,0,False,True,4.92,🔴 Tough,0.56,0.61,0.53,0.102
302,Idrissa Gana Gueye,Midfielder,Everton,5.4,9,a,100,False,False,1,38,1.0,3,3.0,1.8,86.33333333333333,3.1274131274131274,0.0,0.3333333333333333,0.0,0.3333333333333333,9.333333333333334,17.633333333333333,15.0,0.0,0.3333333333333333,3.0,0.4,0.0,27,3.53,4.93,Man Utd,14,1,4.91,Newcastle,15,0,4.89,Burnley,3,1,4.94,Arsenal,1,0,4.92,Chelsea,7,1,4.92,0,0,False,True,4.92,🔴 Tough,-5.53,1.87,1.64,0.304
303,James Garner,Midfielder,Everton,5.2,9,a,100,False,False,1,38,1.0,3,3.333333333333333,4.0,90.0,3.333333333333334,0.0,0.0,0.0,0.3333333333333333,5.666666666666667,30.566666666666663,19.266666666666666,0.0,0.3333333333333333,5.0,0.4,0.0,27,3.65,4.93,Man Utd,14,1,4.91,Newcastle,15,0,4.89,Burnley,3,1,4.94,Arsenal,1,0,4.92,Chelsea,7,1,4.92,0,0,False,True,4.92,🔴 Tough,2.35,4.35,3.8,0.731
304,Tim Iroegbunam,Midfielder,Everton,4.8,9,a,100,False,False,1,38,1.0,3,0.3333333333333333,1.6,3.6666666666666665,8.181818181818182,0.0,0.0,0.0,0.0,0.0,0.0666666666666666,0.0,0.0,0.3333333333333333,3.0,0.4,0.0,27,0.16,4.93,Man Utd,14,1,4.91,Newcastle,15,0,4.89,Burnley,3,1,4.94,Arsenal,1,0,4.92,Chelsea,7,1,4.92,0,0,False,True,4.92,🔴 Tough,0.84,0.41,0.36,0.075
305,Harrison Armstrong,Midfielder,Everton,4.5,9,a,100,False,False,1,38,1.0,3,1.6666666666666667,2.4,64.0,2.34375,0.0,0.0,0.0,0.0,2.6666666666666665,5.5,5.6000000000000005,0.0,0.0,5.0,0.4,0.0,27,1.83,4.93,Man Utd,14,1,4.91,Newcastle,15,0,4.89,Burnley,3,1,4.94,Arsenal,1,0,4.92,Chelsea,7,1,4.92,0,0,False,True,4.92,🔴 Tough,-1.83,1.28,1.12,0.249
306,Callum Bates,Midfielder,Everton,4.3,9,a,100,False,False,1,38,1.0,3,0.0,0.0,0.0,0.0,0.0,0.0,0.0,0.0,0.0,0.0,0.0,0.0,0.0,0.0,0.4,0.0,27,0.03,4.93,Man Utd,14,1,4.91,Newcastle,15,0,4.89,Burnley,3,1,4.94,Arsenal,1,0,4.92,Chelsea,7,1,4.92,0,0,False,True,4.92,🔴 Tough,-0.03,0.02,0.02,0.005
307,Coby Ebere,Midfielder,Everton,4.4,9,a,100,False,False,1,38,1.0,3,0.0,0.0,0.0,0.0,0.0,0.0,0.0,0.0,0.0,0.0,0.0,0.0,0.0,0.0,0.4,0.0,27,0.03,4.93,Man Utd,14,1,4.91,Newcastle,15,0,4.89,Burnley,3,1,4.94,Arsenal,1,0,4.92,Chelsea,7,1,4.92,0,0,False,True,4.92,🔴 Tough,-0.03,0.02,0.02,0.005
310,Thierno Barry,Forward,Everton,5.7,9,a,100,False,False,1,38,1.0,3,4.333333333333333,4.6,81.33333333333333,4.795081967213115,0.3333333333333333,0.0,0.0,1.0,26.0,13.566666666666668,14.6,0.0,0.0,5.0,0.4,0.0,27,4.77,4.93,Man Utd,14,1,4.91,Newcastle,15,0,4.89,Burnley,3,1,4.94,Arsenal,1,0,4.92,Chelsea,7,1,4.92,0,0,False,True,4.92,🔴 Tough,-2.77,3.94,3.45,0.605
311,Norberto Bercique Gomes Betuncal,Forward,Everton,5.0,9,a,100,False,False,1,38,1.0,3,3.0,2.2,7.666666666666667,35.21739130434782,0.3333333333333333,0.0,0.0,0.6666666666666666,12.333333333333334,0.0999999999999999,12.0,0.0,0.0,5.0,0.4,0.0,27,1.31,4.93,Man Utd,14,1,4.91,Newcastle,15,0,4.89,Burnley,3,1,4.94,Arsenal,1,0,4.92,Chelsea,7,1,4.92,0,0,False,True,4.92,🔴 Tough,-0.31,1.22,1.07,0.214
630,Tom King,Goalkeeper,Everton,3.9,9,a,100,False,False,1,38,1.0,3,0.0,0.0,0.0,0.0,0.0,0.0,0.0,0.0,0.0,0.0,0.0,0.0,0.0,0.0,0.4,0.0,27,0.06,4.93,Man Utd,14,1,4.91,Newcastle,15,0,4.89,Burnley,3,1,4.94,Arsenal,1,0,4.92,Chelsea,7,1,4.92,0,0,False,True,4.92,🔴 Tough,-0.06,0.04,0.03,0.008
667,Adam Aznou,Defender,Everton,4.2,9,a,100,False,False,1,38,1.0,3,0.0,0.0,0.0,0.0,0.0,0.0,0.0,0.0,0.0,0.0,0.0,0.0,0.0,0.0,0.4,0.0,27,0.0,4.93,Man Utd,14,1,4.91,Newcastle,15,0,4.89,Burnley,3,1,4.94,Arsenal,1,0,4.92,Chelsea,7,1,4.92,0,0,False,True,4.92,🔴 Tough,0.0,0.0,0.0,0.0
707,Tyler Dibling,Midfielder,Everton,5.3,9,a,100,False,False,1,38,1.0,3,0.6666666666666666,0.4,9.666666666666666,6.206896551724138,0.0,0.0,0.0,0.0,1.3333333333333333,4.1000000000000005,1.7333333333333334,0.0,0.0,2.0,0.4,0.0,27,1.51,4.93,Man Utd,14,1,4.91,Newcastle,15,0,4.89,Burnley,3,1,4.94,Arsenal,1,0,4.92,Chelsea,7,1,4.92,0,0,False,True,4.92,🔴 Tough,-1.51,1.06,0.93,0.175
728,Merlin Röhl,Midfielder,Everton,5.0,9,a,100,False,False,1,38,1.0,3,0.0,0.8,0.0,0.0,0.0,0.0,0.0,0.0,0.0,0.0,0.0,0.0,0.0,2.0,0.4,0.0,27,0.14,4.93,Man Utd,14,1,4.91,Newcastle,15,0,4.89,Burnley,3,1,4.94,Arsenal,1,0,4.92,Chelsea,7,1,4.92,0,0,False,True,4.92,🔴 Tough,-0.14,0.1,0.09,0.018
779,Braiden Graham,Forward,Everton,4.5,9,a,100,False,False,1,38,1.0,3,0.0,0.0,0.0,0.0,0.0,0.0,0.0,0.0,0.0,0.0,0.0,0.0,0.0,0.0,0.4,0.0,27,0.0,4.93,Man Utd,14,1,4.91,Newcastle,15,0,4.89,Burnley,3,1,4.94,Arsenal,1,0,4.92,Chelsea,7,1,4.92,0,0,False,True,4.92,🔴 Tough,0.0,0.0,0.0,0.0
314,Bernd Leno,Goalkeeper,Fulham,4.9,10,a,100,False,False,0,747,1.0,4,1.3333333333333333,2.0,90.0,1.3333333333333333,0.0,0.0,0.0,0.0,0.0,0.0,23.266666666666666,2.6666666666666665,0.0,5.0,0.6,0.0,27,5.47,4.93,Sunderland,17,0,4.89,Spurs,18,1,4.9,West Ham,19,1,4.93,Nott'm Forest,16,0,4.89,Burnley,3,1,4.91,0,0,False,False,4.91,🔴 Tough,-0.47,5.33,4.58,0.935
316,Antonee Robinson,Defender,Fulham,4.9,10,a,100,False,False,0,747,1.0,4,0.6666666666666666,1.2,42.66666666666666,1.40625,0.0,0.0,0.0,0.0,0.6666666666666666,5.266666666666669,7.399999999999999,0.0,0.0,4.0,0.6,0.0,27,1.66,4.93,Sunderland,17,0,4.89,Spurs,18,1,4.9,West Ham,19,1,4.93,Nott'm Forest,16,0,4.89,Burnley,3,1,4.91,0,0,False,False,4.91,🔴 Tough,-1.66,1.16,1.03,0.21
317,Joachim Andersen,Defender,Fulham,4.5,10,a,100,False,False,0,747,1.0,4,3.0,2.6,90.0,3.0,0.0,0.3333333333333333,0.0,0.3333333333333333,14.333333333333334,11.199999999999998,26.266666666666666,0.0,0.3333333333333333,5.0,0.6,0.0,27,3.38,4.93,Sunderland,17,0,4.89,Spurs,18,1,4.9,West Ham,19,1,4.93,Nott'm Forest,16,0,4.89,Burnley,3,1,4.91,0,0,False,False,4.91,🔴 Tough,6.62,5.37,4.79,1.064
318,Calvin Bassey,Defender,Fulham,4.4,10,a,100,False,False,0,747,1.0,4,0.3333333333333333,0.2,1.3333333333333333,22.5,0.0,0.0,0.0,0.0,0.6666666666666666,0.3333333333333333,2.2,0.0,0.0,1.0,0.6,0.0,27,1.21,4.93,Sunderland,17,0,4.89,Spurs,18,1,4.9,West Ham,19,1,4.93,Nott'm Forest,16,0,4.89,Burnley,3,1,4.91,0,0,False,False,4.91,🔴 Tough,7.79,3.55,3.17,0.72
319,Timothy Castagne,Defender,Fulham,4.3,10,a,100,False,False,0,747,1.0,4,2.333333333333333,1.8,87.33333333333333,2.404580152671756,0.0,0.0,0.0,0.0,1.3333333333333333,4.833333333333334,17.933333333333334,0.0,0.0,5.0,0.6,0.0,27,1.15,4.93,Sunderland,17,0,4.89,Spurs,18,1,4.9,West Ham,19,1,4.93,Nott'm Forest,16,0,4.89,Burnley,3,1,4.91,0,0,False,False,4.91,🔴 Tough,-0.15,1.1,0.98,0.228
320,Issa Diop,Defender,Fulham,4.3,10,a,100,False,False,0,747,1.0,4,0.0,0.6,0.0,0.0,0.0,0.0,0.0,0.0,0.0,0.0,0.0,0.0,0.0,2.0,0.6,0.0,27,0.24,4.93,Sunderland,17,0,4.89,Spurs,18,1,4.9,West Ham,19,1,4.93,Nott'm Forest,16,0,4.89,Burnley,3,1,4.91,0,0,False,False,4.91,🔴 Tough,-0.24,0.17,0.15,0.035
321,Jorge Cuenca Barreno,Defender,Fulham,4.3,10,a,100,False,False,0,747,1.0,4,2.333333333333333,2.0,88.33333333333333,2.377358490566038,0.0,0.0,0.0,0.0,2.6666666666666665,7.766666666666667,22.066666666666663,0.0,0.3333333333333333,5.0,0.6,0.0,27,2.14,4.93,Sunderland,17,0,4.89,Spurs,18,1,4.9,West Ham,19,1,4.93,Nott'm Forest,16,0,4.89,Burnley,3,1,4.91,0,0,False,False,4.91,🔴 Tough,-2.14,1.5,1.34,0.312
322,Kenny Tete,Defender,Fulham,4.5,10,a,100,False,False,0,747,1.0,4,0.3333333333333333,0.2,2.333333333333333,12.857142857142856,0.0,0.0,0.0,0.0,0.0,6.6000000000000005,2.1333333333333333,0.0,0.0,1.0,0.6,0.0,27,1.25,4.93,Sunderland,17,0,4.89,Spurs,18,1,4.9,West Ham,19,1,4.93,Nott'm Forest,16,0,4.89,Burnley,3,1,4.91,0,0,False,False,4.91,🔴 Tough,4.75,2.68,2.39,0.531
323,Samuel Amissah,Defender,Fulham,3.8,10,a,100,False,False,0,747,1.0,4,0.0,0.0,0.0,0.0,0.0,0.0,0.0,0.0,0.0,0.0,0.0,0.0,0.0,0.0,0.6,0.0,27,0.01,4.93,Sunderland,17,0,4.89,Spurs,18,1,4.9,West Ham,19,1,4.93,Nott'm Forest,16,0,4.89,Burnley,3,1,4.91,0,0,False,False,4.91,🔴 Tough,-0.01,0.01,0.01,0.003
324,Alex Iwobi,Midfielder,Fulham,6.3,10,a,100,False,False,0,747,1.0,4,2.6666666666666665,1.6,89.0,2.696629213483146,0.0,0.0,0.0,0.6666666666666666,5.0,31.2,13.333333333333334,0.0,0.0,3.0,0.6,0.0,27,1.98,4.93,Sunderland,17,0,4.89,Spurs,18,1,4.9,West Ham,19,1,4.93,Nott'm Forest,16,0,4.89,Burnley,3,1,4.91,0,0,False,False,4.91,🔴 Tough,1.02,2.29,1.89,0.3
325,Emile Smith Rowe,Midfielder,Fulham,5.6,10,a,100,False,False,0,747,1.0,4,2.0,2.8,73.33333333333333,2.4545454545454546,0.0,0.0,0.0,0.0,10.333333333333334,7.933333333333336,5.266666666666667,0.0,0.0,5.0,0.6,0.0,27,1.52,4.93,Sunderland,17,0,4.89,Spurs,18,1,4.9,West Ham,19,1,4.93,Nott'm Forest,16,0,4.89,Burnley,3,1,4.91,0,0,False,False,4.91,🔴 Tough,-0.52,1.36,1.12,0.2
328,Ryan Sessegnon,Midfielder,Fulham,5.4,10,a,100,False,False,0,747,1.0,4,2.333333333333333,2.2,46.66666666666666,4.5,0.0,0.3333333333333333,0.0,0.0,3.333333333333333,14.333333333333334,17.599999999999998,0.0,0.0,5.0,0.6,0.0,27,3.7,4.93,Sunderland,17,0,4.89,Spurs,18,1,4.9,West Ham,19,1,4.93,Nott'm Forest,16,0,4.89,Burnley,3,1,4.91,0,0,False,False,4.91,🔴 Tough,-0.7,3.49,2.88,0.533
329,Harry Wilson,Midfielder,Fulham,6.0,10,a,100,False,False,0,747,1.0,4,4.666666666666667,5.0,90.0,4.666666666666667,0.3333333333333333,0.0,0.0,1.0,15.666666666666666,23.233333333333334,18.0,0.0,0.0,5.0,0.6,-1.0,27,2.41,4.93,Sunderland,17,0,4.89,Spurs,18,1,4.9,West Ham,19,1,4.93,Nott'm Forest,16,0,4.89,Burnley,3,1,4.91,0,0,False,False,4.91,🔴 Tough,-0.41,2.29,1.89,0.315
330,Sander Berge,Midfielder,Fulham,4.9,10,a,100,False,False,0,747,1.0,4,1.6666666666666667,3.4,90.0,1.666666666666667,0.0,0.0,0.0,0.0,6.333333333333333,9.366666666666667,14.200000000000005,0.0,0.3333333333333333,5.0,0.6,0.0,27,2.43,4.93,Sunderland,17,0,4.89,Spurs,18,1,4.9,West Ham,19,1,4.93,Nott'm Forest,16,0,4.89,Burnley,3,1,4.91,0,0,False,False,4.91,🔴 Tough,0.57,2.6,2.15,0.439
335,Josh King,Midfielder,Fulham,4.4,10,a,100,False,False,0,747,1.0,4,1.3333333333333333,1.0,0.6666666666666666,180.0,0.0,0.3333333333333333,0.0,0.0,0.0,0.0333333333333334,0.0666666666666666,0.0,0.0,2.0,0.6,0.0,27,0.77,4.93,Sunderland,17,0,4.89,Spurs,18,1,4.9,West Ham,19,1,4.93,Nott'm Forest,16,0,4.89,Burnley,3,1,4.91,0,0,False,False,4.91,🔴 Tough,2.23,1.44,1.19,0.27
336,Harrison Reed,Midfielder,Fulham,4.3,10,a,100,False,False,0,747,1.0,4,0.0,0.2,0.0,0.0,0.0,0.0,0.0,0.0,0.0,0.0,0.0,0.0,0.0,1.0,0.6,0.0,27,0.05,4.93,Sunderland,17,0,4.89,Spurs,18,1,4.9,West Ham,19,1,4.93,Nott'm Forest,16,0,4.89,Burnley,3,1,4.91,0,0,False,False,4.91,🔴 Tough,0.95,0.34,0.28,0.065
337,Raúl Jiménez Rodríguez,Forward,Fulham,6.1,10,a,100,False,False,0,747,1.0,4,4.333333333333333,4.0,84.66666666666667,4.606299212598424,0.3333333333333333,0.3333333333333333,0.3333333333333333,0.0,38.66666666666666,17.033333333333335,22.133333333333336,0.0,0.0,5.0,0.6,0.0,27,4.51,4.93,Sunderland,17,0,4.89,Spurs,18,1,4.9,West Ham,19,1,4.93,Nott'm Forest,16,0,4.89,Burnley,3,1,4.91,0,0,False,False,4.91,🔴 Tough,1.49,4.96,4.1,0.672
338,Rodrigo Muniz Carvalho,Forward,Fulham,5.3,10,a,100,False,False,0,747,1.0,4,0.3333333333333333,0.2,5.0,6.0,0.0,0.0,0.0,0.0,3.333333333333333,0.0,0.0,0.0,0.0,1.0,0.6,0.0,27,0.81,4.93,Sunderland,17,0,4.89,Spurs,18,1,4.9,West Ham,19,1,4.93,Nott'm Forest,16,0,4.89,Burnley,3,1,4.91,0,0,False,False,4.91,🔴 Tough,-0.81,0.57,0.47,0.089
424,Oscar Bobb,Midfielder,Fulham,5.1,10,a,100,False,False,0,747,1.0,4,0.3333333333333333,0.2,2.333333333333333,12.857142857142856,0.0,0.0,0.0,0.0,0.0,0.1999999999999999,0.0666666666666666,0.0,0.0,1.0,0.6,0.0,27,0.43,4.93,Sunderland,17,0,4.89,Spurs,18,1,4.9,West Ham,19,1,4.93,Nott'm Forest,16,0,4.89,Burnley,3,1,4.91,0,0,False,False,4.91,🔴 Tough,-0.43,0.3,0.25,0.049
664,Benjamin Lecomte,Goalkeeper,Fulham,3.9,10,a,100,False,False,0,747,1.0,4,0.0,0.0,0.0,0.0,0.0,0.0,0.0,0.0,0.0,0.0,0.0,0.0,0.0,0.0,0.6,0.0,27,0.51,4.93,Sunderland,17,0,4.89,Spurs,18,1,4.9,West Ham,19,1,4.93,Nott'm Forest,16,0,4.89,Burnley,3,1,4.91,0,0,False,False,4.91,🔴 Tough,-0.51,0.36,0.31,0.079
731,Kevin Santos Lopes de Macedo,Midfielder,Fulham,5.8,10,a,100,False,False,0,747,1.0,4,2.6666666666666665,2.0,30.666666666666668,7.826086956521739,0.3333333333333333,0.0,0.0,0.0,5.666666666666667,5.533333333333332,12.066666666666665,0.0,0.0,5.0,0.6,0.0,27,1.19,4.93,Sunderland,17,0,4.89,Spurs,18,1,4.9,West Ham,19,1,4.93,Nott'm Forest,16,0,4.89,Burnley,3,1,4.91,0,0,False,False,4.91,🔴 Tough,1.81,1.73,1.43,0.247
737,Jonah Kusi-Asare,Forward,Fulham,4.5,10,a,100,False,False,0,747,1.0,4,0.0,0.0,0.0,0.0,0.0,0.0,0.0,0.0,0.0,0.0,0.0,0.0,0.0,1.0,0.6,0.0,27,0.14,4.93,Sunderland,17,0,4.89,Spurs,18,1,4.9,West Ham,19,1,4.93,Nott'm Forest,16,0,4.89,Burnley,3,1,4.91,0,0,False,False,4.91,🔴 Tough,-0.14,0.1,0.08,0.018
770,Seth Ridgeon,Midfielder,Fulham,4.5,10,a,100,False,False,0,747,1.0,4,0.0,0.0,0.0,0.0,0.0,0.0,0.0,0.0,0.0,0.0,0.0,0.0,0.0,0.0,0.6,0.0,27,0.02,4.93,Sunderland,17,0,4.89,Spurs,18,1,4.9,West Ham,19,1,4.93,Nott'm Forest,16,0,4.89,Burnley,3,1,4.91,0,0,False,False,4.91,🔴 Tough,0.0,0.02,0.02,0.004
786,Alfie McNally,Goalkeeper,Fulham,4.0,10,a,100,False,False,0,747,1.0,4,0.0,0.0,0.0,0.0,0.0,0.0,0.0,0.0,0.0,0.0,0.0,0.0,0.0,0.0,0.6,0.0,27,0.5,4.93,Sunderland,17,0,4.89,Spurs,18,1,4.9,West Ham,19,1,4.93,Nott'm Forest,16,0,4.89,Burnley,3,1,4.91,0,0,False,False,4.91,🔴 Tough,0.0,0.5,0.43,0.108
168,Facundo Buonanotte,Midfielder,Leeds,4.6,11,a,100,False,False,0,212,1.0,4,0.3333333333333333,0.2,8.0,3.75,0.0,0.0,0.0,0.0,3.6666666666666665,0.1999999999999999,0.1333333333333333,0.0,0.3333333333333333,2.0,0.6,0.0,27,0.8,4.93,Aston Villa,2,0,4.96,Man City,13,1,4.93,Sunderland,17,1,4.89,Crystal Palace,8,0,4.93,Brentford,5,1,4.93,0,0,False,False,4.94,🔴 Tough,-0.8,0.56,0.47,0.102
339,Illan Meslier,Goalkeeper,Leeds,4.1,11,a,100,False,False,0,212,1.0,4,0.0,0.0,0.0,0.0,0.0,0.0,0.0,0.0,0.0,0.0,0.0,0.0,0.0,0.0,0.6,0.0,27,0.04,4.93,Aston Villa,2,0,4.96,Man City,13,1,4.93,Sunderland,17,1,4.89,Crystal Palace,8,0,4.93,Brentford,5,1,4.93,0,0,False,False,4.94,🔴 Tough,-0.04,0.03,0.03,0.007
340,Alex Cairns,Goalkeeper,Leeds,3.9,11,a,100,False,False,0,212,1.0,4,0.0,0.0,0.0,0.0,0.0,0.0,0.0,0.0,0.0,0.0,0.0,0.0,0.0,0.0,0.6,0.0,27,0.05,4.93,Aston Villa,2,0,4.96,Man City,13,1,4.93,Sunderland,17,1,4.89,Crystal Palace,8,0,4.93,Brentford,5,1,4.93,0,0,False,False,4.94,🔴 Tough,-0.05,0.04,0.03,0.008
341,Karl Darlow,Goalkeeper,Leeds,3.9,11,a,100,False,False,0,212,1.0,4,2.0,2.4,90.0,2.0,0.0,0.0,0.0,0.0,0.0,0.0,30.666666666666668,3.6666666666666665,0.0,4.0,0.6,0.0,27,2.08,4.93,Aston Villa,2,0,4.96,Man City,13,1,4.93,Sunderland,17,1,4.89,Crystal Palace,8,0,4.93,Brentford,5,1,4.93,0,0,False,False,4.94,🔴 Tough,-2.08,1.46,1.27,0.326
342,Jayden Bogle,Defender,Leeds,4.4,11,a,100,False,False,0,212,1.0,4,3.333333333333333,3.2,90.0,3.333333333333334,0.3333333333333333,0.0,0.0,0.0,13.666666666666666,11.333333333333334,24.73333333333333,0.0,0.0,4.0,0.6,0.0,27,3.01,4.93,Aston Villa,2,0,4.96,Man City,13,1,4.93,Sunderland,17,1,4.89,Crystal Palace,8,0,4.93,Brentford,5,1,4.93,0,0,False,False,4.94,🔴 Tough,-3.01,2.11,1.9,0.432
343,Pascal Struijk,Defender,Leeds,4.3,11,a,100,False,False,0,212,1.0,4,3.333333333333333,3.6,90.0,3.333333333333334,0.0,0.0,0.0,0.0,11.666666666666666,0.8333333333333335,33.2,0.0,0.0,5.0,0.6,0.0,27,2.49,4.93,Aston Villa,2,0,4.96,Man City,13,1,4.93,Sunderland,17,1,4.89,Crystal Palace,8,0,4.93,Brentford,5,1,4.93,0,0,False,False,4.94,🔴 Tough,-2.49,1.74,1.56,0.363
344,Jaka Bijol,Defender,Leeds,3.9,11,a,100,False,False,0,212,1.0,4,0.0,0.6,0.0,0.0,0.0,0.0,0.0,0.0,0.0,0.0,0.0,0.0,0.0,1.0,0.6,0.0,27,0.06,4.93,Aston Villa,2,0,4.96,Man City,13,1,4.93,Sunderland,17,1,4.89,Crystal Palace,8,0,4.93,Brentford,5,1,4.93,0,0,False,False,4.94,🔴 Tough,-0.06,0.04,0.04,0.01
345,Sebastiaan Bornauw,Defender,Leeds,3.8,11,a,100,False,False,0,212,1.0,4,1.6666666666666667,1.4,28.33333333333333,5.294117647058824,0.0,0.0,0.0,0.0,0.0,0.0666666666666666,11.266666666666666,0.0,0.0,4.0,0.6,0.0,27,0.55,4.93,Aston Villa,2,0,4.96,Man City,13,1,4.93,Sunderland,17,1,4.89,Crystal Palace,8,0,4.93,Brentford,5,1,4.93,0,0,False,False,4.94,🔴 Tough,-0.55,0.38,0.34,0.089
346,Sam Byram,Defender,Leeds,3.8,11,a,100,False,False,0,212,1.0,4,0.0,0.0,0.0,0.0,0.0,0.0,0.0,0.0,0.0,0.0,0.0,0.0,0.0,0.0,0.6,0.0,27,0.0,4.93,Aston Villa,2,0,4.96,Man City,13,1,4.93,Sunderland,17,1,4.89,Crystal Palace,8,0,4.93,Brentford,5,1,4.93,0,0,False,False,4.94,🔴 Tough,0.0,0.0,0.0,0.0
347,Gabriel Gudmundsson,Defender,Leeds,3.8,11,a,100,False,False,0,212,1.0,4,0.3333333333333333,1.4,60.0,0.4999999999999999,0.0,0.0,0.0,0.0,2.6666666666666665,7.2,11.4,0.0,0.3333333333333333,4.0,0.6,0.0,27,2.29,4.93,Aston Villa,2,0,4.96,Man City,13,1,4.93,Sunderland,17,1,4.89,Crystal Palace,8,0,4.93,Brentford,5,1,4.93,0,0,False,False,4.94,🔴 Tough,-1.29,1.9,1.71,0.45
348,Joe Rodon,Defender,Leeds,3.9,11,a,100,False,False,0,212,1.0,4,3.333333333333333,3.4,90.0,3.333333333333334,0.0,0.0,0.0,0.0,2.333333333333333,0.6333333333333334,22.6,0.0,0.0,5.0,0.6,0.0,27,2.38,4.93,Aston Villa,2,0,4.96,Man City,13,1,4.93,Sunderland,17,1,4.89,Crystal Palace,8,0,4.93,Brentford,5,1,4.93,0,0,False,False,4.94,🔴 Tough,0.62,2.57,2.31,0.592
350,Brenden Aaronson,Midfielder,Leeds,5.4,11,a,100,False,False,0,212,1.0,4,3.0,5.2,77.0,3.5064935064935066,0.0,0.0,0.3333333333333333,0.0,10.0,10.433333333333335,8.466666666666667,0.0,0.0,5.0,0.6,0.0,27,1.41,4.93,Aston Villa,2,0,4.96,Man City,13,1,4.93,Sunderland,17,1,4.89,Crystal Palace,8,0,4.93,Brentford,5,1,4.93,0,0,False,False,4.94,🔴 Tough,0.59,1.59,1.33,0.246
351,Wilfried Gnonto,Midfielder,Leeds,5.2,11,a,100,False,False,0,212,1.0,4,0.3333333333333333,0.6,3.0,10.0,0.0,0.0,0.0,0.0,0.6666666666666666,0.2666666666666666,0.0,0.0,0.0,3.0,0.6,0.0,27,0.4,4.93,Aston Villa,2,0,4.96,Man City,13,1,4.93,Sunderland,17,1,4.89,Crystal Palace,8,0,4.93,Brentford,5,1,4.93,0,0,False,False,4.94,🔴 Tough,-0.4,0.28,0.23,0.044
353,Daniel James,Midfielder,Leeds,5.2,11,a,100,False,False,0,212,1.0,4,0.3333333333333333,0.2,4.0,7.5,0.0,0.0,0.0,0.0,2.0,0.2666666666666666,0.0666666666666666,0.0,0.0,1.0,0.6,0.0,27,0.65,4.93,Aston Villa,2,0,4.96,Man City,13,1,4.93,Sunderland,17,1,4.89,Crystal Palace,8,0,4.93,Brentford,5,1,4.93,0,0,False,False,4.94,🔴 Tough,0.35,0.76,0.63,0.121
354,Ethan Ampadu,Midfielder,Leeds,4.9,11,a,100,False,False,0,212,1.0,4,2.6666666666666665,3.6,90.0,2.6666666666666665,0.0,0.0,0.0,0.0,0.6666666666666666,6.866666666666667,10.6,0.0,0.0,5.0,0.6,0.0,27,2.03,4.93,Aston Villa,2,0,4.96,Man City,13,1,4.93,Sunderland,17,1,4.89,Crystal Palace,8,0,4.93,Brentford,5,1,4.93,0,0,False,False,4.94,🔴 Tough,1.97,2.62,2.19,0.447
356,Ilia Gruev,Midfielder,Leeds,4.7,11,a,100,False,False,0,212,1.0,4,4.666666666666667,4.8,66.66666666666667,6.299999999999999,0.0,0.6666666666666666,0.3333333333333333,1.0,13.666666666666666,17.9,20.133333333333333,0.0,0.3333333333333333,5.0,0.6,0.0,27,2.06,4.93,Aston Villa,2,0,4.96,Man City,13,1,4.93,Sunderland,17,1,4.89,Crystal Palace,8,0,4.93,Brentford,5,1,4.93,0,0,False,False,4.94,🔴 Tough,-2.06,1.44,1.2,0.255
358,Tanaka Ao,Midfielder,Leeds,4.8,11,a,100,False,False,0,212,1.0,4,0.3333333333333333,0.6,8.0,3.75,0.0,0.0,0.0,0.0,0.0,1.1,2.1333333333333333,0.0,0.0,3.0,0.6,0.0,27,0.87,4.93,Aston Villa,2,0,4.96,Man City,13,1,4.93,Sunderland,17,1,4.89,Crystal Palace,8,0,4.93,Brentford,5,1,4.93,0,0,False,False,4.94,🔴 Tough,1.13,1.21,1.01,0.21
362,Joël Piroe,Forward,Leeds,4.9,11,a,100,False,False,0,212,1.0,4,0.3333333333333333,0.2,1.6666666666666667,18.0,0.0,0.0,0.0,0.0,0.0,0.4333333333333333,0.6666666666666666,0.0,0.0,1.0,0.6,0.0,27,0.58,4.93,Aston Villa,2,0,4.96,Man City,13,1,4.93,Sunderland,17,1,4.89,Crystal Palace,8,0,4.93,Brentford,5,1,4.93,0,0,False,False,4.94,🔴 Tough,0.42,0.71,0.59,0.12
365,Lukas Nmecha,Forward,Leeds,5.0,11,a,100,False,False,0,212,1.0,4,0.0,1.6,0.0,0.0,0.0,0.0,0.0,0.0,0.0,0.0,0.0,0.0,0.0,2.0,0.6,0.0,27,5.31,4.93,Aston Villa,2,0,4.96,Man City,13,1,4.93,Sunderland,17,1,4.89,Crystal Palace,8,0,4.93,Brentford,5,1,4.93,0,0,False,False,4.94,🔴 Tough,2.69,6.12,5.11,1.022
493,Sean Longstaff,Midfielder,Leeds,4.8,11,a,100,False,False,0,212,1.0,4,1.0,0.6,19.33333333333333,4.655172413793104,0.0,0.0,0.0,0.0,3.6666666666666665,5.333333333333333,3.0,0.0,0.0,3.0,0.6,0.0,27,0.73,4.93,Aston Villa,2,0,4.96,Man City,13,1,4.93,Sunderland,17,1,4.89,Crystal Palace,8,0,4.93,Brentford,5,1,4.93,0,0,False,False,4.94,🔴 Tough,1.27,1.11,0.93,0.194
660,Anton Stach,Midfielder,Leeds,4.7,11,a,100,False,False,0,212,1.0,4,3.333333333333333,2.4,54.66666666666666,5.487804878048781,0.0,0.3333333333333333,0.0,0.6666666666666666,7.0,15.133333333333333,20.8,0.0,0.3333333333333333,3.0,0.6,0.0,27,0.81,4.93,Aston Villa,2,0,4.96,Man City,13,1,4.93,Sunderland,17,1,4.89,Crystal Palace,8,0,4.93,Brentford,5,1,4.93,0,0,False,False,4.94,🔴 Tough,3.19,1.77,1.48,0.315
665,Lucas Estella Perri,Goalkeeper,Leeds,4.5,11,a,100,False,False,0,212,1.0,4,0.0,0.2,0.0,0.0,0.0,0.0,0.0,0.0,0.0,0.0,0.0,0.0,0.0,1.0,0.6,0.0,27,0.22,4.93,Aston Villa,2,0,4.96,Man City,13,1,4.93,Sunderland,17,1,4.89,Crystal Palace,8,0,4.93,Brentford,5,1,4.93,0,0,False,False,4.94,🔴 Tough,0.78,0.45,0.39,0.087
691,Dominic Calvert-Lewin,Forward,Leeds,5.9,11,a,100,False,False,0,212,1.0,4,3.6666666666666665,4.2,88.0,3.75,0.3333333333333333,0.0,0.0,0.3333333333333333,18.33333333333333,4.1000000000000005,13.733333333333333,0.0,0.0,5.0,0.6,0.0,27,3.25,4.93,Aston Villa,2,0,4.96,Man City,13,1,4.93,Sunderland,17,1,4.89,Crystal Palace,8,0,4.93,Brentford,5,1,4.93,0,0,False,False,4.94,🔴 Tough,-2.25,2.58,2.15,0.364
706,James Justin,Defender,Leeds,3.9,11,a,100,False,False,0,212,1.0,4,5.333333333333333,5.0,75.0,6.4,0.3333333333333333,0.3333333333333333,0.0,1.0,21.33333333333333,22.566666666666663,29.399999999999995,0.0,0.0,5.0,0.6,0.0,27,0.75,4.93,Aston Villa,2,0,4.96,Man City,13,1,4.93,Sunderland,17,1,4.89,Crystal Palace,8,0,4.93,Brentford,5,1,4.93,0,0,False,False,4.94,🔴 Tough,-0.75,0.52,0.47,0.121
787,Sam Chambers,Midfielder,Leeds,4.4,11,a,100,False,False,0,212,1.0,4,0.0,0.0,0.0,0.0,0.0,0.0,0.0,0.0,0.0,0.0,0.0,0.0,0.0,0.0,0.6,0.0,27,0.02,4.93,Aston Villa,2,0,4.96,Man City,13,1,4.93,Sunderland,17,1,4.89,Crystal Palace,8,0,4.93,Brentford,5,1,4.93,0,0,False,False,4.94,🔴 Tough,0.0,0.02,0.02,0.005
366,Alisson Becker,Goalkeeper,Liverpool,5.4,12,a,100,False,False,0,95,1.0,3,1.3333333333333333,3.2,90.0,1.3333333333333333,0.0,0.0,0.0,0.0,0.0,0.0,21.066666666666663,2.6666666666666665,0.3333333333333333,5.0,0.6,0.0,27,7.53,4.93,Nott'm Forest,16,0,4.9,West Ham,19,1,4.93,Wolves,20,0,4.89,Spurs,18,1,4.94,Brighton,6,0,4.92,0,0,False,False,4.92,🔴 Tough,-5.53,5.87,5.16,0.956
367,Giorgi Mamardashvili,Goalkeeper,Liverpool,4.1,12,a,100,False,False,0,95,1.0,3,0.0,0.0,0.0,0.0,0.0,0.0,0.0,0.0,0.0,0.0,0.0,0.0,0.0,0.0,0.6,0.0,27,0.04,4.93,Nott'm Forest,16,0,4.9,West Ham,19,1,4.93,Wolves,20,0,4.89,Spurs,18,1,4.94,Brighton,6,0,4.92,0,0,False,False,4.92,🔴 Tough,-0.04,0.03,0.03,0.007
368,Ármin Pécsi,Goalkeeper,Liverpool,3.8,12,a,100,False,False,0,95,1.0,3,0.0,0.0,0.0,0.0,0.0,0.0,0.0,0.0,0.0,0.0,0.0,0.0,0.0,0.0,0.6,0.0,27,0.05,4.93,Nott'm Forest,16,0,4.9,West Ham,19,1,4.93,Wolves,20,0,4.89,Spurs,18,1,4.94,Brighton,6,0,4.92,0,0,False,False,4.92,🔴 Tough,-0.05,0.04,0.04,0.011
369,Freddie Woodman,Goalkeeper,Liverpool,3.9,12,a,100,False,False,0,95,1.0,3,0.0,0.0,0.0,0.0,0.0,0.0,0.0,0.0,0.0,0.0,0.0,0.0,0.0,0.0,0.6,0.0,27,0.05,4.93,Nott'm Forest,16,0,4.9,West Ham,19,1,4.93,Wolves,20,0,4.89,Spurs,18,1,4.94,Brighton,6,0,4.92,0,0,False,False,4.92,🔴 Tough,-0.05,0.04,0.04,0.01
371,Milos Kerkez,Defender,Liverpool,5.6,12,a,100,False,False,0,95,1.0,3,2.0,3.2,75.0,2.4000000000000004,0.0,0.3333333333333333,0.0,0.0,1.3333333333333333,14.333333333333334,16.400000000000002,0.0,0.0,5.0,0.6,0.0,27,2.93,4.93,Nott'm Forest,16,0,4.9,West Ham,19,1,4.93,Wolves,20,0,4.89,Spurs,18,1,4.94,Brighton,6,0,4.92,0,0,False,False,4.92,🔴 Tough,-1.93,2.35,2.15,0.384
372,Andrew Robertson,Defender,Liverpool,5.7,12,a,100,False,False,0,95,1.0,3,0.3333333333333333,0.4,15.0,2.0,0.0,0.0,0.0,0.0,2.6666666666666665,4.233333333333333,1.9333333333333331,0.0,0.0,2.0,0.6,0.0,27,3.4,4.93,Nott'm Forest,16,0,4.9,West Ham,19,1,4.93,Wolves,20,0,4.89,Spurs,18,1,4.94,Brighton,6,0,4.92,0,0,False,False,4.92,🔴 Tough,-2.4,2.68,2.45,0.43
373,Virgil van Dijk,Defender,Liverpool,5.9,12,a,100,False,False,0,95,1.0,3,4.333333333333333,4.2,90.0,4.333333333333333,0.3333333333333333,0.0,0.0,0.0,24.33333333333333,5.266666666666666,33.86666666666667,0.0,0.3333333333333333,5.0,0.6,0.0,27,12.02,4.93,Nott'm Forest,16,0,4.9,West Ham,19,1,4.93,Wolves,20,0,4.89,Spurs,18,1,4.94,Brighton,6,0,4.92,0,0,False,False,4.92,🔴 Tough,-9.02,9.31,8.5,1.441
374,Ibrahima Konaté,Defender,Liverpool,5.4,12,a,100,False,False,0,95,1.0,3,4.0,4.2,60.0,6.0,0.3333333333333333,0.0,0.0,0.3333333333333333,7.333333333333333,0.6333333333333333,24.666666666666668,0.0,0.0,4.0,0.6,0.0,27,3.55,4.93,Nott'm Forest,16,0,4.9,West Ham,19,1,4.93,Wolves,20,0,4.89,Spurs,18,1,4.94,Brighton,6,0,4.92,0,0,False,False,4.92,🔴 Tough,-3.55,2.48,2.26,0.419
376,Joe Gomez,Defender,Liverpool,4.9,12,a,100,False,False,0,95,1.0,3,0.0,0.2,11.0,0.0,0.0,0.0,0.0,0.0,0.6666666666666666,0.1999999999999999,1.5333333333333332,0.0,0.0,2.0,0.6,0.0,27,0.51,4.93,Nott'm Forest,16,0,4.9,West Ham,19,1,4.93,Wolves,20,0,4.89,Spurs,18,1,4.94,Brighton,6,0,4.92,0,0,False,False,4.92,🔴 Tough,-0.51,0.36,0.33,0.067
378,Amara Nallo,Defender,Liverpool,3.7,12,a,100,False,False,0,95,1.0,3,0.0,0.0,0.0,0.0,0.0,0.0,0.0,0.0,0.0,0.0,0.0,0.0,0.0,0.0,0.6,0.0,27,0.01,4.93,Nott'm Forest,16,0,4.9,West Ham,19,1,4.93,Wolves,20,0,4.89,Spurs,18,1,4.94,Brighton,6,0,4.92,0,0,False,False,4.92,🔴 Tough,-0.01,0.01,0.01,0.003
379,Rhys Williams,Defender,Liverpool,3.7,12,a,100,False,False,0,95,1.0,3,0.0,0.0,0.0,0.0,0.0,0.0,0.0,0.0,0.0,0.0,0.0,0.0,0.0,0.0,0.6,0.0,27,0.01,4.93,Nott'm Forest,16,0,4.9,West Ham,19,1,4.93,Wolves,20,0,4.89,Spurs,18,1,4.94,Brighton,6,0,4.92,0,0,False,False,4.92,🔴 Tough,-0.01,0.01,0.01,0.003
380,Calvin Ramsay,Defender,Liverpool,3.8,12,a,100,False,False,0,95,1.0,3,0.0,0.0,0.0,0.0,0.0,0.0,0.0,0.0,0.0,0.0,0.0,0.0,0.0,0.0,0.6,0.0,27,0.01,4.93,Nott'm Forest,16,0,4.9,West Ham,19,1,4.93,Wolves,20,0,4.89,Spurs,18,1,4.94,Brighton,6,0,4.92,0,0,False,False,4.92,🔴 Tough,-0.01,0.01,0.01,0.003
381,Mohamed Salah,Midfielder,Liverpool,14.0,12,a,100,False,False,0,95,1.0,3,4.0,2.4,87.66666666666667,4.106463878326996,0.0,0.6666666666666666,0.0,0.0,48.0,31.866666666666664,15.266666666666666,0.0,0.0,3.0,0.6,0.0,27,5.91,4.93,Nott'm Forest,16,0,4.9,West Ham,19,1,4.93,Wolves,20,0,4.89,Spurs,18,1,4.94,Brighton,6,0,4.92,0,0,False,False,4.92,🔴 Tough,-3.91,4.74,4.01,0.286
382,Florian Wirtz,Midfielder,Liverpool,8.4,12,a,100,False,False,0,95,1.0,3,5.333333333333333,5.8,88.66666666666667,5.413533834586466,0.3333333333333333,0.3333333333333333,0.0,0.6666666666666666,17.666666666666668,28.866666666666664,25.46666666666667,0.0,0.0,5.0,0.6,1.0,27,4.24,4.93,Nott'm Forest,16,0,4.9,West Ham,19,1,4.93,Wolves,20,0,4.89,Spurs,18,1,4.94,Brighton,6,0,4.92,0,0,False,False,4.92,🔴 Tough,-4.24,2.97,2.51,0.299
384,Cody Gakpo,Midfielder,Liverpool,7.3,12,a,100,False,False,0,95,1.0,3,2.6666666666666665,2.6,82.33333333333333,2.91497975708502,0.0,0.0,0.0,0.0,13.0,24.0,11.6,0.0,0.0,5.0,0.6,0.0,27,2.87,4.93,Nott'm Forest,16,0,4.9,West Ham,19,1,4.93,Wolves,20,0,4.89,Spurs,18,1,4.94,Brighton,6,0,4.92,0,0,False,False,4.92,🔴 Tough,-0.87,2.61,2.21,0.303
385,Federico Chiesa,Midfielder,Liverpool,6.3,12,a,100,False,False,0,95,1.0,3,0.6666666666666666,0.6,2.333333333333333,25.71428571428571,0.0,0.0,0.0,0.0,6.333333333333333,0.1999999999999999,1.5333333333333334,0.0,0.0,3.0,0.6,0.0,27,0.63,4.93,Nott'm Forest,16,0,4.9,West Ham,19,1,4.93,Wolves,20,0,4.89,Spurs,18,1,4.94,Brighton,6,0,4.92,0,0,False,False,4.92,🔴 Tough,-0.63,0.44,0.37,0.059
386,Alexis Mac Allister,Midfielder,Liverpool,6.2,12,a,100,False,False,0,95,1.0,3,1.3333333333333333,1.4,79.33333333333333,1.512605042016807,0.0,0.0,0.0,0.0,5.666666666666667,13.133333333333336,9.133333333333333,0.0,0.3333333333333333,5.0,0.6,0.0,27,2.71,4.93,Nott'm Forest,16,0,4.9,West Ham,19,1,4.93,Wolves,20,0,4.89,Spurs,18,1,4.94,Brighton,6,0,4.92,0,0,False,False,4.92,🔴 Tough,-0.71,2.5,2.12,0.342
387,Dominik Szoboszlai,Midfielder,Liverpool,6.7,12,a,100,False,False,0,95,1.0,3,8.666666666666666,5.8,90.0,8.666666666666666,0.6666666666666666,0.3333333333333333,0.0,2.0,11.666666666666666,40.53333333333334,47.06666666666666,0.0,0.0,5.0,0.6,0.0,27,1.71,4.93,Nott'm Forest,16,0,4.9,West Ham,19,1,4.93,Wolves,20,0,4.89,Spurs,18,1,4.94,Brighton,6,0,4.92,0,0,False,False,4.92,🔴 Tough,0.29,1.8,1.52,0.227
388,Curtis Jones,Midfielder,Liverpool,5.4,12,a,100,False,False,0,95,1.0,3,1.0,1.6,14.0,6.428571428571428,0.0,0.0,0.0,0.0,2.333333333333333,2.5,2.533333333333333,0.0,0.0,4.0,0.6,0.0,27,1.29,4.93,Nott'm Forest,16,0,4.9,West Ham,19,1,4.93,Wolves,20,0,4.89,Spurs,18,1,4.94,Brighton,6,0,4.92,0,0,False,False,4.92,🔴 Tough,0.71,1.5,1.27,0.235
390,Ryan Gravenberch,Midfielder,Liverpool,5.5,12,a,100,False,False,0,95,1.0,3,3.333333333333333,3.0,90.0,3.333333333333334,0.0,0.3333333333333333,0.0,0.0,3.0,17.166666666666668,17.66666666666667,0.0,0.3333333333333333,5.0,0.6,-1.0,27,3.59,4.93,Nott'm Forest,16,0,4.9,West Ham,19,1,4.93,Wolves,20,0,4.89,Spurs,18,1,4.94,Brighton,6,0,4.92,0,0,False,False,4.92,🔴 Tough,-2.59,2.81,2.38,0.433
396,Trey Nyoni,Midfielder,Liverpool,4.3,12,a,100,False,False,0,95,1.0,3,0.0,0.0,0.0,0.0,0.0,0.0,0.0,0.0,0.0,0.0,0.0,0.0,0.0,0.0,0.6,0.0,27,0.01,4.93,Nott'm Forest,16,0,4.9,West Ham,19,1,4.93,Wolves,20,0,4.89,Spurs,18,1,4.94,Brighton,6,0,4.92,0,0,False,False,4.92,🔴 Tough,-0.01,0.01,0.01,0.002
661,Hugo Ekitiké,Forward,Liverpool,8.9,12,a,100,False,False,0,95,1.0,3,5.333333333333333,3.6,68.0,7.0588235294117645,0.6666666666666666,0.0,0.0,1.0,34.333333333333336,13.8,25.466666666666665,0.0,0.0,4.0,0.6,0.0,27,4.01,4.93,Nott'm Forest,16,0,4.9,West Ham,19,1,4.93,Wolves,20,0,4.89,Spurs,18,1,4.94,Brighton,6,0,4.92,0,0,False,False,4.92,🔴 Tough,-3.01,3.11,2.63,0.296
686,Rio Ngumoha,Midfielder,Liverpool,4.3,12,a,100,False,False,0,95,1.0,3,0.3333333333333333,0.4,5.333333333333333,5.625,0.0,0.0,0.0,0.0,2.6666666666666665,0.5,0.3333333333333333,0.0,0.0,2.0,0.6,0.0,27,0.52,4.93,Nott'm Forest,16,0,4.9,West Ham,19,1,4.93,Wolves,20,0,4.89,Spurs,18,1,4.94,Brighton,6,0,4.92,0,0,False,False,4.92,🔴 Tough,0.48,0.66,0.56,0.13
746,Kieran Morrison,Midfielder,Liverpool,4.5,12,a,100,False,False,0,95,1.0,3,0.0,0.0,0.0,0.0,0.0,0.0,0.0,0.0,0.0,0.0,0.0,0.0,0.0,0.0,0.6,0.0,27,0.01,4.93,Nott'm Forest,16,0,4.9,West Ham,19,1,4.93,Wolves,20,0,4.89,Spurs,18,1,4.94,Brighton,6,0,4.92,0,0,False,False,4.92,🔴 Tough,-0.01,0.01,0.01,0.002
760,Wellity Lucky,Defender,Liverpool,4.0,12,a,100,False,False,0,95,1.0,3,0.0,0.0,0.0,0.0,0.0,0.0,0.0,0.0,0.0,0.0,0.0,0.0,0.0,0.0,0.6,0.0,27,0.01,4.93,Nott'm Forest,16,0,4.9,West Ham,19,1,4.93,Wolves,20,0,4.89,Spurs,18,1,4.94,Brighton,6,0,4.92,0,0,False,False,4.92,🔴 Tough,0.0,0.01,0.01,0.002
82,Antoine Semenyo,Midfielder,Man City,8.0,13,a,100,False,False,1,603,1.0,3,5.666666666666667,5.0,90.0,5.666666666666667,0.6666666666666666,0.0,0.3333333333333333,0.0,31.0,9.3,25.466666666666665,0.0,0.0,5.0,0.4,1.0,27,10.29,4.91,Newcastle,15,1,4.9,Leeds,11,0,4.93,Nott'm Forest,16,1,4.9,West Ham,19,0,6.0,BLANK,-1,0,4.91,1,0,False,True,4.91,🔴 Tough,-5.29,8.7,7.88,0.985
182,James Trafford,Goalkeeper,Man City,4.5,13,a,100,False,False,1,603,1.0,3,0.0,0.0,0.0,0.0,0.0,0.0,0.0,0.0,0.0,0.0,0.0,0.0,0.0,0.0,0.4,0.0,27,0.16,4.91,Newcastle,15,1,4.9,Leeds,11,0,4.93,Nott'm Forest,16,1,4.9,West Ham,19,0,6.0,BLANK,-1,0,4.91,1,0,False,True,4.91,🔴 Tough,-0.16,0.11,0.1,0.022
260,Marc Guéhi,Defender,Man City,5.2,13,a,100,False,False,1,603,1.0,3,4.0,3.6,90.0,4.0,0.0,0.0,0.3333333333333333,0.0,22.33333333333333,8.366666666666667,29.2,0.0,0.3333333333333333,4.0,0.4,0.0,27,4.44,4.91,Newcastle,15,1,4.9,Leeds,11,0,4.93,Nott'm Forest,16,1,4.9,West Ham,19,0,6.0,BLANK,-1,0,4.91,1,0,False,True,4.91,🔴 Tough,-2.44,3.71,3.52,0.677
401,Marcus Bettinelli,Goalkeeper,Man City,3.8,13,a,100,False,False,1,603,1.0,3,0.0,0.0,0.0,0.0,0.0,0.0,0.0,0.0,0.0,0.0,0.0,0.0,0.0,0.0,0.4,0.0,27,0.08,4.91,Newcastle,15,1,4.9,Leeds,11,0,4.93,Nott'm Forest,16,1,4.9,West Ham,19,0,6.0,BLANK,-1,0,4.91,1,0,False,True,4.91,🔴 Tough,-0.08,0.06,0.05,0.013
402,Rayan Aït-Nouri,Defender,Man City,5.7,13,a,100,False,False,1,603,1.0,3,1.3333333333333333,1.0,53.0,2.2641509433962264,0.0,0.0,0.0,0.0,8.0,5.833333333333333,6.466666666666666,0.0,0.0,3.0,0.4,0.0,27,4.89,4.91,Newcastle,15,1,4.9,Leeds,11,0,4.93,Nott'm Forest,16,1,4.9,West Ham,19,0,6.0,BLANK,-1,0,4.91,1,0,False,True,4.91,🔴 Tough,-4.89,3.42,3.24,0.568
405,Nathan Aké,Defender,Man City,5.3,13,a,100,False,False,1,603,1.0,3,0.3333333333333333,0.8,0.3333333333333333,90.0,0.0,0.0,0.0,0.0,0.0,3.333333333333332,1.6666666666666667,0.0,0.0,3.0,0.4,0.0,27,2.2,4.91,Newcastle,15,1,4.9,Leeds,11,0,4.93,Nott'm Forest,16,1,4.9,West Ham,19,0,6.0,BLANK,-1,0,4.91,1,0,False,True,4.91,🔴 Tough,-2.2,1.54,1.46,0.275
406,Abdukodir Khusanov,Defender,Man City,5.4,13,a,100,False,False,1,603,1.0,3,4.0,3.4,80.0,4.5,0.0,0.0,0.6666666666666666,0.0,1.3333333333333333,4.766666666666667,12.800000000000002,0.0,0.3333333333333333,5.0,0.4,0.0,27,3.44,4.91,Newcastle,15,1,4.9,Leeds,11,0,4.93,Nott'm Forest,16,1,4.9,West Ham,19,0,6.0,BLANK,-1,0,4.91,1,0,False,True,4.91,🔴 Tough,-3.44,2.41,2.28,0.422
407,Matheus Nunes,Defender,Man City,5.4,13,a,100,False,False,1,603,1.0,3,5.666666666666667,3.8,90.0,5.666666666666667,0.0,0.6666666666666666,0.3333333333333333,1.0,1.3333333333333333,17.8,19.466666666666665,0.0,0.3333333333333333,4.0,0.4,0.0,27,4.44,4.91,Newcastle,15,1,4.9,Leeds,11,0,4.93,Nott'm Forest,16,1,4.9,West Ham,19,0,6.0,BLANK,-1,0,4.91,1,0,False,True,4.91,🔴 Tough,-3.44,3.41,3.23,0.598
408,Rúben dos Santos Gato Alves Dias,Defender,Man City,5.5,13,a,100,False,False,1,603,1.0,3,0.3333333333333333,0.2,9.666666666666666,3.103448275862069,0.0,0.0,0.0,0.0,0.3333333333333333,0.2666666666666666,1.7333333333333358,0.0,0.0,1.0,0.4,0.0,27,2.19,4.91,Newcastle,15,1,4.9,Leeds,11,0,4.93,Nott'm Forest,16,1,4.9,West Ham,19,0,6.0,BLANK,-1,0,4.91,1,0,False,True,4.91,🔴 Tough,4.81,3.63,3.44,0.625
409,John Stones,Defender,Man City,5.4,13,a,100,False,False,1,603,1.0,3,0.0,0.0,0.0,0.0,0.0,0.0,0.0,0.0,0.0,0.0,0.0,0.0,0.0,0.0,0.4,0.0,27,0.1,4.91,Newcastle,15,1,4.9,Leeds,11,0,4.93,Nott'm Forest,16,1,4.9,West Ham,19,0,6.0,BLANK,-1,0,4.91,1,0,False,True,4.91,🔴 Tough,-0.1,0.07,0.07,0.013
410,Rico Lewis,Defender,Man City,4.6,13,a,100,False,False,1,603,1.0,3,0.0,0.2,0.0,0.0,0.0,0.0,0.0,0.0,0.0,0.0,0.0,0.0,0.0,2.0,0.4,0.0,27,0.18,4.91,Newcastle,15,1,4.9,Leeds,11,0,4.93,Nott'm Forest,16,1,4.9,West Ham,19,0,6.0,BLANK,-1,0,4.91,1,0,False,True,4.91,🔴 Tough,-0.18,0.13,0.12,0.026
411,Nico O'Reilly,Defender,Man City,4.9,13,a,100,False,False,1,603,1.0,3,3.0,1.8,90.0,3.0,0.0,0.0,0.3333333333333333,0.0,2.333333333333333,13.96666666666667,13.466666666666669,0.0,0.0,5.0,0.4,-1.0,27,8.68,4.91,Newcastle,15,1,4.9,Leeds,11,0,4.93,Nott'm Forest,16,1,4.9,West Ham,19,0,6.0,BLANK,-1,0,4.91,1,0,False,True,4.91,🔴 Tough,-7.68,6.38,6.05,1.235
413,Omar Marmoush,Midfielder,Man City,8.3,13,a,100,False,False,1,603,1.0,3,4.333333333333333,2.6,44.66666666666666,8.73134328358209,0.3333333333333333,0.0,0.6666666666666666,0.6666666666666666,13.666666666666666,18.4,12.8,0.0,0.3333333333333333,3.0,0.4,0.0,27,2.16,4.91,Newcastle,15,1,4.9,Leeds,11,0,4.93,Nott'm Forest,16,1,4.9,West Ham,19,0,6.0,BLANK,-1,0,4.91,1,0,False,True,4.91,🔴 Tough,-1.16,1.81,1.64,0.198
414,Phil Foden,Midfielder,Man City,8.2,13,a,100,False,False,1,603,1.0,3,0.6666666666666666,1.0,10.333333333333334,5.806451612903226,0.0,0.0,0.0,0.0,0.0,10.433333333333335,3.2000000000000006,0.0,0.0,4.0,0.4,-1.0,27,1.81,4.91,Newcastle,15,1,4.9,Leeds,11,0,4.93,Nott'm Forest,16,1,4.9,West Ham,19,0,6.0,BLANK,-1,0,4.91,1,0,False,True,4.91,🔴 Tough,0.19,1.87,1.69,0.206
415,Sávio Moreira de Oliveira,Midfielder,Man City,6.9,13,a,100,False,False,1,603,1.0,3,0.0,0.0,0.0,0.0,0.0,0.0,0.0,0.0,0.0,0.0,0.0,0.0,0.0,0.0,0.4,0.0,27,0.18,4.91,Newcastle,15,1,4.9,Leeds,11,0,4.93,Nott'm Forest,16,1,4.9,West Ham,19,0,6.0,BLANK,-1,0,4.91,1,0,False,True,4.91,🔴 Tough,0.82,0.43,0.39,0.057
416,Bernardo Mota Veiga de Carvalho e Silva,Midfielder,Man City,6.2,13,a,100,False,False,1,603,1.0,3,6.0,4.4,89.0,6.067415730337078,0.3333333333333333,0.6666666666666666,0.3333333333333333,0.3333333333333333,9.0,36.03333333333333,38.8,0.0,0.3333333333333333,5.0,0.4,0.0,27,1.53,4.91,Newcastle,15,1,4.9,Leeds,11,0,4.93,Nott'm Forest,16,1,4.9,West Ham,19,0,6.0,BLANK,-1,0,4.91,1,0,False,True,4.91,🔴 Tough,-0.53,1.37,1.24,0.2
417,Rayan Cherki,Midfielder,Man City,6.5,13,a,100,False,False,1,603,1.0,3,4.0,2.8,56.333333333333336,6.390532544378698,0.3333333333333333,0.0,0.3333333333333333,0.3333333333333333,17.666666666666668,14.333333333333334,14.0,0.0,0.0,5.0,0.4,-1.0,27,1.14,4.91,Newcastle,15,1,4.9,Leeds,11,0,4.93,Nott'm Forest,16,1,4.9,West Ham,19,0,6.0,BLANK,-1,0,4.91,1,0,False,True,4.91,🔴 Tough,5.86,2.9,2.63,0.405
421,Rodrigo 'Rodri' Hernandez Cascante,Midfielder,Man City,6.3,13,a,100,False,False,1,603,1.0,3,3.333333333333333,2.8,90.0,3.333333333333334,0.0,0.0,0.3333333333333333,0.0,2.0,28.5,24.200000000000003,0.0,0.3333333333333333,5.0,0.4,0.0,27,4.11,4.91,Newcastle,15,1,4.9,Leeds,11,0,4.93,Nott'm Forest,16,1,4.9,West Ham,19,0,6.0,BLANK,-1,0,4.91,1,0,False,True,4.91,🔴 Tough,-4.11,2.88,2.61,0.414
423,Nico González Iglesias,Midfielder,Man City,5.9,13,a,100,False,False,1,603,1.0,3,0.0,0.8,6.666666666666667,0.0,0.0,0.0,0.0,0.0,0.0,0.6,2.2666666666666666,0.0,0.3333333333333333,2.0,0.4,0.0,27,0.78,4.91,Newcastle,15,1,4.9,Leeds,11,0,4.93,Nott'm Forest,16,1,4.9,West Ham,19,0,6.0,BLANK,-1,0,4.91,1,0,False,True,4.91,🔴 Tough,1.22,1.15,1.04,0.176
427,Tijjani Reijnders,Midfielder,Man City,5.1,13,a,100,False,False,1,603,1.0,3,1.3333333333333333,1.4,27.0,4.444444444444445,0.0,0.0,0.3333333333333333,0.0,5.666666666666667,6.599999999999999,0.0,0.0,0.0,4.0,0.4,0.0,27,0.42,4.91,Newcastle,15,1,4.9,Leeds,11,0,4.93,Nott'm Forest,16,1,4.9,West Ham,19,0,6.0,BLANK,-1,0,4.91,1,0,False,True,4.91,🔴 Tough,0.58,0.59,0.53,0.104
428,Sverre Nypan,Midfielder,Man City,5.0,13,a,100,False,False,1,603,1.0,3,0.0,0.0,0.0,0.0,0.0,0.0,0.0,0.0,0.0,0.0,0.0,0.0,0.0,0.0,0.4,0.0,27,0.1,4.91,Newcastle,15,1,4.9,Leeds,11,0,4.93,Nott'm Forest,16,1,4.9,West Ham,19,0,6.0,BLANK,-1,0,4.91,1,0,False,True,4.91,🔴 Tough,-0.1,0.07,0.06,0.012
430,Erling Haaland,Forward,Man City,14.9,13,a,100,False,False,1,603,1.0,3,5.666666666666667,5.0,65.66666666666667,7.766497461928933,0.3333333333333333,0.6666666666666666,0.0,1.0,26.666666666666668,25.433333333333326,29.2,0.0,0.3333333333333333,5.0,0.4,0.0,27,8.28,4.91,Newcastle,15,1,4.9,Leeds,11,0,4.93,Nott'm Forest,16,1,4.9,West Ham,19,0,6.0,BLANK,-1,0,4.91,1,0,False,True,4.91,🔴 Tough,-6.28,6.4,5.8,0.389
736,Gianluigi Donnarumma,Goalkeeper,Man City,5.6,13,a,100,False,False,1,603,1.0,3,4.333333333333333,3.2,90.0,4.333333333333333,0.0,0.0,0.3333333333333333,0.6666666666666666,0.0,0.0,20.4,2.6666666666666665,0.0,5.0,0.4,0.0,27,5.9,4.91,Newcastle,15,1,4.9,Leeds,11,0,4.93,Nott'm Forest,16,1,4.9,West Ham,19,0,6.0,BLANK,-1,0,4.91,1,0,False,True,4.91,🔴 Tough,-4.9,4.43,3.93,0.702
742,Ryan McAidoo,Midfielder,Man City,4.5,13,a,100,False,False,1,603,1.0,3,0.0,0.0,0.0,0.0,0.0,0.0,0.0,0.0,0.0,0.0,0.0,0.0,0.0,0.0,0.4,0.0,27,0.05,4.91,Newcastle,15,1,4.9,Leeds,11,0,4.93,Nott'm Forest,16,1,4.9,West Ham,19,0,6.0,BLANK,-1,0,4.91,1,0,False,True,4.91,🔴 Tough,-0.05,0.04,0.04,0.009
763,Charlie Gray,Midfielder,Man City,4.5,13,a,100,False,False,1,603,1.0,3,0.0,0.0,0.0,0.0,0.0,0.0,0.0,0.0,0.0,0.0,0.0,0.0,0.0,0.0,0.4,0.0,27,0.05,4.91,Newcastle,15,1,4.9,Leeds,11,0,4.93,Nott'm Forest,16,1,4.9,West Ham,19,0,6.0,BLANK,-1,0,4.91,1,0,False,True,4.91,🔴 Tough,0.0,0.05,0.05,0.011
764,Reigan Heskey,Midfielder,Man City,4.5,13,a,100,False,False,1,603,1.0,3,0.0,0.0,0.0,0.0,0.0,0.0,0.0,0.0,0.0,0.0,0.0,0.0,0.0,0.0,0.4,0.0,27,0.05,4.91,Newcastle,15,1,4.9,Leeds,11,0,4.93,Nott'm Forest,16,1,4.9,West Ham,19,0,6.0,BLANK,-1,0,4.91,1,0,False,True,4.91,🔴 Tough,0.0,0.05,0.05,0.011
794,Max Alleyne,Defender,Man City,4.1,13,d,75,False,False,1,603,1.0,3,0.0,1.0,0.0,0.0,0.0,0.0,0.0,0.0,0.0,0.0,0.0,0.0,0.0,2.0,0.4,0.0,27,0.1,4.91,Newcastle,15,1,4.9,Leeds,11,0,4.93,Nott'm Forest,16,1,4.9,West Ham,19,0,6.0,BLANK,-1,0,4.91,1,0,False,True,4.91,🔴 Tough,0.0,0.1,0.09,0.022
119,Bryan Mbeumo,Midfielder,Man Utd,8.6,14,a,100,False,False,0,374,1.0,3,6.666666666666667,5.8,81.33333333333333,7.377049180327869,0.6666666666666666,0.0,0.3333333333333333,1.0,25.33333333333333,22.96666666666667,27.2,0.0,0.0,4.0,0.6,1.0,27,5.02,4.94,Everton,9,0,4.89,Crystal Palace,8,1,4.91,Newcastle,15,0,4.93,Aston Villa,2,1,4.89,Bournemouth,4,0,4.91,0,0,False,False,4.92,🔴 Tough,-4.02,3.81,3.22,0.374
431,Altay Bayındır,Goalkeeper,Man Utd,4.7,14,a,100,False,False,0,374,1.0,3,0.0,0.0,0.0,0.0,0.0,0.0,0.0,0.0,0.0,0.0,0.0,0.0,0.0,0.0,0.6,0.0,27,0.15,4.94,Everton,9,0,4.89,Crystal Palace,8,1,4.91,Newcastle,15,0,4.93,Aston Villa,2,1,4.89,Bournemouth,4,0,4.91,0,0,False,False,4.92,🔴 Tough,-0.15,0.1,0.09,0.019
434,Tom Heaton,Goalkeeper,Man Utd,3.9,14,a,100,False,False,0,374,1.0,3,0.0,0.0,0.0,0.0,0.0,0.0,0.0,0.0,0.0,0.0,0.0,0.0,0.0,0.0,0.6,0.0,27,0.05,4.94,Everton,9,0,4.89,Crystal Palace,8,1,4.91,Newcastle,15,0,4.93,Aston Villa,2,1,4.89,Bournemouth,4,0,4.91,0,0,False,False,4.92,🔴 Tough,-0.05,0.04,0.04,0.01
435,Dermot Mee,Goalkeeper,Man Utd,3.9,14,a,100,False,False,0,374,1.0,3,0.0,0.0,0.0,0.0,0.0,0.0,0.0,0.0,0.0,0.0,0.0,0.0,0.0,0.0,0.6,0.0,27,0.05,4.94,Everton,9,0,4.89,Crystal Palace,8,1,4.91,Newcastle,15,0,4.93,Aston Villa,2,1,4.89,Bournemouth,4,0,4.91,0,0,False,False,4.92,🔴 Tough,-0.05,0.04,0.04,0.01
437,Lisandro Martínez,Defender,Man Utd,4.8,14,a,100,False,False,0,374,1.0,3,2.333333333333333,3.2,90.0,2.333333333333333,0.0,0.0,0.3333333333333333,0.3333333333333333,0.6666666666666666,7.066666666666666,20.133333333333333,0.0,0.0,5.0,0.6,0.0,27,2.91,4.94,Everton,9,0,4.89,Crystal Palace,8,1,4.91,Newcastle,15,0,4.93,Aston Villa,2,1,4.89,Bournemouth,4,0,4.91,0,0,False,False,4.92,🔴 Tough,-2.91,2.04,1.86,0.388
438,Noussair Mazraoui,Defender,Man Utd,4.9,14,a,100,False,False,0,374,1.0,3,1.0,0.6,3.0,30.0,0.0,0.0,0.0,0.0,2.6666666666666665,0.1333333333333333,2.8666666666666667,0.0,0.0,3.0,0.6,0.0,27,0.57,4.94,Everton,9,0,4.89,Crystal Palace,8,1,4.91,Newcastle,15,0,4.93,Aston Villa,2,1,4.89,Bournemouth,4,0,4.91,0,0,False,False,4.92,🔴 Tough,0.43,0.7,0.64,0.131
439,Diego León Blanco,Defender,Man Utd,4.2,14,a,100,False,False,0,374,1.0,3,0.0,0.0,0.0,0.0,0.0,0.0,0.0,0.0,0.0,0.0,0.0,0.0,0.0,0.0,0.6,0.0,27,0.01,4.94,Everton,9,0,4.89,Crystal Palace,8,1,4.91,Newcastle,15,0,4.93,Aston Villa,2,1,4.89,Bournemouth,4,0,4.91,0,0,False,False,4.92,🔴 Tough,-0.01,0.01,0.01,0.002
440,Diogo Dalot Teixeira,Defender,Man Utd,4.5,14,a,100,False,False,0,374,1.0,3,5.0,4.2,88.33333333333333,5.09433962264151,0.0,0.3333333333333333,0.3333333333333333,1.0,4.333333333333333,20.266666666666666,24.33333333333333,0.0,0.0,5.0,0.6,0.0,27,1.44,4.94,Everton,9,0,4.89,Crystal Palace,8,1,4.91,Newcastle,15,0,4.93,Aston Villa,2,1,4.89,Bournemouth,4,0,4.91,0,0,False,False,4.92,🔴 Tough,-0.44,1.31,1.19,0.264
441,Patrick Dorgu,Defender,Man Utd,4.3,14,i,0,False,False,0,374,1.0,3,2.6666666666666665,5.6,26.666666666666668,9.0,0.3333333333333333,0.0,0.0,0.0,5.0,0.4333333333333286,12.26666666666666,0.0,0.0,3.0,0.6,-1.0,27,0.08,4.94,Everton,9,0,4.89,Crystal Palace,8,1,4.91,Newcastle,15,0,4.93,Aston Villa,2,1,4.89,Bournemouth,4,0,4.91,0,0,False,False,4.92,🔴 Tough,0.92,0.36,0.33,0.077
442,Harry Maguire,Defender,Man Utd,4.3,14,a,100,False,False,0,374,1.0,3,3.6666666666666665,3.4,90.0,3.6666666666666665,0.0,0.0,0.3333333333333333,0.0,13.333333333333334,0.9666666666666668,21.0,0.0,0.3333333333333333,4.0,0.6,0.0,27,2.31,4.94,Everton,9,0,4.89,Crystal Palace,8,1,4.91,Newcastle,15,0,4.93,Aston Villa,2,1,4.89,Bournemouth,4,0,4.91,0,0,False,False,4.92,🔴 Tough,-2.31,1.62,1.47,0.342
443,Luke Shaw,Defender,Man Utd,4.5,14,a,100,False,False,0,374,1.0,3,2.6666666666666665,2.8,88.66666666666667,2.706766917293233,0.0,0.0,0.3333333333333333,0.0,5.333333333333333,4.266666666666665,8.133333333333335,0.0,0.0,5.0,0.6,0.0,27,2.28,4.94,Everton,9,0,4.89,Crystal Palace,8,1,4.91,Newcastle,15,0,4.93,Aston Villa,2,1,4.89,Bournemouth,4,0,4.91,0,0,False,False,4.92,🔴 Tough,-0.28,2.2,2.0,0.444
444,Leny Yoro,Defender,Man Utd,4.1,14,a,100,False,False,0,374,1.0,3,0.3333333333333333,0.4,0.3333333333333333,90.0,0.0,0.0,0.0,0.0,0.0,0.0,0.3333333333333345,0.0,0.0,2.0,0.6,-1.0,27,0.45,4.94,Everton,9,0,4.89,Crystal Palace,8,1,4.91,Newcastle,15,0,4.93,Aston Villa,2,1,4.89,Bournemouth,4,0,4.91,0,0,False,False,4.92,🔴 Tough,1.55,0.92,0.84,0.205
446,Tyler Fredricson,Defender,Man Utd,3.8,14,a,100,False,False,0,374,1.0,3,0.0,0.0,0.0,0.0,0.0,0.0,0.0,0.0,0.0,0.0,0.0,0.0,0.0,0.0,0.6,0.0,27,0.0,4.94,Everton,9,0,4.89,Crystal Palace,8,1,4.91,Newcastle,15,0,4.93,Aston Villa,2,1,4.89,Bournemouth,4,0,4.91,0,0,False,False,4.92,🔴 Tough,0.0,0.0,0.0,0.0
447,Ayden Heaven,Defender,Man Utd,3.7,14,a,100,False,False,0,374,1.0,3,0.0,0.2,0.0,0.0,0.0,0.0,0.0,0.0,0.0,0.0,0.0,0.0,0.0,2.0,0.6,0.0,27,0.06,4.94,Everton,9,0,4.89,Crystal Palace,8,1,4.91,Newcastle,15,0,4.93,Aston Villa,2,1,4.89,Bournemouth,4,0,4.91,0,0,False,False,4.92,🔴 Tough,-0.06,0.04,0.04,0.011
448,Tyrell Malacia,Defender,Man Utd,3.8,14,a,100,False,False,0,374,1.0,3,0.0,0.0,0.0,0.0,0.0,0.0,0.0,0.0,0.0,0.0,0.0,0.0,0.0,0.0,0.6,0.0,27,0.0,4.94,Everton,9,0,4.89,Crystal Palace,8,1,4.91,Newcastle,15,0,4.93,Aston Villa,2,1,4.89,Bournemouth,4,0,4.91,0,0,False,False,4.92,🔴 Tough,0.0,0.0,0.0,0.0
449,Bruno Borges Fernandes,Midfielder,Man Utd,9.8,14,a,100,False,False,0,374,1.0,3,8.333333333333334,8.4,90.0,8.333333333333334,0.3333333333333333,1.0,0.3333333333333333,1.3333333333333333,17.333333333333332,54.20000000000001,37.6,0.0,0.0,5.0,0.6,1.0,27,2.42,4.94,Everton,9,0,4.89,Crystal Palace,8,1,4.91,Newcastle,15,0,4.93,Aston Villa,2,1,4.89,Bournemouth,4,0,4.91,0,0,False,False,4.92,🔴 Tough,-0.42,2.29,1.93,0.197
450,Matheus Santos Carneiro da Cunha,Midfielder,Man Utd,8.1,14,a,100,False,False,0,374,1.0,3,7.0,5.4,56.0,11.25,0.6666666666666666,0.0,0.6666666666666666,1.3333333333333333,15.0,10.566666666666666,25.933333333333334,0.0,0.0,5.0,0.6,1.0,27,2.83,4.94,Everton,9,0,4.89,Crystal Palace,8,1,4.91,Newcastle,15,0,4.93,Aston Villa,2,1,4.89,Bournemouth,4,0,4.91,0,0,False,False,4.92,🔴 Tough,-2.83,1.98,1.67,0.206
452,Amad Diallo,Midfielder,Man Utd,6.2,14,a,100,False,False,0,374,1.0,3,2.0,1.8,89.0,2.02247191011236,0.0,0.0,0.3333333333333333,0.0,20.33333333333333,19.2,14.266666666666666,0.0,0.3333333333333333,4.0,0.6,0.0,27,2.95,4.94,Everton,9,0,4.89,Crystal Palace,8,1,4.91,Newcastle,15,0,4.93,Aston Villa,2,1,4.89,Bournemouth,4,0,4.91,0,0,False,False,4.92,🔴 Tough,-0.95,2.66,2.25,0.363
457,Carlos Henrique Casimiro,Midfielder,Man Utd,5.6,14,a,100,False,False,0,374,1.0,3,6.0,5.0,83.33333333333333,6.48,0.3333333333333333,0.3333333333333333,0.6666666666666666,1.0,24.0,21.76666666666667,35.73333333333333,0.0,0.3333333333333333,5.0,0.6,0.0,27,2.89,4.94,Everton,9,0,4.89,Crystal Palace,8,1,4.91,Newcastle,15,0,4.93,Aston Villa,2,1,4.89,Bournemouth,4,0,4.91,0,0,False,False,4.92,🔴 Tough,-2.89,2.02,1.7,0.304
458,Kobbie Mainoo,Midfielder,Man Utd,4.6,14,a,100,False,False,0,374,1.0,3,5.0,3.8,90.0,5.0,0.0,0.6666666666666666,0.3333333333333333,0.0,4.0,32.86666666666667,28.33333333333333,0.0,0.0,5.0,0.6,0.0,27,3.08,4.94,Everton,9,0,4.89,Crystal Palace,8,1,4.91,Newcastle,15,0,4.93,Aston Villa,2,1,4.89,Bournemouth,4,0,4.91,0,0,False,False,4.92,🔴 Tough,-2.08,2.46,2.08,0.452
459,Manuel Ugarte Ribeiro,Midfielder,Man Utd,4.7,14,a,100,False,False,0,374,1.0,3,0.6666666666666666,1.0,6.0,10.0,0.0,0.0,0.0,0.0,0.0,0.8666666666666673,4.333333333333333,0.0,0.0,4.0,0.6,0.0,27,1.31,4.94,Everton,9,0,4.89,Crystal Palace,8,1,4.91,Newcastle,15,0,4.93,Aston Villa,2,1,4.89,Bournemouth,4,0,4.91,0,0,False,False,4.92,🔴 Tough,-1.31,0.92,0.78,0.166
461,Jayce Fitzgerald,Midfielder,Man Utd,4.3,14,a,100,False,False,0,374,1.0,3,0.0,0.0,0.0,0.0,0.0,0.0,0.0,0.0,0.0,0.0,0.0,0.0,0.0,0.0,0.6,0.0,27,0.02,4.94,Everton,9,0,4.89,Crystal Palace,8,1,4.91,Newcastle,15,0,4.93,Aston Villa,2,1,4.89,Bournemouth,4,0,4.91,0,0,False,False,4.92,🔴 Tough,-0.02,0.01,0.01,0.002
462,Jack Fletcher,Midfielder,Man Utd,4.3,14,a,100,False,False,0,374,1.0,3,0.0,0.0,0.0,0.0,0.0,0.0,0.0,0.0,0.0,0.0,0.0,0.0,0.0,0.0,0.6,0.0,27,0.02,4.94,Everton,9,0,4.89,Crystal Palace,8,1,4.91,Newcastle,15,0,4.93,Aston Villa,2,1,4.89,Bournemouth,4,0,4.91,0,0,False,False,4.92,🔴 Tough,-0.02,0.01,0.01,0.002
466,Joshua Zirkzee,Forward,Man Utd,5.8,14,a,100,False,False,0,374,1.0,3,0.3333333333333333,0.4,1.0,30.0,0.0,0.0,0.0,0.0,0.6666666666666666,0.2333333333333333,0.0666666666666666,0.0,0.0,2.0,0.6,0.0,27,0.74,4.94,Everton,9,0,4.89,Crystal Palace,8,1,4.91,Newcastle,15,0,4.93,Aston Villa,2,1,4.89,Bournemouth,4,0,4.91,0,0,False,False,4.92,🔴 Tough,1.26,1.12,0.95,0.164
467,Chido Obi,Forward,Man Utd,4.2,14,a,100,False,False,0,374,1.0,3,0.0,0.0,0.0,0.0,0.0,0.0,0.0,0.0,0.0,0.0,0.0,0.0,0.0,0.0,0.6,0.0,27,0.0,4.94,Everton,9,0,4.89,Crystal Palace,8,1,4.91,Newcastle,15,0,4.93,Aston Villa,2,1,4.89,Bournemouth,4,0,4.91,0,0,False,False,4.92,🔴 Tough,0.0,0.0,0.0,0.0
681,Benjamin Sesko,Forward,Man Utd,7.2,14,a,100,False,False,0,374,1.0,3,2.6666666666666665,4.2,13.333333333333334,18.0,0.3333333333333333,0.0,0.0,0.3333333333333333,17.0,0.4333333333333322,10.733333333333334,0.0,0.0,4.0,0.6,0.0,27,6.57,4.94,Everton,9,0,4.89,Crystal Palace,8,1,4.91,Newcastle,15,0,4.93,Aston Villa,2,1,4.89,Bournemouth,4,0,4.91,0,0,False,False,4.92,🔴 Tough,-6.57,4.6,3.88,0.539
733,Senne Lammens,Goalkeeper,Man Utd,5.0,14,a,100,False,False,0,374,1.0,3,3.333333333333333,3.4,90.0,3.333333333333334,0.0,0.0,0.3333333333333333,0.0,0.0,0.0,20.53333333333333,2.6666666666666665,0.0,5.0,0.6,0.0,27,2.18,4.94,Everton,9,0,4.89,Crystal Palace,8,1,4.91,Newcastle,15,0,4.93,Aston Villa,2,1,4.89,Bournemouth,4,0,4.91,0,0,False,False,4.92,🔴 Tough,-0.18,2.13,1.87,0.374
755,Shea Lacey,Midfielder,Man Utd,4.5,14,a,100,False,False,0,374,1.0,3,0.0,0.2,0.0,0.0,0.0,0.0,0.0,0.0,0.0,0.0,0.0,0.0,0.0,1.0,0.6,0.0,27,0.05,4.94,Everton,9,0,4.89,Crystal Palace,8,1,4.91,Newcastle,15,0,4.93,Aston Villa,2,1,4.89,Bournemouth,4,0,4.91,0,0,False,False,4.92,🔴 Tough,-0.05,0.04,0.03,0.007
769,Bendito Mantato,Midfielder,Man Utd,4.5,14,a,100,False,False,0,374,1.0,3,0.0,0.0,0.0,0.0,0.0,0.0,0.0,0.0,0.0,0.0,0.0,0.0,0.0,0.0,0.6,0.0,27,0.02,4.94,Everton,9,0,4.89,Crystal Palace,8,1,4.91,Newcastle,15,0,4.93,Aston Villa,2,1,4.89,Bournemouth,4,0,4.91,0,0,False,False,4.92,🔴 Tough,0.0,0.02,0.02,0.004
771,Tyler Fletcher,Midfielder,Man Utd,4.4,14,a,100,False,False,0,374,1.0,3,0.3333333333333333,0.2,0.3333333333333333,90.0,0.0,0.0,0.0,0.0,0.0,0.3333333333333333,0.1333333333333333,0.0,0.0,1.0,0.6,0.0,27,0.42,4.94,Everton,9,0,4.89,Crystal Palace,8,1,4.91,Newcastle,15,0,4.93,Aston Villa,2,1,4.89,Bournemouth,4,0,4.91,0,0,False,False,4.92,🔴 Tough,0.0,0.42,0.35,0.08
788,Godwill Kukonki,Defender,Man Utd,4.0,14,a,100,False,False,0,374,1.0,3,0.0,0.0,0.0,0.0,0.0,0.0,0.0,0.0,0.0,0.0,0.0,0.0,0.0,0.0,0.6,0.0,27,0.0,4.94,Everton,9,0,4.89,Crystal Palace,8,1,4.91,Newcastle,15,0,4.93,Aston Villa,2,1,4.89,Bournemouth,4,0,4.91,0,0,False,False,4.92,🔴 Tough,0.0,0.0,0.0,0.0
52,Jacob Ramsey,Midfielder,Newcastle,5.3,15,a,100,False,False,0,873,1.0,5,1.0,0.8,45.0,2.0,0.0,0.0,0.0,0.0,1.3333333333333333,1.833333333333334,3.599999999999999,0.0,0.3333333333333333,4.0,0.6,0.0,27,3.0,4.96,Man City,13,0,4.94,Everton,9,1,4.93,Man Utd,14,1,4.92,Chelsea,7,0,4.93,Sunderland,17,1,4.94,0,0,False,False,4.95,🔴 Tough,-3.0,2.1,1.69,0.319
469,Nick Pope,Goalkeeper,Newcastle,5.1,15,a,100,False,False,0,873,1.0,5,2.0,2.8,90.0,2.0,0.0,0.0,0.0,0.0,0.0,0.0,22.0,4.0,0.0,5.0,0.6,0.0,27,2.63,4.96,Man City,13,0,4.94,Everton,9,1,4.93,Man Utd,14,1,4.92,Chelsea,7,0,4.93,Sunderland,17,1,4.94,0,0,False,False,4.95,🔴 Tough,0.37,2.74,2.29,0.449
471,Mark Gillespie,Goalkeeper,Newcastle,3.9,15,a,100,False,False,0,873,1.0,5,0.0,0.0,0.0,0.0,0.0,0.0,0.0,0.0,0.0,0.0,0.0,0.0,0.0,0.0,0.6,0.0,27,0.56,4.96,Man City,13,0,4.94,Everton,9,1,4.93,Man Utd,14,1,4.92,Chelsea,7,0,4.93,Sunderland,17,1,4.94,0,0,False,False,4.95,🔴 Tough,-0.56,0.39,0.33,0.085
473,Lewis Hall,Defender,Newcastle,5.3,15,a,100,False,False,0,873,1.0,5,1.3333333333333333,3.4,89.33333333333333,1.343283582089552,0.0,0.0,0.0,0.0,3.333333333333333,21.766666666666666,22.2,0.0,0.3333333333333333,5.0,0.6,0.0,27,1.38,4.96,Man City,13,0,4.94,Everton,9,1,4.93,Man Utd,14,1,4.92,Chelsea,7,0,4.93,Sunderland,17,1,4.94,0,0,False,False,4.95,🔴 Tough,0.62,1.57,1.36,0.257
475,Sven Botman,Defender,Newcastle,4.9,15,d,75,False,False,0,873,1.0,5,3.333333333333333,3.8,60.0,5.0,0.3333333333333333,0.0,0.0,0.0,19.0,0.9666666666666668,29.399999999999995,0.0,0.0,4.0,0.6,0.0,27,1.2,4.96,Man City,13,0,4.94,Everton,9,1,4.93,Man Utd,14,1,4.92,Chelsea,7,0,4.93,Sunderland,17,1,4.94,0,0,False,False,4.95,🔴 Tough,-0.2,1.14,0.99,0.202
476,Dan Burn,Defender,Newcastle,5.0,15,a,100,False,False,0,873,1.0,5,0.6666666666666666,0.4,31.0,1.9354838709677415,0.0,0.0,0.0,0.0,2.0,0.4666666666666668,9.133333333333333,0.0,0.3333333333333333,2.0,0.6,0.0,27,3.24,4.96,Man City,13,0,4.94,Everton,9,1,4.93,Man Utd,14,1,4.92,Chelsea,7,0,4.93,Sunderland,17,1,4.94,0,0,False,False,4.95,🔴 Tough,-3.24,2.27,1.97,0.394
478,Kieran Trippier,Defender,Newcastle,4.9,15,a,100,False,False,0,873,1.0,5,1.0,1.8,86.33333333333333,1.0424710424710426,0.0,0.0,0.0,0.0,0.0,33.166666666666664,18.466666666666665,0.0,0.0,4.0,0.6,0.0,27,1.15,4.96,Man City,13,0,4.94,Everton,9,1,4.93,Man Utd,14,1,4.92,Chelsea,7,0,4.93,Sunderland,17,1,4.94,0,0,False,False,4.95,🔴 Tough,-1.15,0.8,0.69,0.141
481,Alex Murphy,Defender,Newcastle,3.8,15,a,100,False,False,0,873,1.0,5,0.3333333333333333,0.2,0.3333333333333333,90.0,0.0,0.0,0.0,0.0,0.0,0.0,0.7333333333333334,0.0,0.0,1.0,0.6,0.0,27,0.36,4.96,Man City,13,0,4.94,Everton,9,1,4.93,Man Utd,14,1,4.92,Chelsea,7,0,4.93,Sunderland,17,1,4.94,0,0,False,False,4.95,🔴 Tough,-0.36,0.25,0.22,0.058
483,Miodrag Pivaš,Defender,Newcastle,3.8,15,a,100,False,False,0,873,1.0,5,0.0,0.0,0.0,0.0,0.0,0.0,0.0,0.0,0.0,0.0,0.0,0.0,0.0,0.0,0.6,0.0,27,0.01,4.96,Man City,13,0,4.94,Everton,9,1,4.93,Man Utd,14,1,4.92,Chelsea,7,0,4.93,Sunderland,17,1,4.94,0,0,False,False,4.95,🔴 Tough,-0.01,0.01,0.01,0.003
485,Anthony Gordon,Midfielder,Newcastle,7.2,15,a,100,False,False,0,873,1.0,5,2.6666666666666665,2.4,50.66666666666666,4.7368421052631575,0.3333333333333333,0.0,0.0,0.0,15.333333333333334,13.6,15.466666666666669,0.0,0.3333333333333333,4.0,0.6,-1.0,27,2.95,4.96,Man City,13,0,4.94,Everton,9,1,4.93,Man Utd,14,1,4.92,Chelsea,7,0,4.93,Sunderland,17,1,4.94,0,0,False,False,4.95,🔴 Tough,-2.95,2.07,1.67,0.232
486,Anthony Elanga,Midfielder,Newcastle,6.5,15,a,100,False,False,0,873,1.0,5,1.3333333333333333,1.0,48.0,2.5,0.0,0.0,0.0,0.0,4.666666666666667,16.099999999999998,5.333333333333333,0.0,0.0,4.0,0.6,0.0,27,2.01,4.96,Man City,13,0,4.94,Everton,9,1,4.93,Man Utd,14,1,4.92,Chelsea,7,0,4.93,Sunderland,17,1,4.94,0,0,False,False,4.95,🔴 Tough,-1.01,1.71,1.38,0.212
487,Harvey Barnes,Midfielder,Newcastle,6.1,15,a,100,False,False,0,873,1.0,5,2.0,4.8,84.0,2.142857142857143,0.0,0.0,0.0,0.0,12.666666666666666,6.533333333333334,0.3999999999999999,0.0,0.0,5.0,0.6,0.0,27,1.35,4.96,Man City,13,0,4.94,Everton,9,1,4.93,Man Utd,14,1,4.92,Chelsea,7,0,4.93,Sunderland,17,1,4.94,0,0,False,False,4.95,🔴 Tough,13.65,5.44,4.39,0.72
489,Jacob Murphy,Midfielder,Newcastle,5.9,15,a,100,False,False,0,873,1.0,5,0.3333333333333333,0.4,20.666666666666668,1.4516129032258065,0.0,0.0,0.0,0.0,2.6666666666666665,3.766666666666666,0.5333333333333333,0.0,0.3333333333333333,3.0,0.6,0.0,27,0.88,4.96,Man City,13,0,4.94,Everton,9,1,4.93,Man Utd,14,1,4.92,Chelsea,7,0,4.93,Sunderland,17,1,4.94,0,0,False,False,4.95,🔴 Tough,1.12,1.22,0.98,0.166
490,Joelinton Cássio Apolinário de Lira,Midfielder,Newcastle,5.9,15,a,100,False,False,0,873,1.0,5,0.0,2.2,15.666666666666666,0.0,0.0,0.0,0.0,0.0,2.0,4.133333333333334,1.8000000000000025,0.0,0.3333333333333333,3.0,0.6,0.0,27,0.6,4.96,Man City,13,0,4.94,Everton,9,1,4.93,Man Utd,14,1,4.92,Chelsea,7,0,4.93,Sunderland,17,1,4.94,0,0,False,False,4.95,🔴 Tough,2.4,1.32,1.06,0.18
491,Sandro Tonali,Midfielder,Newcastle,5.3,15,a,100,False,False,0,873,1.0,5,2.6666666666666665,2.2,86.33333333333333,2.77992277992278,0.0,0.0,0.0,0.0,13.333333333333334,6.766666666666666,12.066666666666668,0.0,0.0,5.0,0.6,0.0,27,2.38,4.96,Man City,13,0,4.94,Everton,9,1,4.93,Man Utd,14,1,4.92,Chelsea,7,0,4.93,Sunderland,17,1,4.94,0,0,False,False,4.95,🔴 Tough,1.62,2.87,2.31,0.436
494,Joe Willock,Midfielder,Newcastle,5.0,15,a,100,False,False,0,873,1.0,5,1.3333333333333333,0.8,41.0,2.9268292682926824,0.0,0.0,0.0,0.0,3.333333333333333,0.9666666666666668,3.2,0.0,0.0,3.0,0.6,0.0,27,2.58,4.96,Man City,13,0,4.94,Everton,9,1,4.93,Man Utd,14,1,4.92,Chelsea,7,0,4.93,Sunderland,17,1,4.94,0,0,False,False,4.95,🔴 Tough,-1.58,2.11,1.7,0.34
500,William Osula,Forward,Newcastle,5.4,15,a,100,False,False,0,873,1.0,5,0.6666666666666666,0.4,10.333333333333334,5.806451612903226,0.0,0.0,0.0,0.0,0.6666666666666666,0.5333333333333333,0.3999999999999999,0.0,0.0,2.0,0.6,0.0,27,1.22,4.96,Man City,13,0,4.94,Everton,9,1,4.93,Man Utd,14,1,4.92,Chelsea,7,0,4.93,Sunderland,17,1,4.94,0,0,False,False,4.95,🔴 Tough,-1.22,0.85,0.69,0.128
501,Sean Neave,Forward,Newcastle,4.3,15,a,100,False,False,0,873,1.0,5,0.0,0.0,0.0,0.0,0.0,0.0,0.0,0.0,0.0,0.0,0.0,0.0,0.0,0.0,0.6,0.0,27,0.03,4.96,Man City,13,0,4.94,Everton,9,1,4.93,Man Utd,14,1,4.92,Chelsea,7,0,4.93,Sunderland,17,1,4.94,0,0,False,False,4.95,🔴 Tough,-0.03,0.02,0.02,0.005
674,Aaron Ramsdale,Goalkeeper,Newcastle,4.8,15,a,100,False,False,0,873,1.0,5,0.0,0.0,0.0,0.0,0.0,0.0,0.0,0.0,0.0,0.0,0.0,0.0,0.0,0.0,0.6,0.0,27,0.18,4.96,Man City,13,0,4.94,Everton,9,1,4.93,Man Utd,14,1,4.92,Chelsea,7,0,4.93,Sunderland,17,1,4.94,0,0,False,False,4.95,🔴 Tough,-0.18,0.13,0.11,0.023
684,Malick Thiaw,Defender,Newcastle,5.0,15,a,100,False,False,0,873,1.0,5,0.6666666666666666,2.0,90.0,0.6666666666666666,0.0,0.0,0.0,0.0,7.0,7.1000000000000005,15.2,0.0,0.0,5.0,0.6,0.0,27,7.16,4.96,Man City,13,0,4.94,Everton,9,1,4.93,Man Utd,14,1,4.92,Chelsea,7,0,4.93,Sunderland,17,1,4.94,0,0,False,False,4.95,🔴 Tough,-3.16,6.21,5.39,1.078
689,Seung-Soo Park,Midfielder,Newcastle,4.3,15,a,100,False,False,0,873,1.0,5,0.0,0.0,0.0,0.0,0.0,0.0,0.0,0.0,0.0,0.0,0.0,0.0,0.0,0.0,0.6,0.0,27,0.02,4.96,Man City,13,0,4.94,Everton,9,1,4.93,Man Utd,14,1,4.92,Chelsea,7,0,4.93,Sunderland,17,1,4.94,0,0,False,False,4.95,🔴 Tough,-0.02,0.01,0.01,0.002
714,Nick Woltemade,Forward,Newcastle,6.9,15,a,100,False,False,0,873,1.0,5,1.0,2.0,30.0,3.0,0.0,0.0,0.0,0.0,3.6666666666666665,1.6333333333333335,2.400000000000001,0.0,0.0,5.0,0.6,-1.0,27,1.86,4.96,Man City,13,0,4.94,Everton,9,1,4.93,Man Utd,14,1,4.92,Chelsea,7,0,4.93,Sunderland,17,1,4.94,0,0,False,False,4.95,🔴 Tough,0.14,1.9,1.53,0.222
753,John Ruddy,Goalkeeper,Newcastle,4.0,15,a,100,False,False,0,873,1.0,5,0.0,0.0,0.0,0.0,0.0,0.0,0.0,0.0,0.0,0.0,0.0,0.0,0.0,0.0,0.6,0.0,27,0.55,4.96,Man City,13,0,4.94,Everton,9,1,4.93,Man Utd,14,1,4.92,Chelsea,7,0,4.93,Sunderland,17,1,4.94,0,0,False,False,4.95,🔴 Tough,-0.55,0.38,0.32,0.08
765,Leo Shahar,Defender,Newcastle,4.0,15,a,100,False,False,0,873,1.0,5,0.0,0.0,0.0,0.0,0.0,0.0,0.0,0.0,0.0,0.0,0.0,0.0,0.0,0.0,0.6,0.0,27,0.01,4.96,Man City,13,0,4.94,Everton,9,1,4.93,Man Utd,14,1,4.92,Chelsea,7,0,4.93,Sunderland,17,1,4.94,0,0,False,False,4.95,🔴 Tough,0.0,0.01,0.01,0.002
772,Sam Alabi,Midfielder,Newcastle,4.5,15,a,100,False,False,0,873,1.0,5,0.0,0.0,0.0,0.0,0.0,0.0,0.0,0.0,0.0,0.0,0.0,0.0,0.0,0.0,0.6,0.0,27,0.02,4.96,Man City,13,0,4.94,Everton,9,1,4.93,Man Utd,14,1,4.92,Chelsea,7,0,4.93,Sunderland,17,1,4.94,0,0,False,False,4.95,🔴 Tough,0.0,0.02,0.02,0.004
400,Stefan Ortega Moreno,Goalkeeper,Nott'm Forest,4.7,16,a,100,False,False,1,112,1.0,3,0.3333333333333333,0.2,30.0,1.0,0.0,0.0,0.0,0.0,0.0,0.0,6.2,0.6666666666666666,0.0,1.0,0.4,0.0,27,4.72,4.93,Liverpool,12,1,4.94,Brighton,6,0,4.96,Man City,13,0,4.91,Fulham,10,1,4.89,Spurs,18,0,4.93,0,0,False,True,4.93,🔴 Tough,-4.72,3.3,2.89,0.615
426,James McAtee,Midfielder,Nott'm Forest,5.0,16,a,100,False,False,1,112,1.0,3,0.0,0.0,0.0,0.0,0.0,0.0,0.0,0.0,0.0,0.0,0.0,0.0,0.0,0.0,0.4,0.0,27,0.1,4.93,Liverpool,12,1,4.94,Brighton,6,0,4.96,Man City,13,0,4.91,Fulham,10,1,4.89,Spurs,18,0,4.93,0,0,False,True,4.93,🔴 Tough,-0.1,0.07,0.06,0.012
505,Nikola Milenković,Defender,Nott'm Forest,5.1,16,a,100,False,False,1,112,1.0,3,4.0,4.0,90.0,4.0,0.0,0.0,0.3333333333333333,0.0,1.3333333333333333,0.1333333333333327,17.399999999999995,0.0,0.3333333333333333,5.0,0.4,0.0,27,3.15,4.93,Liverpool,12,1,4.94,Brighton,6,0,4.96,Man City,13,0,4.91,Fulham,10,1,4.89,Spurs,18,0,4.93,0,0,False,True,4.93,🔴 Tough,4.85,4.6,4.3,0.843
506,Murillo Costa dos Santos,Defender,Nott'm Forest,5.2,16,a,100,False,False,1,112,1.0,3,3.333333333333333,4.0,60.0,5.0,0.0,0.0,0.3333333333333333,0.0,0.0,3.766666666666666,11.999999999999996,0.0,0.0,4.0,0.4,0.0,27,1.95,4.93,Liverpool,12,1,4.94,Brighton,6,0,4.96,Man City,13,0,4.91,Fulham,10,1,4.89,Spurs,18,0,4.93,0,0,False,True,4.93,🔴 Tough,15.05,6.46,6.04,1.162
507,Ola Aina,Defender,Nott'm Forest,4.7,16,a,100,False,False,1,112,1.0,3,4.666666666666667,4.2,90.0,4.666666666666667,0.0,0.3333333333333333,0.3333333333333333,0.6666666666666666,2.6666666666666665,3.7,15.333333333333334,0.0,0.0,5.0,0.4,0.0,27,3.34,4.93,Liverpool,12,1,4.94,Brighton,6,0,4.96,Man City,13,0,4.91,Fulham,10,1,4.89,Spurs,18,0,4.93,0,0,False,True,4.93,🔴 Tough,-3.34,2.34,2.19,0.466
508,Neco Williams,Defender,Nott'm Forest,4.7,16,a,100,False,False,1,112,1.0,3,2.0,3.2,44.66666666666666,4.029850746268657,0.0,0.0,0.3333333333333333,0.0,1.3333333333333333,0.7000000000000001,8.333333333333334,0.0,0.0,4.0,0.4,0.0,27,2.67,4.93,Liverpool,12,1,4.94,Brighton,6,0,4.96,Man City,13,0,4.91,Fulham,10,1,4.89,Spurs,18,0,4.93,0,0,False,True,4.93,🔴 Tough,10.33,5.77,5.39,1.147
510,Jair Paula da Cunha Filho,Defender,Nott'm Forest,4.2,16,a,100,False,False,1,112,1.0,3,0.0,0.0,0.0,0.0,0.0,0.0,0.0,0.0,0.0,0.0,0.0,0.0,0.0,0.0,0.4,0.0,27,0.03,4.93,Liverpool,12,1,4.94,Brighton,6,0,4.96,Man City,13,0,4.91,Fulham,10,1,4.89,Spurs,18,0,4.93,0,0,False,True,4.93,🔴 Tough,-0.03,0.02,0.02,0.005
511,Felipe Rodrigues da Silva,Defender,Nott'm Forest,4.3,16,a,100,False,False,1,112,1.0,3,1.6666666666666667,1.2,46.0,3.260869565217392,0.0,0.0,0.0,0.0,3.6666666666666665,0.1,12.000000000000002,0.0,0.0,4.0,0.4,0.0,27,2.69,4.93,Liverpool,12,1,4.94,Brighton,6,0,4.96,Man City,13,0,4.91,Fulham,10,1,4.89,Spurs,18,0,4.93,0,0,False,True,4.93,🔴 Tough,-2.69,1.88,1.76,0.409
513,Zach Abbott,Defender,Nott'm Forest,3.8,16,a,100,False,False,1,112,1.0,3,0.3333333333333333,0.2,25.0,1.2,0.0,0.0,0.0,0.0,0.0,1.9,3.266666666666667,0.0,0.0,1.0,0.4,0.0,27,0.63,4.93,Liverpool,12,1,4.94,Brighton,6,0,4.96,Man City,13,0,4.91,Fulham,10,1,4.89,Spurs,18,0,4.93,0,0,False,True,4.93,🔴 Tough,-0.63,0.44,0.41,0.108
515,Morgan Gibbs-White,Midfielder,Nott'm Forest,7.3,16,a,100,False,False,1,112,1.0,3,5.333333333333333,5.6,82.0,5.853658536585365,0.3333333333333333,0.3333333333333333,0.3333333333333333,0.3333333333333333,16.666666666666668,30.3,26.33333333333333,0.0,0.0,5.0,0.4,0.0,27,3.6,4.93,Liverpool,12,1,4.94,Brighton,6,0,4.96,Man City,13,0,4.91,Fulham,10,1,4.89,Spurs,18,0,4.93,0,0,False,True,4.93,🔴 Tough,4.4,4.92,4.4,0.603
516,Callum Hudson-Odoi,Midfielder,Nott'm Forest,5.7,16,a,100,False,False,1,112,1.0,3,2.0,2.2,65.66666666666667,2.7411167512690358,0.0,0.0,0.3333333333333333,0.0,5.666666666666667,10.233333333333333,6.6000000000000005,0.0,0.0,5.0,0.4,0.0,27,2.11,4.93,Liverpool,12,1,4.94,Brighton,6,0,4.96,Man City,13,0,4.91,Fulham,10,1,4.89,Spurs,18,0,4.93,0,0,False,True,4.93,🔴 Tough,-1.11,1.78,1.59,0.279
517,Elliot Anderson,Midfielder,Nott'm Forest,5.4,16,a,100,False,False,1,112,1.0,3,5.333333333333333,5.6,90.0,5.333333333333333,0.0,0.0,0.3333333333333333,1.0,6.333333333333333,28.566666666666663,21.799999999999997,0.0,0.0,5.0,0.4,1.0,27,4.69,4.93,Liverpool,12,1,4.94,Brighton,6,0,4.96,Man City,13,0,4.91,Fulham,10,1,4.89,Spurs,18,0,4.93,0,0,False,True,4.93,🔴 Tough,4.31,5.98,5.35,0.991
519,Nicolás Domínguez,Midfielder,Nott'm Forest,5.0,16,a,100,False,False,1,112,1.0,3,1.6666666666666667,3.6,52.66666666666666,2.848101265822785,0.0,0.0,0.3333333333333333,0.0,12.666666666666666,1.8,8.666666666666666,0.0,0.0,5.0,0.4,0.0,27,1.26,4.93,Liverpool,12,1,4.94,Brighton,6,0,4.96,Man City,13,0,4.91,Fulham,10,1,4.89,Spurs,18,0,4.93,0,0,False,True,4.93,🔴 Tough,1.74,1.78,1.59,0.318
521,Ibrahim Sangaré,Midfielder,Nott'm Forest,4.9,16,a,100,False,False,1,112,1.0,3,2.6666666666666665,2.2,90.0,2.6666666666666665,0.0,0.0,0.3333333333333333,0.0,9.333333333333334,5.933333333333334,13.4,0.0,0.3333333333333333,4.0,0.4,0.0,27,2.48,4.93,Liverpool,12,1,4.94,Brighton,6,0,4.96,Man City,13,0,4.91,Fulham,10,1,4.89,Spurs,18,0,4.93,0,0,False,True,4.93,🔴 Tough,0.52,2.64,2.36,0.482
522,Ryan Yates,Midfielder,Nott'm Forest,4.7,16,a,100,False,False,1,112,1.0,3,0.6666666666666666,0.4,22.666666666666668,2.6470588235294112,0.0,0.0,0.0,0.0,1.6666666666666667,7.1000000000000005,2.466666666666667,0.0,0.0,2.0,0.4,0.0,27,0.79,4.93,Liverpool,12,1,4.94,Brighton,6,0,4.96,Man City,13,0,4.91,Fulham,10,1,4.89,Spurs,18,0,4.93,0,0,False,True,4.93,🔴 Tough,0.21,0.85,0.76,0.162
523,Eric da Silva Moreira,Midfielder,Nott'm Forest,4.5,16,a,100,False,False,1,112,1.0,3,0.0,0.0,0.0,0.0,0.0,0.0,0.0,0.0,0.0,0.0,0.0,0.0,0.0,0.0,0.4,0.0,27,0.05,4.93,Liverpool,12,1,4.94,Brighton,6,0,4.96,Man City,13,0,4.91,Fulham,10,1,4.89,Spurs,18,0,4.93,0,0,False,True,4.93,🔴 Tough,-0.05,0.04,0.04,0.009
526,Igor Jesus Maciel da Cruz,Forward,Nott'm Forest,5.8,16,a,100,False,False,1,112,1.0,3,4.0,3.2,63.0,5.7142857142857135,0.3333333333333333,0.0,0.3333333333333333,1.0,24.666666666666668,1.5333333333333332,14.933333333333332,0.0,0.0,5.0,0.4,0.0,27,2.28,4.93,Liverpool,12,1,4.94,Brighton,6,0,4.96,Man City,13,0,4.91,Fulham,10,1,4.89,Spurs,18,0,4.93,0,0,False,True,4.93,🔴 Tough,-0.28,2.2,1.97,0.34
527,Taiwo Awoniyi,Forward,Nott'm Forest,5.2,16,a,100,False,False,1,112,1.0,3,2.0,1.2,7.333333333333333,24.54545454545455,0.3333333333333333,0.0,0.0,0.3333333333333333,11.0,0.4333333333333333,11.8,0.0,0.0,1.0,0.4,0.0,27,0.67,4.93,Liverpool,12,1,4.94,Brighton,6,0,4.96,Man City,13,0,4.91,Fulham,10,1,4.89,Spurs,18,0,4.93,0,0,False,True,4.93,🔴 Tough,-0.67,0.47,0.42,0.081
669,Dan Ndoye,Midfielder,Nott'm Forest,5.5,16,a,100,False,False,1,112,1.0,3,0.6666666666666666,0.6,14.333333333333334,4.186046511627906,0.0,0.0,0.0,0.0,4.0,8.799999999999999,3.0666666666666664,0.0,0.0,3.0,0.4,0.0,27,1.45,4.93,Liverpool,12,1,4.94,Brighton,6,0,4.96,Man City,13,0,4.91,Fulham,10,1,4.89,Spurs,18,0,4.93,0,0,False,True,4.93,🔴 Tough,1.55,1.92,1.72,0.313
675,Angus Gunn,Goalkeeper,Nott'm Forest,4.0,16,a,100,False,False,1,112,1.0,3,0.3333333333333333,0.2,15.0,2.0,0.0,0.0,0.0,0.0,0.0,0.0,0.3999999999999999,0.0,0.0,1.0,0.4,0.0,27,0.29,4.93,Liverpool,12,1,4.94,Brighton,6,0,4.96,Man City,13,0,4.91,Fulham,10,1,4.89,Spurs,18,0,4.93,0,0,False,True,4.93,🔴 Tough,-0.29,0.2,0.18,0.045
693,Omari Hutchinson,Midfielder,Nott'm Forest,5.4,16,a,100,False,False,1,112,1.0,3,1.6666666666666667,1.4,21.666666666666668,6.923076923076923,0.0,0.3333333333333333,0.0,0.0,0.0,12.366666666666667,9.533333333333331,0.0,0.0,4.0,0.4,0.0,27,1.27,4.93,Liverpool,12,1,4.94,Brighton,6,0,4.96,Man City,13,0,4.91,Fulham,10,1,4.89,Spurs,18,0,4.93,0,0,False,True,4.93,🔴 Tough,2.73,2.09,1.87,0.346
734,Dilane Bakwa,Midfielder,Nott'm Forest,5.9,16,a,100,False,False,1,112,1.0,3,0.0,0.2,0.0,0.0,0.0,0.0,0.0,0.0,0.0,0.0,0.0,0.0,0.0,1.0,0.4,0.0,27,0.12,4.93,Liverpool,12,1,4.94,Brighton,6,0,4.96,Man City,13,0,4.91,Fulham,10,1,4.89,Spurs,18,0,4.93,0,0,False,True,4.93,🔴 Tough,-0.12,0.08,0.07,0.012
805,Lorenzo Lucca,Forward,Nott'm Forest,5.5,16,a,100,False,False,1,112,1.0,3,2.5,2.5,18.0,12.5,0.5,0.0,0.0,0.0,9.5,0.55,16.0,0.0,0.0,1.0,0.5,0.0,27,2.49,4.93,Liverpool,12,1,4.94,Brighton,6,0,4.96,Man City,13,0,4.91,Fulham,10,1,4.89,Spurs,18,0,4.93,0,0,False,True,4.93,🔴 Tough,0.0,2.49,2.23,0.405
814,Luca Netz,Defender,Nott'm Forest,4.5,16,a,100,False,False,1,112,1.0,3,1.0,1.0,14.0,6.428571428571428,0.0,0.0,0.0,0.0,2.0,1.1,1.0,0.0,0.0,1.0,0.5,0.0,27,0.56,4.93,Liverpool,12,1,4.94,Brighton,6,0,4.96,Man City,13,0,4.91,Fulham,10,1,4.89,Spurs,18,0,4.93,0,0,False,True,4.93,🔴 Tough,0.0,0.56,0.52,0.116
529,Simon Moore,Goalkeeper,Sunderland,3.9,17,a,100,False,False,1,824,1.0,2,0.0,0.0,0.0,0.0,0.0,0.0,0.0,0.0,0.0,0.0,0.0,0.0,0.0,0.0,0.4,0.0,27,0.6,4.91,Fulham,10,1,4.89,Bournemouth,4,0,4.9,Leeds,11,0,4.94,Brighton,6,1,4.91,Newcastle,15,0,4.91,0,0,False,True,4.91,🔴 Tough,-0.6,0.42,0.34,0.087
531,Daniel Ballard,Defender,Sunderland,4.6,17,a,100,False,False,1,824,1.0,2,4.0,3.4,90.0,4.0,0.0,0.0,0.3333333333333333,0.3333333333333333,6.0,4.333333333333333,22.73333333333333,0.0,0.3333333333333333,5.0,0.4,0.0,27,4.18,4.91,Fulham,10,1,4.89,Bournemouth,4,0,4.9,Leeds,11,0,4.94,Brighton,6,1,4.91,Newcastle,15,0,4.91,0,0,False,True,4.91,🔴 Tough,-3.18,3.23,2.82,0.613
532,Trai Hume,Defender,Sunderland,4.5,17,a,100,False,False,1,824,1.0,2,2.0,1.4,73.0,2.4657534246575343,0.0,0.0,0.3333333333333333,0.0,5.333333333333333,7.833333333333333,6.0,0.0,0.3333333333333333,5.0,0.4,0.0,27,3.05,4.91,Fulham,10,1,4.89,Bournemouth,4,0,4.9,Leeds,11,0,4.94,Brighton,6,1,4.91,Newcastle,15,0,4.91,0,0,False,True,4.91,🔴 Tough,-2.05,2.44,2.13,0.473
535,Dennis Cirkin,Defender,Sunderland,4.0,17,a,100,False,False,1,824,1.0,2,0.3333333333333333,0.6,15.0,2.0,0.0,0.0,0.0,0.0,0.0,0.3666666666666667,2.0,0.0,0.0,3.0,0.4,0.0,27,0.59,4.91,Fulham,10,1,4.89,Bournemouth,4,0,4.9,Leeds,11,0,4.94,Brighton,6,1,4.91,Newcastle,15,0,4.91,0,0,False,True,4.91,🔴 Tough,-0.59,0.41,0.36,0.09
539,Luke O'Nien,Defender,Sunderland,4.0,17,a,100,False,False,1,824,1.0,2,0.6666666666666666,0.6,3.6666666666666665,16.363636363636363,0.0,0.0,0.0,0.0,0.0,0.1999999999999999,0.3333333333333333,0.0,0.0,3.0,0.4,0.0,27,0.64,4.91,Fulham,10,1,4.89,Bournemouth,4,0,4.9,Leeds,11,0,4.94,Brighton,6,1,4.91,Newcastle,15,0,4.91,0,0,False,True,4.91,🔴 Tough,-0.64,0.45,0.39,0.098
544,Habib Diarra,Midfielder,Sunderland,5.3,17,a,100,False,False,1,824,1.0,2,5.0,3.0,71.33333333333333,6.308411214953272,0.3333333333333333,0.3333333333333333,0.3333333333333333,1.0,16.0,8.033333333333333,15.466666666666669,0.0,0.6666666666666666,3.0,0.4,0.0,27,2.54,4.91,Fulham,10,1,4.89,Bournemouth,4,0,4.9,Leeds,11,0,4.94,Brighton,6,1,4.91,Newcastle,15,0,4.91,0,0,False,True,4.91,🔴 Tough,-2.54,1.78,1.48,0.279
546,Milan Aleksić,Midfielder,Sunderland,4.9,17,a,100,False,False,1,824,1.0,2,0.0,0.0,0.0,0.0,0.0,0.0,0.0,0.0,0.0,0.0,0.0,0.0,0.0,0.0,0.4,0.0,27,0.1,4.91,Fulham,10,1,4.89,Bournemouth,4,0,4.9,Leeds,11,0,4.94,Brighton,6,1,4.91,Newcastle,15,0,4.91,0,0,False,True,4.91,🔴 Tough,-0.1,0.07,0.06,0.012
547,Enzo Le Fée,Midfielder,Sunderland,4.9,17,a,100,False,False,1,824,1.0,2,3.0,3.4,90.0,3.0,0.0,0.0,0.3333333333333333,0.0,3.0,9.2,17.8,0.0,0.0,5.0,0.4,0.0,27,3.42,4.91,Fulham,10,1,4.89,Bournemouth,4,0,4.9,Leeds,11,0,4.94,Brighton,6,1,4.91,Newcastle,15,0,4.91,0,0,False,True,4.91,🔴 Tough,-1.42,2.99,2.49,0.508
548,Romaine Mundle,Midfielder,Sunderland,4.9,17,a,100,False,False,1,824,1.0,2,1.0,1.2,27.0,3.333333333333333,0.0,0.0,0.0,0.0,1.3333333333333333,0.6666666666666666,1.4666666666666668,0.0,0.0,5.0,0.4,0.0,27,1.47,4.91,Fulham,10,1,4.89,Bournemouth,4,0,4.9,Leeds,11,0,4.94,Brighton,6,1,4.91,Newcastle,15,0,4.91,0,0,False,True,4.91,🔴 Tough,-1.47,1.03,0.86,0.176
550,Ian Poveda-Ocampo,Midfielder,Sunderland,4.8,17,a,100,False,False,1,824,1.0,2,0.0,0.0,0.0,0.0,0.0,0.0,0.0,0.0,0.0,0.0,0.0,0.0,0.0,0.0,0.4,0.0,27,0.1,4.91,Fulham,10,1,4.89,Bournemouth,4,0,4.9,Leeds,11,0,4.94,Brighton,6,1,4.91,Newcastle,15,0,4.91,0,0,False,True,4.91,🔴 Tough,-0.1,0.07,0.06,0.012
551,Chris Rigg,Midfielder,Sunderland,4.7,17,a,100,False,False,1,824,1.0,2,0.0,0.2,0.0,0.0,0.0,0.0,0.0,0.0,0.0,0.0,0.0,0.0,0.0,1.0,0.4,0.0,27,0.13,4.91,Fulham,10,1,4.89,Bournemouth,4,0,4.9,Leeds,11,0,4.94,Brighton,6,1,4.91,Newcastle,15,0,4.91,0,0,False,True,4.91,🔴 Tough,-0.13,0.09,0.07,0.015
552,Noah Sadiki,Midfielder,Sunderland,4.9,17,a,100,False,False,1,824,1.0,2,2.6666666666666665,2.6,83.33333333333333,2.88,0.0,0.0,0.3333333333333333,0.0,3.333333333333333,6.066666666666666,10.066666666666666,0.0,0.3333333333333333,4.0,0.4,0.0,27,2.26,4.91,Fulham,10,1,4.89,Bournemouth,4,0,4.9,Leeds,11,0,4.94,Brighton,6,1,4.91,Newcastle,15,0,4.91,0,0,False,True,4.91,🔴 Tough,-0.26,2.18,1.82,0.371
553,Chemsdine Talbi,Midfielder,Sunderland,4.9,17,a,100,False,False,1,824,1.0,2,3.6666666666666665,2.2,62.333333333333336,5.294117647058823,0.3333333333333333,0.0,0.3333333333333333,0.0,12.333333333333334,14.233333333333334,16.0,0.0,0.0,3.0,0.4,0.0,27,2.28,4.91,Fulham,10,1,4.89,Bournemouth,4,0,4.9,Leeds,11,0,4.94,Brighton,6,1,4.91,Newcastle,15,0,4.91,0,0,False,True,4.91,🔴 Tough,-1.28,1.9,1.58,0.322
554,Abdoullah Ba,Midfielder,Sunderland,4.3,17,a,100,False,False,1,824,1.0,2,0.0,0.0,0.0,0.0,0.0,0.0,0.0,0.0,0.0,0.0,0.0,0.0,0.0,0.0,0.4,0.0,27,0.05,4.91,Fulham,10,1,4.89,Bournemouth,4,0,4.9,Leeds,11,0,4.94,Brighton,6,1,4.91,Newcastle,15,0,4.91,0,0,False,True,4.91,🔴 Tough,-0.05,0.04,0.03,0.007
557,Harrison Jones,Midfielder,Sunderland,4.3,17,a,100,False,False,1,824,1.0,2,0.0,0.0,0.0,0.0,0.0,0.0,0.0,0.0,0.0,0.0,0.0,0.0,0.0,0.0,0.4,0.0,27,0.05,4.91,Fulham,10,1,4.89,Bournemouth,4,0,4.9,Leeds,11,0,4.94,Brighton,6,1,4.91,Newcastle,15,0,4.91,0,0,False,True,4.91,🔴 Tough,-0.05,0.04,0.03,0.007
560,Wilson Isidor,Forward,Sunderland,5.1,17,a,100,False,False,1,824,1.0,2,1.0,0.6,10.0,9.0,0.0,0.0,0.0,0.0,9.333333333333334,0.1333333333333336,1.3333333333333333,0.0,0.0,3.0,0.4,-1.0,27,1.41,4.91,Fulham,10,1,4.89,Bournemouth,4,0,4.9,Leeds,11,0,4.94,Brighton,6,1,4.91,Newcastle,15,0,4.91,0,0,False,True,4.91,🔴 Tough,0.59,1.59,1.32,0.259
561,Eliezer Mayenda Dossou,Forward,Sunderland,5.2,17,a,100,False,False,1,824,1.0,2,0.6666666666666666,0.8,24.666666666666668,2.4324324324324325,0.0,0.0,0.0,0.0,1.3333333333333333,0.4333333333333333,0.7333333333333334,0.0,0.0,3.0,0.4,0.0,27,1.23,4.91,Fulham,10,1,4.89,Bournemouth,4,0,4.9,Leeds,11,0,4.94,Brighton,6,1,4.91,Newcastle,15,0,4.91,0,0,False,True,4.91,🔴 Tough,-0.23,1.16,0.97,0.187
562,Ahmed Abdullahi,Forward,Sunderland,4.2,17,a,100,False,False,1,824,1.0,2,0.0,0.0,0.0,0.0,0.0,0.0,0.0,0.0,0.0,0.0,0.0,0.0,0.0,0.0,0.4,0.0,27,0.04,4.91,Fulham,10,1,4.89,Bournemouth,4,0,4.9,Leeds,11,0,4.94,Brighton,6,1,4.91,Newcastle,15,0,4.91,0,0,False,True,4.91,🔴 Tough,-0.04,0.03,0.02,0.005
668,Granit Xhaka,Midfielder,Sunderland,5.1,17,a,100,False,False,1,824,1.0,2,0.0,0.8,0.0,0.0,0.0,0.0,0.0,0.0,0.0,0.0,0.0,0.0,0.0,2.0,0.4,0.0,27,0.15,4.91,Fulham,10,1,4.89,Bournemouth,4,0,4.9,Leeds,11,0,4.94,Brighton,6,1,4.91,Newcastle,15,0,4.91,0,0,False,True,4.91,🔴 Tough,1.85,0.7,0.58,0.114
670,Robin Roefs,Goalkeeper,Sunderland,4.9,17,a,100,False,False,1,824,1.0,2,2.6666666666666665,2.4,90.0,2.6666666666666665,0.0,0.0,0.3333333333333333,0.0,0.0,0.0,14.933333333333335,1.3333333333333333,0.0,5.0,0.4,0.0,27,1.36,4.91,Fulham,10,1,4.89,Bournemouth,4,0,4.9,Leeds,11,0,4.94,Brighton,6,1,4.91,Newcastle,15,0,4.91,0,0,False,True,4.91,🔴 Tough,1.64,1.85,1.51,0.308
683,Omar Alderete,Defender,Sunderland,4.1,17,a,100,False,False,1,824,1.0,2,2.6666666666666665,2.0,88.33333333333333,2.7169811320754715,0.0,0.0,0.3333333333333333,0.0,1.3333333333333333,10.766666666666666,18.33333333333333,0.0,0.0,5.0,0.4,0.0,27,2.15,4.91,Fulham,10,1,4.89,Bournemouth,4,0,4.9,Leeds,11,0,4.94,Brighton,6,1,4.91,Newcastle,15,0,4.91,0,0,False,True,4.91,🔴 Tough,-2.15,1.5,1.31,0.32
694,Nordi Mukiele,Defender,Sunderland,4.6,17,a,100,False,False,1,824,1.0,2,4.666666666666667,4.6,87.33333333333333,4.809160305343512,0.0,0.6666666666666666,0.3333333333333333,0.0,4.333333333333333,15.4,17.066666666666666,0.0,0.0,5.0,0.4,0.0,27,2.57,4.91,Fulham,10,1,4.89,Bournemouth,4,0,4.9,Leeds,11,0,4.94,Brighton,6,1,4.91,Newcastle,15,0,4.91,0,0,False,True,4.91,🔴 Tough,1.43,3.0,2.61,0.567
724,Lutsharel Geertruida,Defender,Sunderland,4.5,17,a,100,False,False,1,824,1.0,2,0.6666666666666666,0.6,9.666666666666666,6.206896551724138,0.0,0.0,0.0,0.0,0.6666666666666666,4.166666666666667,1.5333333333333332,0.0,0.0,3.0,0.4,0.0,27,0.62,4.91,Fulham,10,1,4.89,Bournemouth,4,0,4.9,Leeds,11,0,4.94,Brighton,6,1,4.91,Newcastle,15,0,4.91,0,0,False,True,4.91,🔴 Tough,1.38,1.03,0.9,0.2
730,Brian Brobbey,Forward,Sunderland,5.5,17,a,100,False,False,1,824,1.0,2,3.333333333333333,4.2,84.33333333333333,3.5573122529644268,0.3333333333333333,0.0,0.3333333333333333,0.3333333333333333,15.333333333333334,8.4,14.866666666666667,0.0,0.3333333333333333,5.0,0.4,-1.0,27,3.29,4.91,Fulham,10,1,4.89,Bournemouth,4,0,4.9,Leeds,11,0,4.94,Brighton,6,1,4.91,Newcastle,15,0,4.91,0,0,False,True,4.91,🔴 Tough,-2.29,2.6,2.17,0.395
774,Jenson Jones,Defender,Sunderland,4.0,17,a,100,False,False,1,824,1.0,2,0.0,0.0,0.0,0.0,0.0,0.0,0.0,0.0,0.0,0.0,0.0,0.0,0.0,0.0,0.4,0.0,27,0.05,4.91,Fulham,10,1,4.89,Bournemouth,4,0,4.9,Leeds,11,0,4.94,Brighton,6,1,4.91,Newcastle,15,0,4.91,0,0,False,True,4.91,🔴 Tough,0.0,0.05,0.04,0.01
800,Djiamgone Jocelin Ta Bi,Midfielder,Sunderland,5.0,17,a,100,False,False,1,824,1.0,2,0.0,0.0,0.0,0.0,0.0,0.0,0.0,0.0,0.0,0.0,0.0,0.0,0.0,0.0,0.3333333333333333,0.0,27,0.1,4.91,Fulham,10,1,4.89,Bournemouth,4,0,4.9,Leeds,11,0,4.94,Brighton,6,1,4.91,Newcastle,15,0,4.91,0,0,False,True,4.91,🔴 Tough,0.0,0.1,0.08,0.016
812,Melker Ellborg,Goalkeeper,Sunderland,4.0,17,a,100,False,False,1,824,1.0,2,0.0,0.0,0.0,0.0,0.0,0.0,0.0,0.0,0.0,0.0,0.0,0.0,0.0,0.0,0.5,0.0,27,0.57,4.91,Fulham,10,1,4.89,Bournemouth,4,0,4.9,Leeds,11,0,4.94,Brighton,6,1,4.91,Newcastle,15,0,4.91,0,0,False,True,4.91,🔴 Tough,0.0,0.57,0.47,0.118
813,Nilson Angulo,Midfielder,Sunderland,5.0,17,a,100,False,False,1,824,1.0,2,1.0,1.0,5.0,18.0,0.0,0.0,0.0,0.0,0.0,14.5,2.0,0.0,0.0,1.0,0.5,0.0,27,1.32,4.91,Fulham,10,1,4.89,Bournemouth,4,0,4.9,Leeds,11,0,4.94,Brighton,6,1,4.91,Newcastle,15,0,4.91,0,0,False,True,4.91,🔴 Tough,0.0,1.32,1.1,0.22
565,Guglielmo Vicario,Goalkeeper,Spurs,4.7,18,a,100,False,False,1,411,1.0,4,1.6666666666666667,1.4,90.0,1.666666666666667,0.0,0.0,0.0,0.0,0.0,0.0,25.399999999999995,3.6666666666666665,0.0,5.0,0.4,0.0,27,2.8,4.94,Arsenal,1,1,4.91,Fulham,10,0,4.89,Crystal Palace,8,1,4.93,Liverpool,12,0,4.93,Nott'm Forest,16,1,4.92,0,0,False,True,4.92,🔴 Tough,-1.8,2.26,1.85,0.394
566,Brandon Austin,Goalkeeper,Spurs,3.9,18,a,100,False,False,1,411,1.0,4,0.0,0.0,0.0,0.0,0.0,0.0,0.0,0.0,0.0,0.0,0.0,0.0,0.0,0.0,0.4,0.0,27,0.06,4.94,Arsenal,1,1,4.91,Fulham,10,0,4.89,Crystal Palace,8,1,4.93,Liverpool,12,0,4.93,Nott'm Forest,16,1,4.92,0,0,False,True,4.92,🔴 Tough,-0.06,0.04,0.03,0.008
567,Antonín Kinský,Goalkeeper,Spurs,3.9,18,a,100,False,False,1,411,1.0,4,0.0,0.0,0.0,0.0,0.0,0.0,0.0,0.0,0.0,0.0,0.0,0.0,0.0,0.0,0.4,0.0,27,0.06,4.94,Arsenal,1,1,4.91,Fulham,10,0,4.89,Crystal Palace,8,1,4.93,Liverpool,12,0,4.93,Nott'm Forest,16,1,4.92,0,0,False,True,4.92,🔴 Tough,-0.06,0.04,0.03,0.008
572,Radu Drăgușin,Defender,Spurs,4.5,18,a,100,False,False,1,411,1.0,4,0.6666666666666666,0.4,49.66666666666666,1.2080536912751678,0.0,0.0,0.0,0.0,0.6666666666666666,0.1666666666666666,5.8,0.0,0.0,3.0,0.4,0.0,27,2.28,4.94,Arsenal,1,1,4.91,Fulham,10,0,4.89,Crystal Palace,8,1,4.93,Liverpool,12,0,4.93,Nott'm Forest,16,1,4.92,0,0,False,True,4.92,🔴 Tough,-2.28,1.6,1.4,0.311
573,Djed Spence,Defender,Spurs,4.2,18,a,100,False,False,1,411,1.0,4,0.3333333333333333,0.6,30.0,1.0,0.0,0.0,0.0,0.0,10.0,12.433333333333332,12.066666666666668,0.0,0.0,3.0,0.4,-1.0,27,1.81,4.94,Arsenal,1,1,4.91,Fulham,10,0,4.89,Crystal Palace,8,1,4.93,Liverpool,12,0,4.93,Nott'm Forest,16,1,4.92,0,0,False,True,4.92,🔴 Tough,-1.81,1.27,1.11,0.264
575,Micky van de Ven,Defender,Spurs,4.5,18,a,100,False,False,1,411,1.0,4,2.6666666666666665,1.6,60.0,4.0,0.3333333333333333,0.0,0.0,0.0,8.666666666666666,1.1,23.666666666666668,0.0,0.0,4.0,0.4,0.0,27,2.83,4.94,Arsenal,1,1,4.91,Fulham,10,0,4.89,Crystal Palace,8,1,4.93,Liverpool,12,0,4.93,Nott'm Forest,16,1,4.92,0,0,False,True,4.92,🔴 Tough,-2.83,1.98,1.73,0.384
584,Mathys Tel,Midfielder,Spurs,6.2,18,a,100,False,False,1,411,1.0,4,1.0,3.0,14.666666666666666,6.136363636363638,0.0,0.0,0.0,0.0,13.333333333333334,4.033333333333334,2.0000000000000004,0.0,0.0,5.0,0.4,0.0,27,0.45,4.94,Arsenal,1,1,4.91,Fulham,10,0,4.89,Crystal Palace,8,1,4.93,Liverpool,12,0,4.93,Nott'm Forest,16,1,4.92,0,0,False,True,4.92,🔴 Tough,-0.45,0.32,0.27,0.044
587,Yves Bissouma,Midfielder,Spurs,5.2,18,a,100,False,False,1,411,1.0,4,2.0,1.4,51.333333333333336,3.5064935064935066,0.0,0.0,0.0,0.0,0.3333333333333333,2.8000000000000003,8.2,0.0,0.3333333333333333,4.0,0.4,0.0,27,1.55,4.94,Arsenal,1,1,4.91,Fulham,10,0,4.89,Crystal Palace,8,1,4.93,Liverpool,12,0,4.93,Nott'm Forest,16,1,4.92,0,0,False,True,4.92,🔴 Tough,-1.55,1.08,0.9,0.173
591,Archie Gray,Midfielder,Spurs,4.8,18,a,100,False,False,1,411,1.0,4,1.6666666666666667,1.2,64.0,2.34375,0.0,0.0,0.0,0.0,2.0,1.4666666666666668,7.599999999999999,0.0,0.0,5.0,0.4,0.0,27,5.38,4.94,Arsenal,1,1,4.91,Fulham,10,0,4.89,Crystal Palace,8,1,4.93,Liverpool,12,0,4.93,Nott'm Forest,16,1,4.92,0,0,False,True,4.92,🔴 Tough,-5.38,3.77,3.15,0.656
593,Pape Matar Sarr,Midfielder,Spurs,4.5,18,a,100,False,False,1,411,1.0,4,1.0,0.6,45.0,2.0,0.0,0.0,0.0,0.0,2.0,1.9333333333333331,11.533333333333331,0.0,0.0,2.0,0.4,0.0,27,4.92,4.94,Arsenal,1,1,4.91,Fulham,10,0,4.89,Crystal Palace,8,1,4.93,Liverpool,12,0,4.93,Nott'm Forest,16,1,4.92,0,0,False,True,4.92,🔴 Tough,-3.92,3.74,3.13,0.696
595,Callum Olusesi,Midfielder,Spurs,4.3,18,a,100,False,False,1,411,1.0,4,0.0,0.0,0.0,0.0,0.0,0.0,0.0,0.0,0.0,0.0,0.0,0.0,0.0,0.0,0.4,0.0,27,0.05,4.94,Arsenal,1,1,4.91,Fulham,10,0,4.89,Crystal Palace,8,1,4.93,Liverpool,12,0,4.93,Nott'm Forest,16,1,4.92,0,0,False,True,4.92,🔴 Tough,-0.05,0.04,0.03,0.007
596,Dominic Solanke-Mitchell,Forward,Spurs,7.2,18,a,100,False,False,1,411,1.0,4,5.333333333333333,3.4,86.0,5.5813953488372094,0.6666666666666666,0.0,0.0,1.0,31.666666666666668,12.333333333333334,27.066666666666663,0.0,0.3333333333333333,4.0,0.4,0.0,27,5.59,4.94,Arsenal,1,1,4.91,Fulham,10,0,4.89,Crystal Palace,8,1,4.93,Liverpool,12,0,4.93,Nott'm Forest,16,1,4.92,0,0,False,True,4.92,🔴 Tough,-5.59,3.91,3.27,0.454
673,João Maria Lobo Alves Palhares Costa Palhinha Gonçalves,Midfielder,Spurs,5.5,18,a,100,False,False,1,411,1.0,4,1.6666666666666667,2.8,56.333333333333336,2.662721893491124,0.0,0.0,0.0,0.0,3.0,0.6666666666666673,12.666666666666666,0.0,0.3333333333333333,3.0,0.4,0.0,27,1.57,4.94,Arsenal,1,1,4.91,Fulham,10,0,4.89,Crystal Palace,8,1,4.93,Liverpool,12,0,4.93,Nott'm Forest,16,1,4.92,0,0,False,True,4.92,🔴 Tough,6.43,3.5,2.93,0.533
717,Xavi Simons,Midfielder,Spurs,6.5,18,a,100,False,False,1,411,1.0,4,4.0,3.8,90.0,4.0,0.0,0.3333333333333333,0.0,0.6666666666666666,17.0,40.0,21.46666666666667,0.0,0.3333333333333333,5.0,0.4,0.0,27,1.71,4.94,Arsenal,1,1,4.91,Fulham,10,0,4.89,Crystal Palace,8,1,4.93,Liverpool,12,0,4.93,Nott'm Forest,16,1,4.92,0,0,False,True,4.92,🔴 Tough,-0.71,1.5,1.25,0.192
726,Randal Kolo Muani,Forward,Spurs,6.9,18,a,100,False,False,1,411,1.0,4,1.0,1.2,25.666666666666668,3.5064935064935066,0.0,0.0,0.0,0.0,3.333333333333333,0.1666666666666666,0.7999999999999999,0.0,0.0,4.0,0.4,0.0,27,1.64,4.94,Arsenal,1,1,4.91,Fulham,10,0,4.89,Crystal Palace,8,1,4.93,Liverpool,12,0,4.93,Nott'm Forest,16,1,4.92,0,0,False,True,4.92,🔴 Tough,-0.64,1.45,1.21,0.175
745,Jun'ai Byfield,Defender,Spurs,4.0,18,a,100,False,False,1,411,1.0,4,0.3333333333333333,0.2,0.3333333333333333,90.0,0.0,0.0,0.0,0.0,0.0,0.1666666666666666,0.1333333333333333,0.0,0.0,1.0,0.4,0.0,27,0.29,4.94,Arsenal,1,1,4.91,Fulham,10,0,4.89,Crystal Palace,8,1,4.93,Liverpool,12,0,4.93,Nott'm Forest,16,1,4.92,0,0,False,True,4.92,🔴 Tough,-0.29,0.2,0.17,0.042
750,James Rowswell,Defender,Spurs,4.0,18,a,100,False,False,1,411,1.0,4,0.0,0.0,0.0,0.0,0.0,0.0,0.0,0.0,0.0,0.0,0.0,0.0,0.0,0.0,0.4,0.0,27,0.0,4.94,Arsenal,1,1,4.91,Fulham,10,0,4.89,Crystal Palace,8,1,4.93,Liverpool,12,0,4.93,Nott'm Forest,16,1,4.92,0,0,False,True,4.92,🔴 Tough,0.0,0.0,0.0,0.0
790,Lucá Williams-Barnett,Midfielder,Spurs,4.5,18,a,100,False,False,1,411,1.0,4,0.0,0.0,0.0,0.0,0.0,0.0,0.0,0.0,0.0,0.0,0.0,0.0,0.0,0.0,0.4,0.0,27,0.05,4.94,Arsenal,1,1,4.91,Fulham,10,0,4.89,Crystal Palace,8,1,4.93,Liverpool,12,0,4.93,Nott'm Forest,16,1,4.92,0,0,False,True,4.92,🔴 Tough,0.0,0.05,0.04,0.009
796,Conor Gallagher,Midfielder,Spurs,5.4,18,a,100,False,False,1,411,1.0,4,3.6666666666666665,3.25,84.33333333333333,3.9130434782608696,0.0,0.3333333333333333,0.0,0.0,19.0,19.433333333333334,20.066666666666663,0.0,0.0,4.0,0.5,0.0,27,3.49,4.94,Arsenal,1,1,4.91,Fulham,10,0,4.89,Crystal Palace,8,1,4.93,Liverpool,12,0,4.93,Nott'm Forest,16,1,4.92,0,0,False,True,4.92,🔴 Tough,0.0,3.49,2.92,0.541
804,João Victor de Souza Menezes,Defender,Spurs,4.0,18,a,100,False,False,1,411,1.0,4,0.5,0.5,17.5,2.571428571428571,0.0,0.0,0.0,0.0,0.0,5.15,3.0,0.0,0.0,1.0,0.5,0.0,27,0.46,4.94,Arsenal,1,1,4.91,Fulham,10,0,4.89,Crystal Palace,8,1,4.93,Liverpool,12,0,4.93,Nott'm Forest,16,1,4.92,0,0,False,True,4.92,🔴 Tough,0.0,0.46,0.4,0.1
811,Rio Kyerematen,Midfielder,Spurs,4.5,18,a,100,False,False,1,411,1.0,4,0.0,0.0,0.0,0.0,0.0,0.0,0.0,0.0,0.0,0.0,0.0,0.0,0.0,0.0,0.5,0.0,27,0.04,4.94,Arsenal,1,1,4.91,Fulham,10,0,4.89,Crystal Palace,8,1,4.93,Liverpool,12,0,4.93,Nott'm Forest,16,1,4.92,0,0,False,True,4.92,🔴 Tough,0.0,0.04,0.03,0.007
326,Adama Traoré Diarra,Midfielder,West Ham,5.1,19,a,100,False,False,1,900,1.0,3,0.3333333333333333,0.4,3.333333333333333,9.0,0.0,0.0,0.0,0.0,0.0,0.1333333333333333,0.1333333333333333,0.0,0.3333333333333333,3.0,0.4,0.0,27,0.5,4.89,Bournemouth,4,1,4.93,Liverpool,12,0,4.91,Fulham,10,0,4.96,Man City,13,1,4.93,Aston Villa,2,0,4.92,0,0,False,True,4.91,🔴 Tough,0.5,0.65,0.58,0.114
600,Alphonse Areola,Goalkeeper,West Ham,4.3,19,a,100,False,False,1,900,1.0,3,1.3333333333333333,1.8,60.0,2.0,0.0,0.0,0.0,0.0,0.0,0.0,8.4,1.3333333333333333,0.0,4.0,0.4,0.0,27,0.3,4.89,Bournemouth,4,1,4.93,Liverpool,12,0,4.91,Fulham,10,0,4.96,Man City,13,1,4.93,Aston Villa,2,0,4.92,0,0,False,True,4.91,🔴 Tough,8.7,2.91,2.55,0.593
603,El Hadji Malick Diouf,Defender,West Ham,4.0,19,a,100,False,False,1,900,1.0,3,3.6666666666666665,2.2,59.333333333333336,5.561797752808989,0.0,0.3333333333333333,0.3333333333333333,0.3333333333333333,0.0,13.533333333333337,19.53333333333333,0.0,0.3333333333333333,3.0,0.4,0.0,27,2.72,4.89,Bournemouth,4,1,4.93,Liverpool,12,0,4.91,Fulham,10,0,4.96,Man City,13,1,4.93,Aston Villa,2,0,4.92,0,0,False,True,4.91,🔴 Tough,0.28,2.8,2.62,0.655
605,Maximilian Kilman,Defender,West Ham,4.2,19,a,100,False,False,1,900,1.0,3,0.3333333333333333,0.4,8.333333333333334,3.6,0.0,0.0,0.0,0.0,0.0,0.0666666666666666,3.8666666666666663,0.0,0.0,3.0,0.4,0.0,27,0.48,4.89,Bournemouth,4,1,4.93,Liverpool,12,0,4.91,Fulham,10,0,4.96,Man City,13,1,4.93,Aston Villa,2,0,4.92,0,0,False,True,4.91,🔴 Tough,2.52,1.24,1.16,0.276
606,Konstantinos Mavropanos,Defender,West Ham,4.4,19,a,100,False,False,1,900,1.0,3,4.333333333333333,3.8,90.0,4.333333333333333,0.0,0.0,0.3333333333333333,0.0,1.6666666666666667,0.3333333333333333,21.666666666666668,0.0,0.0,5.0,0.4,0.0,27,2.01,4.89,Bournemouth,4,1,4.93,Liverpool,12,0,4.91,Fulham,10,0,4.96,Man City,13,1,4.93,Aston Villa,2,0,4.92,0,0,False,True,4.91,🔴 Tough,-2.01,1.41,1.32,0.3
608,Ollie Scarles,Defender,West Ham,4.3,19,a,100,False,False,1,900,1.0,3,2.0,2.4,30.0,6.0,0.0,0.3333333333333333,0.0,0.0,1.3333333333333333,0.3999999999999999,7.066666666666666,0.0,0.3333333333333333,5.0,0.4,0.0,27,1.84,4.89,Bournemouth,4,1,4.93,Liverpool,12,0,4.91,Fulham,10,0,4.96,Man City,13,1,4.93,Aston Villa,2,0,4.92,0,0,False,True,4.91,🔴 Tough,-1.84,1.29,1.21,0.281
609,Jean-Clair Todibo,Defender,West Ham,4.3,19,a,100,False,False,1,900,1.0,3,0.6666666666666666,1.6,60.0,1.0,0.0,0.0,0.0,0.0,2.333333333333333,0.4666666666666666,10.333333333333334,0.0,0.0,4.0,0.4,0.0,27,1.69,4.89,Bournemouth,4,1,4.93,Liverpool,12,0,4.91,Fulham,10,0,4.96,Man City,13,1,4.93,Aston Villa,2,0,4.92,0,0,False,True,4.91,🔴 Tough,3.31,2.68,2.51,0.584
610,Aaron Wan-Bissaka,Defender,West Ham,4.1,19,a,100,False,False,1,900,1.0,3,5.666666666666667,4.2,90.0,5.666666666666667,0.0,0.6666666666666666,0.3333333333333333,0.0,2.0,13.666666666666666,31.466666666666665,0.0,0.0,4.0,0.4,0.0,27,2.92,4.89,Bournemouth,4,1,4.93,Liverpool,12,0,4.91,Fulham,10,0,4.96,Man City,13,1,4.93,Aston Villa,2,0,4.92,0,0,False,True,4.91,🔴 Tough,-0.92,2.64,2.47,0.602
613,Tomáš Souček,Midfielder,West Ham,5.7,19,a,100,False,False,1,900,1.0,3,2.333333333333333,3.2,90.0,2.333333333333333,0.0,0.0,0.3333333333333333,0.0,4.0,9.4,10.333333333333336,0.0,0.0,5.0,0.4,0.0,27,3.67,4.89,Bournemouth,4,1,4.93,Liverpool,12,0,4.91,Fulham,10,0,4.96,Man City,13,1,4.93,Aston Villa,2,0,4.92,0,0,False,True,4.91,🔴 Tough,-2.67,2.87,2.57,0.451
615,Crysencio Summerville,Midfielder,West Ham,5.6,19,a,100,False,False,1,900,1.0,3,8.666666666666666,8.0,90.0,8.666666666666666,1.0,0.0,0.3333333333333333,1.3333333333333333,33.666666666666664,13.8,41.66666666666666,0.0,0.0,5.0,0.4,1.0,27,5.26,4.89,Bournemouth,4,1,4.93,Liverpool,12,0,4.91,Fulham,10,0,4.96,Man City,13,1,4.93,Aston Villa,2,0,4.92,0,0,False,True,4.91,🔴 Tough,-5.26,3.68,3.29,0.588
624,Jarrod Bowen,Forward,West Ham,7.6,19,a,100,False,False,1,900,1.0,3,7.333333333333333,5.4,86.66666666666667,7.615384615384615,0.6666666666666666,0.3333333333333333,0.3333333333333333,1.6666666666666667,20.666666666666668,16.666666666666664,39.66666666666666,0.0,0.0,5.0,0.4,0.0,27,4.94,4.89,Bournemouth,4,1,4.93,Liverpool,12,0,4.91,Fulham,10,0,4.96,Man City,13,1,4.93,Aston Villa,2,0,4.92,0,0,False,True,4.91,🔴 Tough,-0.94,4.66,4.17,0.549
659,Kyle Walker-Peters,Defender,West Ham,4.2,19,a,100,False,False,1,900,1.0,3,0.3333333333333333,0.2,0.3333333333333333,90.0,0.0,0.0,0.0,0.0,0.0,0.0,0.3333333333333333,0.0,0.0,2.0,0.4,0.0,27,0.59,4.89,Bournemouth,4,1,4.93,Liverpool,12,0,4.91,Fulham,10,0,4.96,Man City,13,1,4.93,Aston Villa,2,0,4.92,0,0,False,True,4.91,🔴 Tough,-0.59,0.41,0.38,0.09
671,Callum Wilson,Forward,West Ham,5.8,19,a,100,False,False,1,900,1.0,3,1.0,1.8,30.0,3.0,0.0,0.0,0.0,0.0,5.333333333333333,3.8,2.4,0.0,0.0,4.0,0.4,0.0,27,2.15,4.89,Bournemouth,4,1,4.93,Liverpool,12,0,4.91,Fulham,10,0,4.96,Man City,13,1,4.93,Aston Villa,2,0,4.92,0,0,False,True,4.91,🔴 Tough,9.85,5.1,4.56,0.786
679,Mads Hermansen,Goalkeeper,West Ham,4.2,19,a,100,False,False,1,900,1.0,3,3.333333333333333,2.0,30.0,10.0,0.0,0.0,0.3333333333333333,1.0,0.0,0.0,10.733333333333334,1.6666666666666667,0.0,1.0,0.4,0.0,27,5.43,4.89,Bournemouth,4,1,4.93,Liverpool,12,0,4.91,Fulham,10,0,4.96,Man City,13,1,4.93,Aston Villa,2,0,4.92,0,0,False,True,4.91,🔴 Tough,-5.43,3.8,3.33,0.793
708,Mateus Gonçalo Espanha Fernandes,Midfielder,West Ham,5.5,19,a,100,False,False,1,900,1.0,3,6.666666666666667,6.2,90.0,6.666666666666668,0.3333333333333333,0.3333333333333333,0.3333333333333333,0.6666666666666666,7.333333333333333,16.900000000000002,31.6,0.0,0.3333333333333333,5.0,0.4,0.0,27,4.13,4.89,Bournemouth,4,1,4.93,Liverpool,12,0,4.91,Fulham,10,0,4.96,Man City,13,1,4.93,Aston Villa,2,0,4.92,0,0,False,True,4.91,🔴 Tough,-0.13,4.09,3.66,0.665
718,Soungoutou Magassa,Midfielder,West Ham,5.0,19,a,100,False,False,1,900,1.0,3,0.0,0.0,0.0,0.0,0.0,0.0,0.0,0.0,0.0,0.0,0.0,0.0,0.0,0.0,0.4,0.0,27,0.1,4.89,Bournemouth,4,1,4.93,Liverpool,12,0,4.91,Fulham,10,0,4.96,Man City,13,1,4.93,Aston Villa,2,0,4.92,0,0,False,True,4.91,🔴 Tough,-0.1,0.07,0.06,0.012
747,Ezra Mayers,Defender,West Ham,4.0,19,a,100,False,False,1,900,1.0,3,0.0,0.2,0.0,0.0,0.0,0.0,0.0,0.0,0.0,0.0,0.0,0.0,0.0,1.0,0.4,0.0,27,0.12,4.89,Bournemouth,4,1,4.93,Liverpool,12,0,4.91,Fulham,10,0,4.96,Man City,13,1,4.93,Aston Villa,2,0,4.92,0,0,False,True,4.91,🔴 Tough,-0.12,0.08,0.07,0.018
752,Airidas Golambeckis,Defender,West Ham,4.0,19,a,100,False,False,1,900,1.0,3,0.0,0.0,0.0,0.0,0.0,0.0,0.0,0.0,0.0,0.0,0.0,0.0,0.0,0.0,0.4,0.0,27,0.03,4.89,Bournemouth,4,1,4.93,Liverpool,12,0,4.91,Fulham,10,0,4.96,Man City,13,1,4.93,Aston Villa,2,0,4.92,0,0,False,True,4.91,🔴 Tough,-0.03,0.02,0.02,0.005
758,Mohamadou Kanté,Midfielder,West Ham,4.5,19,a,100,False,False,1,900,1.0,3,0.0,0.0,0.0,0.0,0.0,0.0,0.0,0.0,0.0,0.0,0.0,0.0,0.0,0.0,0.4,0.0,27,0.05,4.89,Bournemouth,4,1,4.93,Liverpool,12,0,4.91,Fulham,10,0,4.96,Man City,13,1,4.93,Aston Villa,2,0,4.92,0,0,False,True,4.91,🔴 Tough,0.0,0.05,0.04,0.009
791,Valentín Castellanos,Forward,West Ham,5.5,19,a,100,False,False,1,900,1.0,3,4.0,3.0,75.66666666666667,4.757709251101321,0.3333333333333333,0.3333333333333333,0.3333333333333333,0.0,33.333333333333336,5.433333333333334,19.2,0.0,0.3333333333333333,5.0,0.4,0.0,27,3.27,4.89,Bournemouth,4,1,4.93,Liverpool,12,0,4.91,Fulham,10,0,4.96,Man City,13,1,4.93,Aston Villa,2,0,4.92,0,0,False,True,4.91,🔴 Tough,0.0,3.27,2.93,0.533
802,Keiber Lamadrid,Midfielder,West Ham,5.0,19,a,100,False,False,1,900,1.0,3,0.0,0.0,0.0,0.0,0.0,0.0,0.0,0.0,0.0,0.0,0.0,0.0,0.0,0.0,0.3333333333333333,0.0,27,0.1,4.89,Bournemouth,4,1,4.93,Liverpool,12,0,4.91,Fulham,10,0,4.96,Man City,13,1,4.93,Aston Villa,2,0,4.92,0,0,False,True,4.91,🔴 Tough,0.0,0.1,0.09,0.018
815,Axel Disasi,Defender,West Ham,4.5,19,a,100,False,False,1,900,1.0,3,6.0,6.0,90.0,6.0,0.0,0.0,1.0,0.0,9.0,0.2,16.8,0.0,0.0,1.0,0.5,0.0,27,1.86,4.89,Bournemouth,4,1,4.93,Liverpool,12,0,4.91,Fulham,10,0,4.96,Man City,13,1,4.93,Aston Villa,2,0,4.92,0,0,False,True,4.91,🔴 Tough,0.0,1.86,1.74,0.387
627,Sam Johnstone,Goalkeeper,Wolves,4.4,20,a,100,False,False,0,101,1.0,3,0.0,0.0,0.0,0.0,0.0,0.0,0.0,0.0,0.0,0.0,0.0,0.0,0.0,0.0,0.6,0.0,27,0.15,4.89,Crystal Palace,8,0,4.93,Aston Villa,2,1,4.93,Liverpool,12,1,4.93,Brentford,5,0,6.0,BLANK,-1,0,4.92,1,0,False,False,4.91,🔴 Tough,0.85,0.4,0.33,0.075
628,José Malheiro de Sá,Goalkeeper,Wolves,4.2,20,a,100,False,False,0,101,1.0,3,5.0,4.6,90.0,5.0,0.0,0.0,0.3333333333333333,1.0,0.0,0.0,40.2,5.0,0.0,5.0,0.6,0.0,27,4.02,4.89,Crystal Palace,8,0,4.93,Aston Villa,2,1,4.93,Liverpool,12,1,4.93,Brentford,5,0,6.0,BLANK,-1,0,4.92,1,0,False,False,4.91,🔴 Tough,-4.02,2.81,2.32,0.552
629,Daniel Bentley,Goalkeeper,Wolves,3.9,20,a,100,False,False,0,101,1.0,3,0.0,0.0,0.0,0.0,0.0,0.0,0.0,0.0,0.0,0.0,0.0,0.0,0.0,0.0,0.6,0.0,27,0.05,4.89,Crystal Palace,8,0,4.93,Aston Villa,2,1,4.93,Liverpool,12,1,4.93,Brentford,5,0,6.0,BLANK,-1,0,4.92,1,0,False,False,4.91,🔴 Tough,-0.05,0.04,0.03,0.008
632,Matt Doherty,Defender,Wolves,4.4,20,a,100,False,False,0,101,1.0,3,0.0,0.0,15.0,0.0,0.0,0.0,0.0,0.0,0.0,0.0999999999999999,2.066666666666667,0.0,0.0,1.0,0.6,0.0,27,0.95,4.89,Crystal Palace,8,0,4.93,Aston Villa,2,1,4.93,Liverpool,12,1,4.93,Brentford,5,0,6.0,BLANK,-1,0,4.92,1,0,False,False,4.91,🔴 Tough,-0.95,0.66,0.56,0.127
633,Hugo Bueno López,Defender,Wolves,4.3,20,a,100,False,False,0,101,1.0,3,1.3333333333333333,2.2,79.0,1.5189873417721518,0.0,0.0,0.0,0.0,5.0,20.333333333333336,11.933333333333332,0.0,0.0,5.0,0.6,0.0,27,3.0,4.89,Crystal Palace,8,0,4.93,Aston Villa,2,1,4.93,Liverpool,12,1,4.93,Brentford,5,0,6.0,BLANK,-1,0,4.92,1,0,False,False,4.91,🔴 Tough,-2.0,2.4,2.05,0.477
634,Yerson Mosquera Valdelamar,Defender,Wolves,4.3,20,a,100,False,False,0,101,1.0,3,2.333333333333333,3.0,90.0,2.333333333333333,0.0,0.0,0.3333333333333333,0.0,8.333333333333334,4.433333333333334,14.533333333333331,0.0,0.3333333333333333,5.0,0.6,0.0,27,2.46,4.89,Crystal Palace,8,0,4.93,Aston Villa,2,1,4.93,Liverpool,12,1,4.93,Brentford,5,0,6.0,BLANK,-1,0,4.92,1,0,False,False,4.91,🔴 Tough,-2.46,1.72,1.47,0.342
635,Rodrigo Martins Gomes,Defender,Wolves,4.4,20,a,100,False,False,0,101,1.0,3,1.3333333333333333,1.2,58.0,2.0689655172413794,0.0,0.0,0.0,0.0,10.333333333333334,6.166666666666667,10.4,0.0,0.0,5.0,0.6,0.0,27,1.24,4.89,Crystal Palace,8,0,4.93,Aston Villa,2,1,4.93,Liverpool,12,1,4.93,Brentford,5,0,6.0,BLANK,-1,0,4.92,1,0,False,False,4.91,🔴 Tough,-1.24,0.87,0.74,0.168
636,Santiago Ignacio Bueno,Defender,Wolves,4.4,20,a,100,False,False,0,101,1.0,3,3.0,3.2,89.33333333333333,3.0223880597014925,0.0,0.0,0.3333333333333333,0.0,3.0,5.066666666666667,14.2,0.0,0.0,5.0,0.6,0.0,27,2.39,4.89,Crystal Palace,8,0,4.93,Aston Villa,2,1,4.93,Liverpool,12,1,4.93,Brentford,5,0,6.0,BLANK,-1,0,4.92,1,0,False,False,4.91,🔴 Tough,-2.39,1.67,1.43,0.325
637,Toti Gomes,Defender,Wolves,4.2,20,d,75,False,False,0,101,1.0,3,0.0,0.0,0.0,0.0,0.0,0.0,0.0,0.0,0.0,0.0,0.0,0.0,0.0,0.0,0.6,0.0,27,0.05,4.89,Crystal Palace,8,0,4.93,Aston Villa,2,1,4.93,Liverpool,12,1,4.93,Brentford,5,0,6.0,BLANK,-1,0,4.92,1,0,False,False,4.91,🔴 Tough,2.95,0.94,0.8,0.19
640,Pedro Cardoso de Lima,Defender,Wolves,4.0,20,a,100,False,False,0,101,1.0,3,0.6666666666666666,0.4,0.6666666666666666,90.0,0.0,0.0,0.0,0.0,0.6666666666666666,0.1333333333333333,0.0,0.0,0.0,2.0,0.6,0.0,27,0.0,4.89,Crystal Palace,8,0,4.93,Aston Villa,2,1,4.93,Liverpool,12,1,4.93,Brentford,5,0,6.0,BLANK,-1,0,4.92,1,0,False,False,4.91,🔴 Tough,0.0,0.0,0.0,0.0
643,André Trindade da Costa Neto,Midfielder,Wolves,5.2,20,a,100,False,False,0,101,1.0,3,1.0,1.2,26.33333333333333,3.4177215189873418,0.0,0.0,0.0,0.0,0.3333333333333333,4.6000000000000005,4.199999999999998,0.0,0.3333333333333333,3.0,0.6,0.0,27,1.56,4.89,Crystal Palace,8,0,4.93,Aston Villa,2,1,4.93,Liverpool,12,1,4.93,Brentford,5,0,6.0,BLANK,-1,0,4.92,1,0,False,False,4.91,🔴 Tough,2.44,2.29,1.82,0.35
644,Jean-Ricner Bellegarde,Midfielder,Wolves,5.1,20,a,100,False,False,0,101,1.0,3,0.6666666666666666,0.4,14.0,4.285714285714286,0.0,0.0,0.0,0.0,2.0,7.033333333333334,2.266666666666667,0.0,0.3333333333333333,3.0,0.6,0.0,27,1.19,4.89,Crystal Palace,8,0,4.93,Aston Villa,2,1,4.93,Liverpool,12,1,4.93,Brentford,5,0,6.0,BLANK,-1,0,4.92,1,0,False,False,4.91,🔴 Tough,-0.19,1.13,0.9,0.176
646,João Victor Gomes da Silva,Midfielder,Wolves,5.3,20,a,100,False,False,0,101,1.0,3,3.333333333333333,3.2,90.0,3.333333333333334,0.0,0.0,0.3333333333333333,0.0,5.666666666666667,9.4,14.933333333333332,0.0,0.3333333333333333,5.0,0.6,0.0,27,3.65,4.89,Crystal Palace,8,0,4.93,Aston Villa,2,1,4.93,Liverpool,12,1,4.93,Brentford,5,0,6.0,BLANK,-1,0,4.92,1,0,False,False,4.91,🔴 Tough,-0.65,3.46,2.74,0.517
651,Tom Edozie,Midfielder,Wolves,4.3,20,a,100,False,False,0,101,1.0,3,0.0,0.0,0.0,0.0,0.0,0.0,0.0,0.0,0.0,0.0,0.0,0.0,0.0,0.0,0.6,0.0,27,0.02,4.89,Crystal Palace,8,0,4.93,Aston Villa,2,1,4.93,Liverpool,12,1,4.93,Brentford,5,0,6.0,BLANK,-1,0,4.92,1,0,False,False,4.91,🔴 Tough,-0.02,0.01,0.01,0.002
652,Enso González Medina,Midfielder,Wolves,4.3,20,a,100,False,False,0,101,1.0,3,0.0,0.0,0.0,0.0,0.0,0.0,0.0,0.0,0.0,0.0,0.0,0.0,0.0,0.0,0.6,0.0,27,0.02,4.89,Crystal Palace,8,0,4.93,Aston Villa,2,1,4.93,Liverpool,12,1,4.93,Brentford,5,0,6.0,BLANK,-1,0,4.92,1,0,False,False,4.91,🔴 Tough,-0.02,0.01,0.01,0.002
658,Nathan Fraser,Forward,Wolves,4.2,20,a,100,False,False,0,101,1.0,3,0.0,0.0,0.0,0.0,0.0,0.0,0.0,0.0,0.0,0.0,0.0,0.0,0.0,0.0,0.6,0.0,27,0.0,4.89,Crystal Palace,8,0,4.93,Aston Villa,2,1,4.93,Liverpool,12,1,4.93,Brentford,5,0,6.0,BLANK,-1,0,4.92,1,0,False,False,4.91,🔴 Tough,0.0,0.0,0.0,0.0
682,David Møller Wolfe,Defender,Wolves,4.2,20,a,100,False,False,0,101,1.0,3,0.6666666666666666,0.4,10.333333333333334,5.806451612903226,0.0,0.0,0.0,0.0,0.0,1.4666666666666666,2.2,0.0,0.0,2.0,0.6,0.0,27,0.24,4.89,Crystal Palace,8,0,4.93,Aston Villa,2,1,4.93,Liverpool,12,1,4.93,Brentford,5,0,6.0,BLANK,-1,0,4.92,1,0,False,False,4.91,🔴 Tough,0.76,0.47,0.4,0.095
695,Jackson Tchatchoua,Defender,Wolves,4.4,20,a,100,False,False,0,101,1.0,3,0.0,1.2,10.0,0.0,0.0,0.0,0.0,0.0,0.0,0.0,1.7333333333333334,0.0,0.3333333333333333,3.0,0.6,0.0,27,0.32,4.89,Crystal Palace,8,0,4.93,Aston Villa,2,1,4.93,Liverpool,12,1,4.93,Brentford,5,0,6.0,BLANK,-1,0,4.92,1,0,False,False,4.91,🔴 Tough,0.68,0.52,0.44,0.1
709,Ladislav Krejcí,Defender,Wolves,4.5,20,a,100,False,False,0,101,1.0,3,3.0,3.2,45.66666666666666,5.912408759124088,0.0,0.0,0.3333333333333333,0.0,0.6666666666666666,0.1333333333333333,8.133333333333338,0.0,0.0,4.0,0.6,0.0,27,1.39,4.89,Crystal Palace,8,0,4.93,Aston Villa,2,1,4.93,Liverpool,12,1,4.93,Brentford,5,0,6.0,BLANK,-1,0,4.92,1,0,False,False,4.91,🔴 Tough,-0.39,1.27,1.09,0.242
720,Tolu Arokodare,Forward,Wolves,5.4,20,a,100,False,False,0,101,1.0,3,4.0,3.0,90.0,4.0,0.3333333333333333,0.0,0.3333333333333333,0.6666666666666666,45.66666666666666,7.333333333333332,19.866666666666667,0.0,0.0,5.0,0.6,0.0,27,4.21,4.89,Crystal Palace,8,0,4.93,Aston Villa,2,1,4.93,Liverpool,12,1,4.93,Brentford,5,0,6.0,BLANK,-1,0,4.92,1,0,False,False,4.91,🔴 Tough,-3.21,3.25,2.58,0.478
749,Mateus Mané,Forward,Wolves,4.6,20,a,100,False,False,0,101,1.0,3,2.0,2.0,90.0,2.0,0.0,0.0,0.3333333333333333,0.0,21.0,21.23333333333333,15.8,0.0,0.0,5.0,0.6,0.0,27,6.65,4.89,Crystal Palace,8,0,4.93,Aston Villa,2,1,4.93,Liverpool,12,1,4.93,Brentford,5,0,6.0,BLANK,-1,0,4.92,1,0,False,False,4.91,🔴 Tough,-6.65,4.66,3.69,0.802
766,Saheed Olagunju,Defender,Wolves,4.0,20,a,100,False,False,0,101,1.0,3,0.0,0.0,0.0,0.0,0.0,0.0,0.0,0.0,0.0,0.0,0.0,0.0,0.0,0.0,0.6,0.0,27,0.01,4.89,Crystal Palace,8,0,4.93,Aston Villa,2,1,4.93,Liverpool,12,1,4.93,Brentford,5,0,6.0,BLANK,-1,0,4.92,1,0,False,False,4.91,🔴 Tough,0.0,0.01,0.01,0.002
767,Luke Rawlings,Midfielder,Wolves,4.5,20,a,100,False,False,0,101,1.0,3,0.0,0.0,0.0,0.0,0.0,0.0,0.0,0.0,0.0,0.0,0.0,0.0,0.0,0.0,0.6,0.0,27,0.02,4.89,Crystal Palace,8,0,4.93,Aston Villa,2,1,4.93,Liverpool,12,1,4.93,Brentford,5,0,6.0,BLANK,-1,0,4.92,1,0,False,False,4.91,🔴 Tough,0.0,0.02,0.02,0.004
778,Ethan Sutherland,Midfielder,Wolves,4.5,20,a,100,False,False,0,101,1.0,3,0.0,0.0,0.0,0.0,0.0,0.0,0.0,0.0,0.0,0.0,0.0,0.0,0.0,0.0,0.6,0.0,27,0.02,4.89,Crystal Palace,8,0,4.93,Aston Villa,2,1,4.93,Liverpool,12,1,4.93,Brentford,5,0,6.0,BLANK,-1,0,4.92,1,0,False,False,4.91,🔴 Tough,0.0,0.02,0.02,0.004
809,Jerome Abbey,Midfielder,Wolves,4.5,20,a,100,False,False,0,101,1.0,3,0.0,0.0,0.0,0.0,0.0,0.0,0.0,0.0,0.0,0.0,0.0,0.0,0.0,0.0,0.6666666666666666,0.0,27,0.02,4.89,Crystal Palace,8,0,4.93,Aston Villa,2,1,4.93,Liverpool,12,1,4.93,Brentford,5,0,6.0,BLANK,-1,0,4.92,1,0,False,False,4.91,🔴 Tough,0.0,0.02,0.02,0.004
816,Angel Gomes,Midfielder,Wolves,5.0,20,a,100,False,False,0,101,1.0,3,2.5,2.5,77.5,2.903225806451613,0.0,0.0,0.5,0.0,5.0,18.85,16.2,0.0,0.0,2.0,0.5,0.0,27,3.16,4.89,Crystal Palace,8,0,4.93,Aston Villa,2,1,4.93,Liverpool,12,1,4.93,Brentford,5,0,6.0,BLANK,-1,0,4.92,1,0,False,False,4.91,🔴 Tough,0.0,3.16,2.51,0.502
817,Adam Armstrong,Forward,Wolves,5.5,20,a,100,False,False,0,101,1.0,3,3.0,3.0,90.0,3.0,0.0,0.5,0.5,0.0,3.0,16.450000000000003,14.8,0.0,0.5,2.0,0.5,0.0,27,4.45,4.89,Crystal Palace,8,0,4.93,Aston Villa,2,1,4.93,Liverpool,12,1,4.93,Brentford,5,0,6.0,BLANK,-1,0,4.92,1,0,False,False,4.91,🔴 Tough,0.0,4.45,3.53,0.642
