player_id,player_name,position,team_name,price,team_id,player_status,chance_of_playing,is_blank,is_double,is_home,opponent_encoded,opp_strength,difficulty,roll3_pts,roll5_pts,roll3_mins,pts_per_90,roll3_goals,roll3_assists,roll3_clean,roll3_bonus,roll3_threat,roll3_creativity,roll3_influence,roll3_saves,roll3_yellows,ewm3_pts,ewm5_pts,ewm3_mins,ewm3_goals,ewm3_assists,ewm3_threat,ewm3_creativity,games_played,home_ratio,price_change,gw_number,selected_pct,transfers_in_event,transfers_out_event,predicted_pts,pts_low,pts_high,pred_goals,pred_assists,pred_clean,pred_bonus,pts_from_components,p_plays_full,expected_pts,predicted_price_change
1,David Raya Martín,Goalkeeper,Arsenal,6.1,1,a,100,False,False,1,873,1.0,3,7.666666666666667,7.25,90.0,7.666666666666666,0.0,0.0,0.6666666666666666,1.0,0.0,0.06666666666666667,24.066666666666666,2.0,0.0,9.25,8.0,90.0,0.0,0.0,0.0,0.1,4.0,0.5,0.0,6,42.3,124724,46772,4.199999809265137,0.07000000029802322,5.369999885559082,0.0,0.0,0.27000001072883606,0.11999999731779099,3.19,1.0,4.2,-0.1
2,Kepa Arrizabalaga Revuelta,Goalkeeper,Arsenal,4.9,1,a,100,False,False,1,873,1.0,3,0.0,0.0,0.0,0.0,0.0,0.0,0.0,0.0,0.0,0.0,0.0,0.0,0.0,0.0,0.0,0.0,0.0,0.0,0.0,0.0,0.0,0.5,0.0,6,0.1,107,252,0.14000000059604645,0.0,0.7599999904632568,0.0,0.0,0.029999999329447746,0.05999999865889549,0.06,0.0,0.04,-0.1
3,Illan Meslier,Goalkeeper,Arsenal,4.9,1,a,100,False,False,1,873,1.0,3,0.0,0.0,0.0,0.0,0.0,0.0,0.0,0.0,0.0,0.0,0.0,0.0,0.0,0.0,0.0,0.0,0.0,0.0,0.0,0.0,0.0,0.5,0.0,6,0.0,46,121,0.14000000059604645,0.0,0.7599999904632568,0.0,0.0,0.029999999329447746,0.05999999865889549,0.06,0.0,0.04,-0.1
4,Gabriel dos Santos Magalhães,Defender,Arsenal,8.0,1,a,100,False,False,1,873,1.0,3,6.333333333333333,6.0,90.0,6.333333333333332,0.0,0.0,0.6666666666666666,0.6666666666666666,27.666666666666668,2.3666666666666667,20.8,0.0,0.3333333333333333,6.625,6.111111111111112,90.0,0.0,0.0,20.375,1.975,4.0,0.5,0.0,6,22.7,23984,65570,2.9600000381469727,0.05000000074505806,6.019999980926514,0.019999999552965164,0.05999999865889549,0.14000000059604645,0.20999999344348907,3.07,1.0,2.96,-0.1
5,Jurriën Timber,Defender,Arsenal,6.5,1,a,100,False,False,1,873,1.0,3,0.3333333333333333,0.25,15.0,1.9999999999999998,0.0,0.0,0.0,0.0,0.0,0.6333333333333333,2.0,0.0,0.0,0.5,0.3333333333333333,22.5,0.0,0.0,0.0,0.95,1.0,0.5,0.0,6,0.4,12276,4025,1.6299999952316284,0.0,4.369999885559082,0.029999999329447746,0.029999999329447746,0.10999999940395355,0.07999999821186066,1.33,0.285,0.81,-0.1
6,William Saliba,Defender,Arsenal,5.9,1,i,0,False,False,1,873,1.0,3,0.0,0.0,0.0,0.0,0.0,0.0,0.0,0.0,0.0,0.0,0.0,0.0,0.0,0.0,0.0,0.0,0.0,0.0,0.0,0.0,0.0,0.5,0.0,6,0.2,385,1088,1.4700000286102295,0.0,4.139999866485596,0.019999999552965164,0.029999999329447746,0.10999999940395355,0.11999999731779099,0.33,0.0,0.0,-0.1
7,Myles Lewis-Skelly,Midfielder,Arsenal,5.4,1,a,100,False,False,1,873,1.0,3,2.0,2.25,60.333333333333336,2.983425414364641,0.0,0.0,0.3333333333333333,0.0,3.0,5.766666666666666,3.533333333333333,0.0,0.0,1.75,2.111111111111111,59.0,0.0,0.0,2.5,7.1375,4.0,0.5,0.0,6,0.6,904,4904,2.069999933242798,0.3400000035762787,4.300000190734863,0.07000000029802322,0.05000000074505806,0.05999999865889549,0.05999999865889549,2.59,0.756,1.72,-0.1
8,Riccardo Calafiori,Defender,Arsenal,5.8,1,a,100,False,False,1,873,1.0,3,6.333333333333333,7.0,82.0,6.951219512195121,0.0,0.3333333333333333,0.6666666666666666,0.6666666666666666,14.0,5.6000000000000005,11.466666666666667,0.0,0.0,6.0,6.740740740740742,82.75,0.0,0.25,11.625,4.6625,4.0,0.5,0.0,6,50.5,74885,62591,2.359999895095825,0.0,6.039999961853027,0.029999999329447746,0.10000000149011612,0.10999999940395355,0.30000001192092896,3.24,0.937,2.26,-0.1
9,Piero Hincapié,Defender,Arsenal,5.2,1,a,100,False,False,1,873,1.0,3,0.3333333333333333,0.5,7.666666666666667,3.9130434782608696,0.0,0.0,0.0,0.0,0.6666666666666666,0.16666666666666666,2.0,0.0,0.0,0.375,0.5185185185185187,6.875,0.0,0.0,0.5,0.1875,2.0,0.5,0.0,6,0.9,1426,5664,1.0399999618530273,0.0,2.640000104904175,0.019999999552965164,0.019999999552965164,0.10999999940395355,0.07000000029802322,1.24,0.178,0.44,-0.1
10,Benjamin White,Defender,Arsenal,5.5,1,d,75,False,False,1,873,1.0,3,3.3333333333333335,5.25,75.0,4.0,0.0,0.0,0.3333333333333333,0.3333333333333333,5.333333333333333,8.733333333333333,12.133333333333333,0.0,0.0,3.25,5.074074074074075,67.5,0.0,0.125,7.125,7.5625,4.0,0.5,0.0,6,4.9,3242,66374,1.7100000381469727,0.0,6.679999828338623,0.019999999552965164,0.03999999910593033,0.10999999940395355,0.23999999463558197,2.92,0.88,1.17,-0.1
11,Cristhian Mosquera,Defender,Arsenal,5.3,1,a,100,False,False,1,873,1.0,3,2.0,3.0,26.0,6.923076923076923,0.0,0.0,0.3333333333333333,0.0,0.0,0.4666666666666666,3.4,0.0,0.0,1.5,2.666666666666667,21.0,0.0,0.0,0.0,0.25,2.0,0.5,-1.0,6,1.6,1175,9309,0.8500000238418579,0.0,3.119999885559082,0.019999999552965164,0.009999999776482582,0.10999999940395355,0.05000000074505806,1.22,0.419,0.5,-0.1
12,Bukayo Saka,Midfielder,Arsenal,9.5,1,a,100,False,False,1,873,1.0,3,7.0,7.5,89.66666666666667,7.026022304832714,0.6666666666666666,0.0,0.6666666666666666,1.0,57.0,17.566666666666666,32.333333333333336,0.0,0.0,7.0,7.407407407407408,86.875,0.75,0.0,55.625,19.6625,4.0,0.5,0.0,6,13.7,106116,46534,5.300000190734863,1.4600000381469727,9.75,0.4399999976158142,0.38999998569488525,0.07999999821186066,0.3400000035762787,5.81,0.997,5.29,-0.1
13,Declan Rice,Midfielder,Arsenal,7.4,1,d,75,False,False,1,873,1.0,3,5.333333333333333,4.75,84.66666666666667,5.669291338582677,0.0,0.6666666666666666,0.6666666666666666,0.0,0.6666666666666666,27.96666666666667,34.266666666666666,0.0,0.0,5.25,4.7407407407407405,81.375,0.0,0.75,0.75,27.424999999999997,4.0,0.5,0.0,6,11.6,7535,81569,4.190000057220459,1.100000023841858,6.5,0.1599999964237213,0.36000001430511475,0.09000000357627869,0.33000001311302185,4.3,0.958,3.05,-0.1
14,Eberechi Eze,Midfielder,Arsenal,6.2,1,a,100,False,False,1,873,1.0,3,0.6666666666666666,0.75,18.0,3.333333333333333,0.0,0.0,0.0,0.0,1.3333333333333333,0.6666666666666666,0.6,0.0,0.0,0.75,0.7777777777777779,11.875,0.0,0.0,1.375,0.475,3.0,0.5,0.0,6,1.0,2229,6704,0.8399999737739563,0.019999999552965164,2.319999933242798,0.05000000074505806,0.019999999552965164,0.05999999865889549,0.07999999821186066,1.42,0.324,0.44,-0.1
15,Martin Ødegaard,Midfielder,Arsenal,6.8,1,a,100,False,False,1,873,1.0,3,5.333333333333333,6.75,76.66666666666667,6.26086956521739,0.3333333333333333,0.0,0.6666666666666666,1.0,12.333333333333334,39.733333333333334,23.73333333333333,0.0,0.0,5.75,6.9259259259259265,79.125,0.375,0.0,13.0,48.6875,4.0,0.5,1.0,6,19.8,75014,87078,4.300000190734863,0.3400000035762787,9.5600004196167,0.23999999463558197,0.25,0.09000000357627869,0.46000000834465027,4.5,0.894,3.98,-0.1
16,Noni Madueke,Midfielder,Arsenal,6.2,1,a,100,False,False,1,873,1.0,3,0.3333333333333333,0.5,0.3333333333333333,90.0,0.0,0.0,0.0,0.0,0.0,0.26666666666666666,0.7333333333333334,0.0,0.0,0.375,0.5185185185185187,3.0,0.0,0.0,0.0,5.5875,2.0,0.5,-1.0,6,0.2,735,1548,1.3200000524520874,0.0,4.429999828338623,0.07000000029802322,0.029999999329447746,0.07999999821186066,0.07999999821186066,0.53,0.02,0.41,-0.1
17,Mikel Merino Zazón,Midfielder,Arsenal,5.8,1,a,100,False,False,1,873,1.0,3,0.6666666666666666,0.75,12.333333333333334,4.864864864864865,0.0,0.0,0.0,0.0,0.0,0.7333333333333333,1.0,0.0,0.3333333333333333,0.75,0.7777777777777779,9.875,0.0,0.0,1.75,0.6000000000000001,4.0,0.5,0.0,6,0.4,732,2850,0.9200000166893005,0.05000000074505806,3.0199999809265137,0.05000000074505806,0.019999999552965164,0.05000000074505806,0.07999999821186066,1.38,0.249,0.44,-0.1
18,Gabriel Martinelli Silva,Midfielder,Arsenal,6.3,1,u,0,False,False,1,873,1.0,3,0.0,0.0,0.0,0.0,0.0,0.0,0.0,0.0,0.0,0.0,0.0,0.0,0.0,0.0,0.0,0.0,0.0,0.0,0.0,0.0,0.0,0.5,0.0,6,0.1,0,556,0.47999998927116394,0.0,1.8899999856948853,0.05000000074505806,0.019999999552965164,0.05999999865889549,0.07999999821186066,0.41,0.0,0.0,-0.1
19,Martín Zubimendi Ibáñez,Midfielder,Arsenal,5.3,1,a,100,False,False,1,873,1.0,3,1.0,1.0,12.333333333333334,7.2972972972972965,0.0,0.0,0.0,0.0,3.6666666666666665,0.6333333333333334,3.1999999999999997,0.0,0.0,1.0,1.0,13.625,0.0,0.0,2.75,0.7,4.0,0.5,-1.0,6,0.6,499,3672,0.6600000262260437,0.0,2.25,0.029999999329447746,0.029999999329447746,0.05000000074505806,0.05999999865889549,1.29,0.249,0.31,-0.1
20,Max Dowman,Midfielder,Arsenal,5.3,1,a,100,False,False,1,873,1.0,3,0.0,0.0,0.0,0.0,0.0,0.0,0.0,0.0,0.0,0.0,0.0,0.0,0.0,0.0,0.0,0.0,0.0,0.0,0.0,0.0,0.0,0.5,0.0,6,0.1,453,573,0.3100000023841858,0.0,0.9800000190734863,0.029999999329447746,0.019999999552965164,0.05999999865889549,0.05999999865889549,0.26,0.0,0.09,-0.1
22,Ethan Nwaneri,Midfielder,Arsenal,5.4,1,u,0,False,False,1,873,1.0,3,0.0,0.0,0.0,0.0,0.0,0.0,0.0,0.0,0.0,0.0,0.0,0.0,0.0,0.0,0.0,0.0,0.0,0.0,0.0,0.0,0.0,0.5,0.0,6,0.0,0,48,0.3700000047683716,0.0,1.0299999713897705,0.029999999329447746,0.019999999552965164,0.05999999865889549,0.05999999865889549,0.27,0.0,0.0,-0.1
23,Fábio Ferreira Vieira,Midfielder,Arsenal,5.5,1,u,0,False,False,1,873,1.0,3,0.0,0.0,0.0,0.0,0.0,0.0,0.0,0.0,0.0,0.0,0.0,0.0,0.0,0.0,0.0,0.0,0.0,0.0,0.0,0.0,0.0,0.5,0.0,6,0.0,0,39,0.46000000834465027,0.0,1.8300000429153442,0.03999999910593033,0.019999999552965164,0.05999999865889549,0.07000000029802322,0.33,0.0,0.0,-0.1
24,Reiss Nelson,Midfielder,Arsenal,5.5,1,u,0,False,False,1,873,1.0,3,0.0,0.0,0.0,0.0,0.0,0.0,0.0,0.0,0.0,0.0,0.0,0.0,0.0,0.0,0.0,0.0,0.0,0.0,0.0,0.0,0.0,0.5,0.0,6,0.0,0,24,0.46000000834465027,0.0,1.8300000429153442,0.03999999910593033,0.019999999552965164,0.05999999865889549,0.07000000029802322,0.33,0.0,0.0,-0.1
25,Viktor Gyökeres,Forward,Arsenal,7.1,1,a,100,False,False,1,873,1.0,3,0.3333333333333333,0.25,4.0,7.5,0.0,0.0,0.0,0.0,0.0,0.03333333333333333,0.0,0.0,0.0,0.25,0.22222222222222224,3.0,0.0,0.0,0.0,0.025,1.0,0.5,0.0,6,3.1,10574,16622,1.75,0.0,3.430000066757202,0.1899999976158142,0.05999999865889549,0.12999999523162842,0.15000000596046448,2.09,0.113,0.66,-0.1
26,Kai Havertz,Forward,Arsenal,7.6,1,d,75,False,False,1,873,1.0,3,3.6666666666666665,4.25,85.66666666666667,3.8521400778210113,0.3333333333333333,0.0,0.6666666666666666,0.6666666666666666,37.333333333333336,17.599999999999998,15.666666666666666,0.0,0.3333333333333333,3.5,4.185185185185186,86.75,0.375,0.0,36.25,17.525,4.0,0.5,1.0,6,8.3,50294,60718,3.0799999237060547,0.05000000074505806,4.519999980926514,0.23999999463558197,0.07999999821186066,0.25999999046325684,0.23999999463558197,3.45,0.966,2.26,-0.1
27,Gabriel Fernando de Jesus,Forward,Arsenal,5.9,1,u,0,False,False,1,873,1.0,3,0.0,0.0,0.0,0.0,0.0,0.0,0.0,0.0,0.0,0.0,0.0,0.0,0.0,0.0,0.0,0.0,0.0,0.0,0.0,0.0,0.0,0.5,0.0,6,0.1,0,1005,1.8200000524520874,0.0,3.200000047683716,0.2199999988079071,0.05999999865889549,0.09000000357627869,0.15000000596046448,1.19,0.0,0.0,-0.1
31,Ezri Konsa Ngoyo,Defender,Arsenal,4.6,1,a,100,False,False,1,873,1.0,3,3.6666666666666665,2.75,63.666666666666664,5.183246073298429,0.0,0.0,0.3333333333333333,0.0,1.3333333333333333,0.5666666666666667,11.466666666666667,0.0,0.0,4.125,3.037037037037037,68.875,0.0,0.0,1.0,0.4625,3.0,0.5,0.0,6,19.4,89243,44956,1.3700000047683716,0.0,5.75,0.019999999552965164,0.03999999910593033,0.10999999940395355,0.15000000596046448,2.86,0.785,1.16,-0.1
452,Bruno Guimarães Rodriguez Moura,Midfielder,Arsenal,6.7,1,a,100,False,False,1,873,1.0,3,2.6666666666666665,2.0,21.333333333333332,11.25,0.3333333333333333,0.0,0.0,0.3333333333333333,4.333333333333333,1.5666666666666667,12.266666666666666,0.0,0.0,3.625,2.4814814814814814,24.875,0.5,0.0,5.75,2.05,2.0,0.5,-1.0,6,1.8,5511,7519,1.4700000286102295,0.0,4.170000076293945,0.10999999940395355,0.019999999552965164,0.07999999821186066,0.28999999165534973,1.9,0.365,0.82,-0.1
557,Christos Tzolis,Midfielder,Arsenal,6.3,1,a,100,False,False,1,873,1.0,3,2.6666666666666665,3.5,71.66666666666667,3.348837209302325,0.0,0.3333333333333333,0.3333333333333333,0.3333333333333333,3.3333333333333335,23.03333333333333,11.466666666666667,0.0,0.6666666666666666,3.5,3.8888888888888897,77.5,0.0,0.375,6.25,22.599999999999998,4.0,0.5,0.0,6,12.2,11825,137428,2.7799999713897705,0.6299999952316284,4.880000114440918,0.05000000074505806,0.05000000074505806,0.05999999865889549,0.07999999821186066,2.52,0.853,2.49,-0.1
29,Marco Bizot,Goalkeeper,Aston Villa,4.5,2,i,0,False,False,1,900,1.0,3,0.0,0.25,0.0,0.0,0.0,0.0,0.0,0.0,0.0,0.0,0.0,0.0,0.0,0.125,0.2962962962962964,11.25,0.0,0.0,0.0,0.0,1.0,0.5,0.0,6,0.1,60,1003,0.09000000357627869,0.0,0.4000000059604645,0.0,0.0,0.019999999552965164,0.029999999329447746,0.03,0.0,0.0,-0.1
30,Lucas Digne,Defender,Aston Villa,4.5,2,u,0,False,False,1,900,1.0,3,0.0,0.0,0.0,0.0,0.0,0.0,0.0,0.0,0.0,0.0,0.0,0.0,0.0,0.0,0.0,0.0,0.0,0.0,0.0,0.0,0.0,0.5,0.0,6,0.0,0,226,0.5400000214576721,0.0,1.809999942779541,0.019999999552965164,0.019999999552965164,0.10999999940395355,0.029999999329447746,0.21,0.0,0.0,-0.1
32,Matty Cash,Defender,Aston Villa,4.4,2,a,100,False,False,1,900,1.0,3,2.6666666666666665,1.75,53.666666666666664,4.472049689440993,0.0,0.0,0.3333333333333333,0.0,4.333333333333333,6.033333333333332,6.8,0.0,0.0,1.625,1.3333333333333335,41.875,0.0,0.0,2.375,4.4375,3.0,0.5,-1.0,6,4.8,2605,24738,0.9700000286102295,0.0,3.490000009536743,0.019999999552965164,0.019999999552965164,0.10999999940395355,0.03999999910593033,1.21,0.696,0.76,-0.1
33,Tyrone Mings,Defender,Aston Villa,4.5,2,a,100,False,False,1,900,1.0,3,2.0,1.75,51.666666666666664,3.4838709677419355,0.0,0.0,0.3333333333333333,0.0,5.666666666666667,1.6666666666666667,10.133333333333333,0.0,0.3333333333333333,1.625,1.62962962962963,57.0,0.0,0.0,5.25,1.4000000000000001,3.0,0.5,0.0,6,0.4,1658,1378,1.350000023841858,0.0,4.619999885559082,0.019999999552965164,0.019999999552965164,0.10999999940395355,0.05000000074505806,1.23,0.678,1.05,-0.1
34,Pau Torres,Defender,Aston Villa,4.4,2,i,0,False,False,1,900,1.0,3,1.0,0.75,38.0,2.3684210526315788,0.0,0.0,0.0,0.0,0.6666666666666666,0.4000000000000001,3.733333333333333,0.0,0.0,0.75,0.6296296296296297,32.375,0.0,0.0,1.0,0.3875,3.0,0.5,0.0,6,0.3,43,3084,0.8600000143051147,0.0,2.5899999141693115,0.019999999552965164,0.019999999552965164,0.10999999940395355,0.029999999329447746,1.2,0.547,0.0,-0.1
35,Lamare Bogarde,Midfielder,Aston Villa,4.9,2,a,100,False,False,1,900,1.0,3,0.0,0.25,0.0,0.0,0.0,0.0,0.0,0.0,0.0,0.0,0.0,0.0,0.0,0.125,0.2962962962962964,2.0,0.0,0.0,0.0,0.0625,1.0,0.5,0.0,6,0.1,171,436,0.25999999046325684,0.0,0.8399999737739563,0.029999999329447746,0.019999999552965164,0.05000000074505806,0.05999999865889549,0.25,0.0,0.08,-0.1
36,Ian Maatsen,Defender,Aston Villa,4.4,2,i,0,False,False,1,900,1.0,3,3.0,2.25,84.66666666666667,3.188976377952756,0.0,0.0,0.3333333333333333,0.3333333333333333,13.333333333333334,7.8999999999999995,8.533333333333333,0.0,0.3333333333333333,2.375,2.037037037037037,84.875,0.0,0.0,14.875,6.8125,4.0,0.5,0.0,6,0.5,49,6044,1.9500000476837158,0.0,5.760000228881836,0.029999999329447746,0.03999999910593033,0.10999999940395355,0.1899999976158142,2.95,0.958,0.0,-0.1
37,Victor Lindelöf,Defender,Aston Villa,4.5,2,a,100,False,False,1,900,1.0,3,3.0,1.75,90.0,3.0,0.0,0.0,0.3333333333333333,0.0,12.333333333333334,9.066666666666666,17.933333333333334,0.0,0.0,2.0,1.3703703703703702,90.0,0.0,0.0,18.0,6.937499999999999,4.0,0.5,0.0,6,0.3,990,1261,2.0,0.0,5.510000228881836,0.019999999552965164,0.019999999552965164,0.10999999940395355,0.1899999976158142,2.82,1.0,2.0,-0.1
38,Andrés García,Defender,Aston Villa,4.0,2,a,100,False,False,1,900,1.0,3,0.0,0.0,0.0,0.0,0.0,0.0,0.0,0.0,0.0,0.0,0.0,0.0,0.0,0.0,0.0,0.0,0.0,0.0,0.0,0.0,0.0,0.5,0.0,6,1.5,1818,5965,0.25999999046325684,0.0,0.3700000047683716,0.019999999552965164,0.019999999552965164,0.10999999940395355,0.029999999329447746,0.2,0.0,0.08,-0.1
39,Kosta Nedeljkovic,Defender,Aston Villa,4.0,2,u,0,False,False,1,900,1.0,3,0.0,0.0,0.0,0.0,0.0,0.0,0.0,0.0,0.0,0.0,0.0,0.0,0.0,0.0,0.0,0.0,0.0,0.0,0.0,0.0,0.0,0.5,0.0,6,0.1,0,547,0.25999999046325684,0.0,0.3700000047683716,0.019999999552965164,0.019999999552965164,0.10999999940395355,0.029999999329447746,0.2,0.0,0.0,-0.1
41,Emiliano Buendía Stati,Midfielder,Aston Villa,5.9,2,a,100,False,False,1,900,1.0,3,2.3333333333333335,2.25,75.33333333333333,2.7876106194690267,0.0,0.0,0.3333333333333333,0.0,5.333333333333333,9.299999999999999,1.6666666666666667,0.0,0.0,2.25,2.2222222222222223,71.375,0.0,0.0,3.875,8.3375,4.0,0.5,0.0,6,1.0,11917,4064,2.990000009536743,0.5299999713897705,5.230000019073486,0.07000000029802322,0.05999999865889549,0.05999999865889549,0.10000000149011612,2.72,0.883,2.74,-0.1
44,Leon Bailey,Midfielder,Aston Villa,5.4,2,u,0,False,False,1,900,1.0,3,0.0,0.0,0.0,0.0,0.0,0.0,0.0,0.0,0.0,0.0,0.0,0.0,0.0,0.0,0.0,0.0,0.0,0.0,0.0,0.0,0.0,0.5,0.0,6,0.1,0,476,0.3700000047683716,0.0,1.0299999713897705,0.029999999329447746,0.019999999552965164,0.05999999865889549,0.05999999865889549,0.27,0.0,0.0,-0.1
45,John McGinn,Midfielder,Aston Villa,5.4,2,a,100,False,False,1,900,1.0,3,3.3333333333333335,2.75,90.0,3.333333333333334,0.0,0.3333333333333333,0.3333333333333333,0.3333333333333333,4.666666666666667,16.333333333333332,9.266666666666666,0.0,0.3333333333333333,4.0,3.1111111111111116,88.875,0.0,0.5,2.375,18.9,4.0,0.5,0.0,6,2.2,6655,8311,3.119999885559082,0.9900000095367432,4.889999866485596,0.05000000074505806,0.38999998569488525,0.05999999865889549,0.09000000357627869,3.56,1.0,3.12,-0.1
46,Ross Barkley,Midfielder,Aston Villa,5.0,2,a,100,False,False,1,900,1.0,3,2.3333333333333335,2.25,76.33333333333333,2.751091703056769,0.0,0.0,0.3333333333333333,0.0,8.0,20.033333333333335,10.800000000000002,0.0,0.0,2.25,2.2222222222222223,72.25,0.0,0.0,8.375,15.4625,4.0,0.5,0.0,6,0.3,552,1749,2.440000057220459,0.6899999976158142,4.650000095367432,0.03999999910593033,0.10999999940395355,0.07000000029802322,0.05999999865889549,2.64,0.891,2.25,-0.1
47,Boubacar Kamara,Midfielder,Aston Villa,5.0,2,a,100,False,False,1,900,1.0,3,2.3333333333333335,2.25,90.0,2.3333333333333335,0.0,0.0,0.3333333333333333,0.0,0.6666666666666666,17.6,11.933333333333332,0.0,0.0,2.25,2.2222222222222223,90.0,0.0,0.0,1.0,14.875,4.0,0.5,0.0,6,0.3,1280,1538,2.6600000858306885,1.0399999618530273,4.46999979019165,0.05000000074505806,0.18000000715255737,0.05999999865889549,0.10000000149011612,2.96,1.0,2.66,-0.1
48,Amadou Onana,Midfielder,Aston Villa,4.9,2,i,0,False,False,1,900,1.0,3,0.0,0.0,0.0,0.0,0.0,0.0,0.0,0.0,0.0,0.0,0.0,0.0,0.0,0.0,0.0,0.0,0.0,0.0,0.0,0.0,0.0,0.5,-1.0,6,0.0,40,94,0.25999999046325684,0.0,0.75,0.029999999329447746,0.019999999552965164,0.05000000074505806,0.05999999865889549,0.25,0.0,0.0,-0.1
49,Samuel Iling-Junior,Midfielder,Aston Villa,5.0,2,u,0,False,False,1,900,1.0,3,0.0,0.0,0.0,0.0,0.0,0.0,0.0,0.0,0.0,0.0,0.0,0.0,0.0,0.0,0.0,0.0,0.0,0.0,0.0,0.0,0.0,0.5,0.0,6,0.0,0,10,0.3100000023841858,0.0,0.9700000286102295,0.029999999329447746,0.019999999552965164,0.05000000074505806,0.05999999865889549,0.26,0.0,0.0,-0.1
50,Bradley Burrowes,Midfielder,Aston Villa,4.5,2,a,100,False,False,1,900,1.0,3,0.0,0.0,0.0,0.0,0.0,0.0,0.0,0.0,0.0,0.0,0.0,0.0,0.0,0.0,0.0,0.0,0.0,0.0,0.0,0.0,0.0,0.5,0.0,6,0.6,624,3338,0.25,0.0,0.5899999737739563,0.029999999329447746,0.019999999552965164,0.05000000074505806,0.05999999865889549,0.25,0.0,0.08,-0.1
51,George Hemmings,Midfielder,Aston Villa,4.5,2,a,100,False,False,1,900,1.0,3,2.0,2.0,63.0,2.8571428571428568,0.0,0.0,0.3333333333333333,0.0,7.666666666666667,9.766666666666666,4.866666666666667,0.0,0.0,1.75,1.888888888888889,61.0,0.0,0.0,6.5,11.1125,4.0,0.5,0.0,6,1.2,3149,9499,2.190000057220459,0.4099999964237213,4.599999904632568,0.03999999910593033,0.029999999329447746,0.07000000029802322,0.05999999865889549,2.44,0.779,1.85,-0.1
52,Alysson Edward Franco da Rocha dos Santos,Midfielder,Aston Villa,5.0,2,d,75,False,False,1,900,1.0,3,2.3333333333333335,2.0,26.333333333333332,7.974683544303799,0.3333333333333333,0.0,0.0,0.0,8.333333333333334,1.6333333333333335,11.933333333333332,0.0,0.3333333333333333,3.375,2.5185185185185186,29.625,0.5,0.0,11.75,1.7,4.0,0.5,0.0,6,0.0,68,770,1.3700000047683716,0.0,3.75,0.07999999821186066,0.019999999552965164,0.05999999865889549,0.05999999865889549,1.5,0.423,0.61,-0.1
53,Johan Manzambi,Midfielder,Aston Villa,5.9,2,a,100,False,False,1,900,1.0,3,0.3333333333333333,0.25,9.0,3.333333333333333,0.0,0.0,0.0,0.0,0.0,1.3333333333333333,0.8666666666666667,0.0,0.0,0.5,0.3333333333333333,13.5,0.0,0.0,0.0,2.0,1.0,0.5,0.0,6,0.4,27728,3153,0.9100000262260437,0.0,2.1700000762939453,0.05000000074505806,0.019999999552965164,0.05999999865889549,0.07999999821186066,1.38,0.2,0.4,-0.1
54,Joao Gomes,Midfielder,Aston Villa,5.5,2,a,100,False,False,1,900,1.0,3,0.0,-0.5,0.0,0.0,0.0,0.0,0.0,0.0,0.0,0.0,0.0,0.0,0.0,-0.25,-0.5925925925925928,4.875,0.0,0.0,0.0,1.375,1.0,0.5,0.0,6,0.0,453,192,0.5,0.0,1.909999966621399,0.03999999910593033,0.019999999552965164,0.05999999865889549,0.07000000029802322,0.33,0.0,0.15,-0.1
55,Ollie Watkins,Forward,Aston Villa,7.8,2,u,0,False,False,1,900,1.0,3,0.0,0.0,0.0,0.0,0.0,0.0,0.0,0.0,0.0,0.0,0.0,0.0,0.0,0.0,0.0,0.0,0.0,0.0,0.0,0.0,0.0,0.5,0.0,6,2.5,0,12358,1.8899999856948853,0.0,3.299999952316284,0.17000000178813934,0.05999999865889549,0.20000000298023224,0.15000000596046448,0.99,0.0,0.0,-0.1
56,Tammy Abraham,Forward,Aston Villa,5.5,2,a,100,False,False,1,900,1.0,3,1.0,0.75,23.0,3.9130434782608696,0.0,0.0,0.0,0.0,0.6666666666666666,1.2666666666666666,1.0666666666666667,0.0,0.0,0.875,0.7037037037037037,26.125,0.0,0.0,1.0,1.1625,3.0,0.5,0.0,6,0.2,1635,1693,3.190000057220459,0.05000000074505806,7.550000190734863,0.4099999964237213,0.10000000149011612,0.1899999976158142,0.1899999976158142,3.12,0.385,1.82,-0.1
160,Alejandro Garnacho Ferreyra,Midfielder,Aston Villa,5.8,2,a,100,False,False,1,900,1.0,3,0.6666666666666666,0.75,9.0,6.666666666666666,0.0,0.0,0.0,0.0,0.0,1.2,0.39999999999999997,0.0,0.0,0.5,0.6666666666666667,5.75,0.0,0.0,0.0,0.65,3.0,0.5,-1.0,6,0.3,518,2722,0.8199999928474426,0.029999999329447746,2.069999933242798,0.05000000074505806,0.019999999552965164,0.05000000074505806,0.07999999821186066,1.38,0.2,0.36,-0.1
166,Nicolas Jackson,Forward,Aston Villa,6.5,2,a,100,False,False,1,900,1.0,3,1.3333333333333333,1.0,66.33333333333333,1.8090452261306533,0.0,0.0,0.3333333333333333,0.0,8.0,8.466666666666667,1.8,0.0,0.3333333333333333,0.75,0.7407407407407408,52.25,0.0,0.0,6.25,6.1125,3.0,0.5,0.0,6,1.5,35068,7818,3.9600000381469727,0.05000000074505806,7.650000095367432,0.5400000214576721,0.07999999821186066,0.2800000011920929,0.1899999976158142,4.56,0.808,3.43,-0.1
582,Brian Madjo,Forward,Aston Villa,5.4,2,i,0,False,False,1,900,1.0,3,0.0,0.0,0.0,0.0,0.0,0.0,0.0,0.0,0.0,0.0,0.0,0.0,0.0,0.0,0.0,0.0,0.0,0.0,0.0,0.0,0.0,0.5,-1.0,6,0.2,192,1738,0.8500000238418579,0.0,1.9700000286102295,0.09000000357627869,0.10000000149011612,0.05000000074505806,0.15000000596046448,0.78,0.0,0.0,-0.1
596,Matteo Ruggeri,Defender,Aston Villa,4.5,2,a,100,False,False,1,900,1.0,3,0.3333333333333333,0.5,5.0,6.0,0.0,0.0,0.0,0.0,0.0,0.8666666666666667,0.8666666666666667,0.0,0.0,0.375,0.5185185185185187,4.75,0.0,0.0,0.0,0.65,2.0,0.5,0.0,6,0.1,506,324,0.8399999737739563,0.0,2.2200000286102295,0.019999999552965164,0.019999999552965164,0.10999999940395355,0.029999999329447746,1.2,0.132,0.33,-0.1
597,Zion Suzuki,Goalkeeper,Aston Villa,5.0,2,a,100,False,False,1,900,1.0,3,4.666666666666667,3.5,90.0,4.666666666666667,0.0,0.0,0.3333333333333333,1.0,0.0,0.0,26.46666666666667,3.3333333333333335,0.0,3.75,3.185185185185185,78.75,0.0,0.0,0.0,0.0,3.0,0.5,0.0,6,1.9,13298,6344,2.3399999141693115,0.07000000029802322,2.509999990463257,0.0,0.0,0.05000000074505806,0.09000000357627869,2.28,1.0,2.34,-0.1
606,Triston Rowe,Defender,Aston Villa,4.0,2,a,100,False,False,1,900,1.0,3,0.0,0.0,0.0,0.0,0.0,0.0,0.0,0.0,0.0,0.0,0.0,0.0,0.0,0.0,0.0,0.0,0.0,0.0,0.0,0.0,0.0,0.5,0.0,6,0.2,310,888,0.25999999046325684,0.0,0.3700000047683716,0.019999999552965164,0.019999999552965164,0.10999999940395355,0.029999999329447746,0.2,0.0,0.08,-0.1
607,Luka Lynch,Midfielder,Aston Villa,4.5,2,u,0,False,False,1,900,1.0,3,0.0,0.0,0.0,0.0,0.0,0.0,0.0,0.0,0.0,0.0,0.0,0.0,0.0,0.0,0.0,0.0,0.0,0.0,0.0,0.0,0.0,0.5,0.0,6,0.1,0,693,0.25,0.0,0.5899999737739563,0.029999999329447746,0.019999999552965164,0.05000000074505806,0.05999999865889549,0.25,0.0,0.0,-0.1
611,Aaron Wan-Bissaka,Defender,Aston Villa,4.5,2,a,100,False,False,1,900,1.0,3,1.6666666666666667,1.6666666666666667,35.666666666666664,4.205607476635515,0.0,0.0,0.0,0.0,0.0,5.0,10.799999999999999,0.0,0.0,2.0,1.6666666666666667,49.25,0.0,0.0,0.0,7.075,3.0,0.6666666666666666,0.0,6,0.2,1416,1404,1.440000057220459,0.0,4.28000020980835,0.019999999552965164,0.019999999552965164,0.10999999940395355,0.03999999910593033,1.22,0.523,0.96,-0.1
618,Leon Goretzka,Midfielder,Aston Villa,5.9,2,i,0,False,False,1,900,1.0,3,0.0,0.0,0.0,0.0,0.0,0.0,0.0,0.0,0.0,0.0,0.0,0.0,0.0,0.0,0.0,0.0,0.0,0.0,0.0,0.0,0.0,0.6666666666666666,-1.0,6,0.0,22,414,0.46000000834465027,0.0,1.559999942779541,0.05000000074505806,0.019999999552965164,0.05999999865889549,0.07999999821186066,0.38,0.0,0.0,-0.1
630,Taylor Harwood-Bellis,Defender,Aston Villa,4.5,2,a,100,False,False,1,900,1.0,3,0.0,0.0,0.0,0.0,0.0,0.0,0.0,0.0,0.0,0.0,0.0,0.0,0.0,0.0,0.0,0.0,0.0,0.0,0.0,0.0,0.0,0.5,0.0,6,0.0,182,178,0.5400000214576721,0.0,1.809999942779541,0.019999999552965164,0.019999999552965164,0.10999999940395355,0.029999999329447746,0.21,0.0,0.16,-0.1
631,Ibrahim Mbaye,Midfielder,Aston Villa,6.0,2,a,100,False,False,1,900,1.0,3,0.5,0.5,13.5,3.333333333333333,0.0,0.0,0.0,0.0,9.5,7.6,4.5,0.0,0.0,0.5,0.3333333333333333,13.5,0.0,0.0,9.5,7.6,1.0,0.5,0.0,6,0.1,879,1101,1.6299999952316284,0.019999999552965164,4.659999847412109,0.14000000059604645,0.029999999329447746,0.05999999865889549,0.09000000357627869,1.88,0.265,0.79,-0.1
667,James Wright,Goalkeeper,Aston Villa,4.0,2,a,100,False,False,1,900,1.0,3,,,,0.0,,,,,,,,,,,,,,,,,,,0.0,6,0.1,7016,813,0.03999999910593033,0.0,0.25999999046325684,0.0,0.0,0.019999999552965164,0.029999999329447746,0.03,,,-0.1
57,Đorđe Petrović,Goalkeeper,Bournemouth,4.5,3,a,100,False,False,0,412,1.0,4,1.6666666666666667,1.75,90.0,1.666666666666667,0.0,0.0,0.0,0.0,0.0,0.0,12.399999999999999,1.6666666666666667,0.0,1.375,1.5925925925925928,90.0,0.0,0.0,0.0,0.0,4.0,0.5,0.0,6,3.0,6050,11469,2.119999885559082,0.0,3.7300000190734863,0.0,0.0,0.10999999940395355,0.09000000357627869,2.53,1.0,2.12,-0.1
58,Fraser Forster,Goalkeeper,Bournemouth,4.0,3,a,100,False,False,0,412,1.0,4,0.0,0.0,0.0,0.0,0.0,0.0,0.0,0.0,0.0,0.0,0.0,0.0,0.0,0.0,0.0,0.0,0.0,0.0,0.0,0.0,0.0,0.5,0.0,6,3.5,8022,7144,0.029999999329447746,0.0,0.10000000149011612,0.0,0.0,0.019999999552965164,0.029999999329447746,0.03,0.0,0.01,-0.1
59,Will Dennis,Goalkeeper,Bournemouth,4.0,3,u,0,False,False,0,412,1.0,4,0.0,0.0,0.0,0.0,0.0,0.0,0.0,0.0,0.0,0.0,0.0,0.0,0.0,0.0,0.0,0.0,0.0,0.0,0.0,0.0,0.0,0.5,0.0,6,0.1,0,539,0.029999999329447746,0.0,0.10000000149011612,0.0,0.0,0.019999999552965164,0.029999999329447746,0.03,0.0,0.0,-0.1
60,James Hill,Defender,Bournemouth,5.5,3,a,100,False,False,0,412,1.0,4,2.3333333333333335,2.0,90.0,2.3333333333333335,0.0,0.0,0.0,0.0,2.0,21.3,21.46666666666667,0.0,0.3333333333333333,1.875,1.7777777777777781,90.0,0.0,0.0,1.0,16.2375,4.0,0.5,0.0,6,0.8,3087,3057,2.2799999713897705,0.05000000074505806,5.760000228881836,0.019999999552965164,0.03999999910593033,0.10999999940395355,0.07000000029802322,2.75,1.0,2.28,-0.1
61,Adrien Truffert,Defender,Bournemouth,5.4,3,a,100,False,False,0,412,1.0,4,2.3333333333333335,2.0,90.0,2.3333333333333335,0.0,0.0,0.0,0.6666666666666666,11.333333333333334,19.133333333333336,25.53333333333333,0.0,0.3333333333333333,2.125,1.888888888888889,90.0,0.0,0.0,15.0,16.05,4.0,0.5,0.0,6,3.0,4457,11925,2.690000057220459,0.05000000074505806,5.730000019073486,0.019999999552965164,0.11999999731779099,0.10999999940395355,0.07000000029802322,2.99,1.0,2.69,-0.1
62,Bafodé Diakité,Defender,Bournemouth,4.9,3,a,100,False,False,0,412,1.0,4,0.0,0.0,0.0,0.0,0.0,0.0,0.0,0.0,0.0,0.0,0.0,0.0,0.0,0.0,0.0,0.0,0.0,0.0,0.0,0.0,0.0,0.5,0.0,6,0.2,464,949,0.5299999713897705,0.0,1.7899999618530273,0.019999999552965164,0.019999999552965164,0.10999999940395355,0.03999999910593033,0.22,0.0,0.16,-0.1
63,Veljko Milosavljevic,Defender,Bournemouth,4.9,3,i,0,False,False,0,412,1.0,4,0.0,0.0,0.0,0.0,0.0,0.0,0.0,0.0,0.0,0.0,0.0,0.0,0.0,0.0,0.0,0.0,0.0,0.0,0.0,0.0,0.0,0.5,-1.0,6,0.0,29,44,0.6200000047683716,0.0,1.7899999618530273,0.019999999552965164,0.019999999552965164,0.10999999940395355,0.03999999910593033,0.22,0.0,0.0,-0.1
64,Adam Smith,Defender,Bournemouth,4.5,3,a,100,False,False,0,412,1.0,4,0.3333333333333333,0.5,90.0,0.3333333333333333,0.0,0.0,0.0,0.0,1.3333333333333333,14.333333333333334,12.200000000000001,0.0,1.0,0.25,0.44444444444444453,90.0,0.0,0.0,1.0,9.3625,4.0,0.5,0.0,6,0.1,392,467,2.1600000858306885,0.05000000074505806,7.429999828338623,0.029999999329447746,0.019999999552965164,0.10999999940395355,0.10999999940395355,2.8,1.0,2.16,-0.1
65,Julián Araujo Zúñiga,Defender,Bournemouth,4.4,3,i,0,False,False,0,412,1.0,4,0.0,0.0,0.0,0.0,0.0,0.0,0.0,0.0,0.0,0.0,0.0,0.0,0.0,0.0,0.0,0.0,0.0,0.0,0.0,0.0,0.0,0.5,0.0,6,0.0,37,53,0.5199999809265137,0.0,1.440000057220459,0.019999999552965164,0.019999999552965164,0.10999999940395355,0.029999999329447746,0.21,0.0,0.0,-0.1
66,Julio Soler Barreto,Defender,Bournemouth,4.0,3,a,100,False,False,0,412,1.0,4,0.0,0.0,0.0,0.0,0.0,0.0,0.0,0.0,0.0,0.0,0.0,0.0,0.0,0.0,0.0,0.0,0.0,0.0,0.0,0.0,0.0,0.5,0.0,6,0.3,723,1104,0.27000001072883606,0.0,0.3199999928474426,0.019999999552965164,0.019999999552965164,0.10999999940395355,0.029999999329447746,0.21,0.0,0.08,-0.1
67,Rayan Vitor Simplício Rocha,Midfielder,Bournemouth,6.3,3,a,100,False,False,0,412,1.0,4,2.0,2.0,86.33333333333333,2.084942084942085,0.0,0.0,0.0,0.0,24.666666666666668,7.400000000000001,5.266666666666667,0.0,0.0,2.0,2.0,84.75,0.0,0.0,20.125,10.975000000000001,4.0,0.5,0.0,6,1.6,3913,9615,4.190000057220459,1.090000033378601,7.519999980926514,0.1899999976158142,0.05000000074505806,0.14000000059604645,0.09000000357627869,3.33,0.971,4.11,-0.1
68,Marcus Tavernier,Midfielder,Bournemouth,6.1,3,a,100,False,False,0,412,1.0,4,6.333333333333333,7.25,86.66666666666667,6.576923076923076,0.6666666666666666,0.0,0.0,1.6666666666666667,41.666666666666664,36.6,37.0,0.0,0.6666666666666666,7.875,8.0,85.5,0.875,0.0,41.375,39.3875,4.0,0.5,1.0,6,6.8,80854,42996,4.190000057220459,1.1100000143051147,7.989999771118164,0.10999999940395355,0.2800000011920929,0.15000000596046448,0.20999999344348907,3.74,0.974,4.11,-0.1
69,Alex Scott,Midfielder,Bournemouth,6.1,3,a,100,False,False,0,412,1.0,4,8.666666666666666,7.0,88.66666666666667,8.796992481203008,0.3333333333333333,0.6666666666666666,0.3333333333333333,1.6666666666666667,14.333333333333334,33.699999999999996,27.733333333333334,0.0,0.3333333333333333,6.25,5.9259259259259265,89.5,0.125,0.5,10.625,33.3875,4.0,0.5,0.0,6,5.8,23382,37908,4.829999923706055,1.0700000524520874,6.639999866485596,0.2199999988079071,0.25,0.17000000178813934,0.30000001192092896,4.32,0.99,4.79,-0.1
70,Justin Kluivert,Midfielder,Bournemouth,6.0,3,i,0,False,False,0,412,1.0,4,4.0,3.75,73.33333333333333,4.909090909090909,0.3333333333333333,0.0,0.3333333333333333,0.3333333333333333,34.333333333333336,10.733333333333333,17.066666666666666,0.0,0.3333333333333333,5.0,4.222222222222222,70.5,0.5,0.0,31.5,7.300000000000001,4.0,0.5,0.0,6,0.9,2295,17672,3.430000066757202,0.49000000953674316,6.559999942779541,0.15000000596046448,0.05000000074505806,0.17000000178813934,0.09000000357627869,3.14,0.866,0.0,-0.1
71,Lewis Cook,Midfielder,Bournemouth,5.0,3,a,100,False,False,0,412,1.0,4,1.3333333333333333,1.75,30.0,3.9999999999999996,0.0,0.0,0.3333333333333333,0.0,0.0,4.466666666666667,1.4666666666666666,0.0,0.3333333333333333,1.0,1.5555555555555558,25.375,0.0,0.0,0.0,2.0875,4.0,0.5,0.0,6,0.2,261,1135,1.2100000381469727,0.0,2.4700000286102295,0.029999999329447746,0.019999999552965164,0.07000000029802322,0.05999999865889549,1.29,0.463,0.76,-0.1
72,Ben Gannon-Doak,Midfielder,Bournemouth,4.9,3,a,100,False,False,0,412,1.0,4,0.6666666666666666,0.75,3.0,20.0,0.0,0.0,0.0,0.0,4.0,0.6666666666666666,1.2,0.0,0.0,0.875,0.8518518518518521,4.375,0.0,0.0,5.0,0.8875,3.0,0.5,0.0,6,0.1,135,368,0.8100000023841858,0.0,3.2699999809265137,0.05000000074505806,0.029999999329447746,0.05000000074505806,0.07999999821186066,1.43,0.092,0.3,-0.1
73,Tyler Adams,Midfielder,Bournemouth,5.0,3,a,100,False,False,0,412,1.0,4,2.3333333333333335,2.0,59.0,3.5593220338983054,0.0,0.0,0.0,0.0,2.3333333333333335,6.233333333333334,8.933333333333332,0.0,0.0,2.25,2.0,63.75,0.0,0.0,3.5,6.0625,4.0,0.5,0.0,6,0.3,1080,1620,2.4200000762939453,0.3799999952316284,3.950000047683716,0.05999999865889549,0.029999999329447746,0.12999999523162842,0.05999999865889549,1.48,0.744,1.99,-0.1
74,David Brooks,Midfielder,Bournemouth,5.0,3,a,100,False,False,0,412,1.0,4,0.6666666666666666,0.5,10.0,6.0,0.0,0.0,0.0,0.0,0.6666666666666666,0.6333333333333334,1.4000000000000001,0.0,0.3333333333333333,0.375,0.3703703703703704,8.125,0.0,0.0,1.0,0.35,3.0,0.5,0.0,6,0.1,171,319,0.6000000238418579,0.05000000074505806,1.8799999952316284,0.029999999329447746,0.019999999552965164,0.05000000074505806,0.05999999865889549,1.27,0.215,0.27,-0.1
75,Ryan Christie,Midfielder,Bournemouth,5.0,3,a,100,False,False,0,412,1.0,4,1.0,0.75,9.333333333333334,9.642857142857142,0.0,0.0,0.0,0.0,1.3333333333333333,4.9,3.133333333333333,0.0,0.0,0.875,0.7037037037037037,12.625,0.0,0.0,2.0,7.2375,3.0,0.5,0.0,6,0.0,290,246,1.350000023841858,0.009999999776482582,3.4700000286102295,0.029999999329447746,0.029999999329447746,0.05999999865889549,0.05999999865889549,1.32,0.205,0.6,-0.1
76,Alex Tóth,Midfielder,Bournemouth,4.9,3,a,100,False,False,0,412,1.0,4,0.0,0.25,0.0,0.0,0.0,0.0,0.0,0.0,0.0,0.0,0.0,0.0,0.0,0.125,0.2962962962962964,1.875,0.0,0.0,0.0,0.075,1.0,0.5,-1.0,6,0.0,25,54,0.27000001072883606,0.0,0.6600000262260437,0.029999999329447746,0.019999999552965164,0.05000000074505806,0.05999999865889549,0.26,0.0,0.08,-0.1
77,Amine Adli,Midfielder,Bournemouth,4.9,3,i,0,False,False,0,412,1.0,4,0.0,0.0,0.0,0.0,0.0,0.0,0.0,0.0,0.0,0.0,0.0,0.0,0.0,0.0,0.0,0.0,0.0,0.0,0.0,0.0,0.0,0.5,0.0,6,0.0,22,75,0.27000001072883606,0.0,0.7599999904632568,0.029999999329447746,0.019999999552965164,0.05000000074505806,0.05999999865889549,0.26,0.0,0.0,-0.1
78,Junior Kroupi,Midfielder,Bournemouth,7.4,3,i,0,False,False,0,412,1.0,4,0.0,0.0,0.0,0.0,0.0,0.0,0.0,0.0,0.0,0.0,0.0,0.0,0.0,0.0,0.0,0.0,0.0,0.0,0.0,0.0,0.0,0.5,0.0,6,0.2,185,837,0.8399999737739563,0.0,3.9700000286102295,0.07000000029802322,0.07999999821186066,0.07000000029802322,0.1599999964237213,0.77,0.0,0.0,-0.1
79,Francisco Evanilson de Lima Barbosa,Forward,Bournemouth,6.0,3,a,100,False,False,0,412,1.0,4,4.0,4.0,86.66666666666667,4.153846153846153,0.0,0.6666666666666666,0.3333333333333333,0.0,15.666666666666666,22.433333333333334,13.666666666666666,0.0,0.0,4.125,4.037037037037038,86.75,0.0,0.75,10.25,25.5375,4.0,0.5,0.0,6,3.2,17222,20647,4.670000076293945,0.05000000074505806,6.21999979019165,0.2800000011920929,0.12999999523162842,0.1899999976158142,0.23999999463558197,3.76,0.974,4.58,-0.1
80,Enes Ünal,Forward,Bournemouth,5.5,3,u,0,False,False,0,412,1.0,4,0.0,0.0,0.0,0.0,0.0,0.0,0.0,0.0,0.0,0.0,0.0,0.0,0.0,0.0,0.0,0.0,0.0,0.0,0.0,0.0,0.0,0.5,0.0,6,0.0,0,48,1.9500000476837158,0.0,3.7699999809265137,0.23000000417232513,0.05999999865889549,0.05000000074505806,0.15000000596046448,1.24,0.0,0.0,-0.1
81,Álvaro Rodríguez,Forward,Bournemouth,6.0,3,a,100,False,False,0,412,1.0,4,0.6666666666666666,0.5,3.3333333333333335,18.0,0.0,0.0,0.0,0.0,0.0,0.16666666666666666,0.0,0.0,0.0,0.625,0.4814814814814815,1.625,0.0,0.0,0.0,0.25,2.0,0.5,0.0,6,0.1,746,711,1.75,0.0,3.569999933242798,0.20000000298023224,0.05999999865889549,0.10000000149011612,0.15000000596046448,2.14,0.1,0.65,-0.1
566,António João Pereira de Albuquerque Tavares da Silva,Defender,Bournemouth,5.0,3,a,100,False,False,0,412,1.0,4,2.6666666666666665,2.5,90.0,2.6666666666666665,0.0,0.0,0.0,0.0,13.666666666666666,2.766666666666667,20.133333333333336,0.0,0.0,2.5,2.407407407407408,90.0,0.0,0.0,11.375,3.2125,4.0,0.5,0.0,6,0.4,5870,3467,2.369999885559082,0.05000000074505806,6.510000228881836,0.019999999552965164,0.03999999910593033,0.10999999940395355,0.07999999821186066,2.76,1.0,2.37,-0.1
573,Juanlu Sánchez,Defender,Bournemouth,4.4,3,a,100,False,False,0,412,1.0,4,0.0,0.0,0.0,0.0,0.0,0.0,0.0,0.0,0.0,0.0,0.0,0.0,0.0,0.0,0.0,0.0,0.0,0.0,0.0,0.0,0.0,0.5,-1.0,6,0.2,146,427,0.6100000143051147,0.0,1.440000057220459,0.019999999552965164,0.019999999552965164,0.10999999940395355,0.029999999329447746,0.21,0.0,0.18,-0.1
608,Daniel Jebbison,Forward,Bournemouth,5.0,3,a,100,False,False,0,412,1.0,4,0.3333333333333333,0.5,0.3333333333333333,90.0,0.0,0.0,0.0,0.0,0.0,0.0,0.0,0.0,0.0,0.375,0.5185185185185187,2.125,0.0,0.0,2.125,0.1,2.0,0.5,0.0,6,0.1,864,882,0.3799999952316284,0.0,0.8500000238418579,0.05000000074505806,0.05000000074505806,0.029999999329447746,0.15000000596046448,0.52,0.02,0.12,-0.1
615,Michele Di Gregorio,Goalkeeper,Bournemouth,4.5,3,a,100,False,False,0,412,1.0,4,0.0,0.0,0.0,0.0,0.0,0.0,0.0,0.0,0.0,0.0,0.0,0.0,0.0,0.0,0.0,0.0,0.0,0.0,0.0,0.0,0.0,0.6666666666666666,0.0,6,0.0,181,190,0.07999999821186066,0.0,0.3700000047683716,0.0,0.0,0.019999999552965164,0.029999999329447746,0.03,0.0,0.02,-0.1
82,Caoimhín Kelleher,Goalkeeper,Brentford,5.0,4,a,100,False,False,0,212,1.0,3,2.3333333333333335,3.5,90.0,2.3333333333333335,0.0,0.0,0.0,0.0,0.0,0.0,23.400000000000002,3.6666666666666665,0.0,3.125,3.8148148148148158,90.0,0.0,0.0,0.0,0.0,4.0,0.5,0.0,6,6.1,19534,13220,2.1500000953674316,0.0,5.340000152587891,0.0,0.0,0.15000000596046448,0.17000000178813934,2.77,1.0,2.15,-0.1
83,Hákon Rafn Valdimarsson,Goalkeeper,Brentford,4.5,4,a,100,False,False,0,212,1.0,3,0.0,0.0,0.0,0.0,0.0,0.0,0.0,0.0,0.0,0.0,0.0,0.0,0.0,0.0,0.0,0.0,0.0,0.0,0.0,0.0,0.0,0.5,0.0,6,0.1,293,326,0.2199999988079071,0.0,0.6600000262260437,0.0,0.0,0.019999999552965164,0.029999999329447746,0.03,0.0,0.07,-0.1
84,Nathan Collins,Defender,Brentford,5.4,4,i,0,False,False,0,212,1.0,3,1.3333333333333333,2.5,35.333333333333336,3.3962264150943393,0.0,0.0,0.0,0.0,11.333333333333334,0.3,9.666666666666666,0.0,0.3333333333333333,1.375,2.444444444444445,26.5,0.0,0.0,6.375,2.8,3.0,0.5,-1.0,6,1.0,117,9221,1.7300000190734863,0.0,6.0,0.019999999552965164,0.019999999552965164,0.10999999940395355,0.05000000074505806,1.24,0.52,0.0,-0.1
85,Sepp van den Berg,Defender,Brentford,4.9,4,i,0,False,False,0,212,1.0,3,0.0,0.0,0.0,0.0,0.0,0.0,0.0,0.0,0.0,0.0,0.0,0.0,0.0,0.0,0.0,0.0,0.0,0.0,0.0,0.0,0.0,0.5,0.0,6,0.1,38,333,0.5600000023841858,0.0,1.7899999618530273,0.019999999552965164,0.019999999552965164,0.10999999940395355,0.03999999910593033,0.22,0.0,0.0,-0.1
86,Keane Lewis-Potter,Midfielder,Brentford,5.5,4,a,100,False,False,0,212,1.0,3,3.0,4.75,78.66666666666667,3.432203389830508,0.0,0.3333333333333333,0.0,0.3333333333333333,10.0,26.099999999999998,15.799999999999999,0.0,0.0,3.0,4.6296296296296315,74.125,0.125,0.125,11.125,18.0125,4.0,0.5,0.0,6,1.7,3630,11795,3.140000104904175,0.9599999785423279,6.239999771118164,0.09000000357627869,0.18000000715255737,0.1599999964237213,0.14000000059604645,3.3,0.91,2.94,-0.1
87,Kristoffer Ajer,Defender,Brentford,4.5,4,a,100,False,False,0,212,1.0,3,2.0,3.5,90.0,2.0,0.0,0.0,0.0,0.0,3.3333333333333335,7.266666666666667,21.599999999999998,0.0,0.3333333333333333,2.375,3.592592592592594,90.0,0.0,0.0,8.625,3.0625,4.0,0.5,0.0,6,3.9,11019,22339,2.309999942779541,0.05000000074505806,6.389999866485596,0.019999999552965164,0.029999999329447746,0.10999999940395355,0.12999999523162842,2.8,1.0,2.31,-0.1
88,Michael Kayode,Defender,Brentford,4.6,4,a,100,False,False,0,212,1.0,3,1.3333333333333333,4.25,50.333333333333336,2.3841059602649004,0.0,0.0,0.0,0.0,3.3333333333333335,10.133333333333333,9.133333333333333,0.0,0.0,2.625,4.703703703703704,41.0,0.125,0.0,7.25,9.3125,4.0,0.5,0.0,6,7.6,12903,20828,1.809999942779541,0.0,4.880000114440918,0.019999999552965164,0.019999999552965164,0.10999999940395355,0.20999999344348907,1.4,0.666,1.39,-0.1
89,Rico Henry,Defender,Brentford,4.4,4,a,100,False,False,0,212,1.0,3,0.3333333333333333,0.25,0.6666666666666666,45.0,0.0,0.0,0.0,0.0,0.0,0.0,0.0,0.0,0.0,0.125,0.14814814814814817,0.25,0.0,0.0,0.0,0.0,1.0,0.5,-1.0,6,0.2,157,578,0.7599999904632568,0.0,1.7699999809265137,0.019999999552965164,0.019999999552965164,0.10999999940395355,0.029999999329447746,0.21,0.032,0.25,-0.1
90,Aaron Hickey,Defender,Brentford,4.5,4,a,100,False,False,0,212,1.0,3,1.0,1.0,39.0,2.3076923076923075,0.0,0.0,0.0,0.0,2.0,2.4,7.2,0.0,0.0,1.0,1.0,48.25,0.0,0.0,3.0,1.85,4.0,0.5,0.0,6,0.1,178,247,1.440000057220459,0.0,4.460000038146973,0.019999999552965164,0.019999999552965164,0.10999999940395355,0.03999999910593033,1.22,0.557,0.99,-0.1
92,Kim Ji-soo,Defender,Brentford,4.4,4,a,100,False,False,0,212,1.0,3,0.0,0.0,0.0,0.0,0.0,0.0,0.0,0.0,0.0,0.0,0.0,0.0,0.0,0.0,0.0,0.0,0.0,0.0,0.0,0.0,0.0,0.5,0.0,6,0.0,58,88,0.550000011920929,0.0,1.440000057220459,0.019999999552965164,0.019999999552965164,0.10999999940395355,0.029999999329447746,0.21,0.0,0.17,-0.1
93,Jannik Schuster,Defender,Brentford,4.5,4,a,100,False,False,0,212,1.0,3,2.3333333333333335,1.75,54.333333333333336,3.865030674846626,0.0,0.0,0.0,0.0,4.0,0.2333333333333333,13.133333333333333,0.0,0.0,2.5,1.8888888888888888,63.25,0.0,0.0,5.0,0.3,2.0,0.5,0.0,6,0.3,14868,2238,1.5499999523162842,0.0,4.409999847412109,0.019999999552965164,0.019999999552965164,0.10999999940395355,0.05000000074505806,1.25,0.702,1.23,-0.1
94,Kevin Schade,Midfielder,Brentford,6.2,4,a,100,False,False,0,212,1.0,3,9.0,7.5,89.0,9.101123595505618,1.0,0.0,0.0,2.0,23.333333333333332,10.9,40.13333333333333,0.0,0.0,9.625,7.814814814814815,89.625,1.125,0.0,27.625,10.3375,4.0,0.5,1.0,6,11.5,385704,24032,4.110000133514404,1.190000057220459,8.880000114440918,0.18000000715255737,0.1599999964237213,0.2199999988079071,0.3700000047683716,3.97,0.992,4.09,-0.1
95,Dango Ouattara,Midfielder,Brentford,6.3,4,a,100,False,False,0,212,1.0,3,1.0,1.5,34.666666666666664,2.5961538461538463,0.0,0.0,0.0,0.0,2.6666666666666665,9.5,8.066666666666666,0.0,0.0,1.25,1.5925925925925928,38.125,0.0,0.0,5.125,9.4625,4.0,0.5,-1.0,6,0.5,798,3580,1.6100000143051147,0.05000000074505806,3.809999942779541,0.05000000074505806,0.03999999910593033,0.10000000149011612,0.09000000357627869,1.47,0.513,1.06,-0.1
96,Mikkel Damsgaard,Midfielder,Brentford,5.4,4,a,100,False,False,0,212,1.0,3,4.0,3.25,61.0,5.901639344262295,0.0,0.3333333333333333,0.3333333333333333,1.0,12.333333333333334,22.900000000000002,8.866666666666667,0.0,0.0,3.0,2.851851851851852,46.5,0.0,0.25,7.625,18.3625,4.0,0.5,-1.0,6,0.4,1542,2004,2.380000114440918,0.3100000023841858,4.409999847412109,0.05000000074505806,0.05000000074505806,0.17000000178813934,0.05999999865889549,2.62,0.762,1.98,-0.1
97,Mathias Jensen,Midfielder,Brentford,5.4,4,i,0,False,False,0,212,1.0,3,0.0,1.5,0.0,0.0,0.0,0.0,0.0,0.0,0.0,0.0,0.0,0.0,0.0,0.75,1.7777777777777781,8.25,0.0,0.125,1.625,5.775,1.0,0.5,0.0,6,0.1,20,630,0.8700000047683716,0.0,2.119999885559082,0.029999999329447746,0.029999999329447746,0.05999999865889549,0.05999999865889549,0.31,0.0,0.0,-0.1
98,Vitaly Janelt,Midfielder,Brentford,5.0,4,a,100,False,False,0,212,1.0,3,5.333333333333333,6.25,90.0,5.333333333333333,0.3333333333333333,0.0,0.0,1.0,7.0,17.633333333333333,30.933333333333334,0.0,0.6666666666666666,6.0,6.5925925925925934,90.0,0.375,0.0,7.75,17.25,4.0,0.5,0.0,6,2.5,19125,17502,4.300000190734863,1.2000000476837158,8.649999618530273,0.10000000149011612,0.23999999463558197,0.1899999976158142,0.4000000059604645,3.8,1.0,4.3,-0.1
99,Antoni Milambo,Midfielder,Brentford,5.0,4,i,0,False,False,0,212,1.0,3,0.0,0.0,0.0,0.0,0.0,0.0,0.0,0.0,0.0,0.0,0.0,0.0,0.0,0.0,0.0,0.0,0.0,0.0,0.0,0.0,0.0,0.5,0.0,6,0.0,6,7,0.33000001311302185,0.0,0.8799999952316284,0.029999999329447746,0.019999999552965164,0.05000000074505806,0.05999999865889549,0.27,0.0,0.0,-0.1
100,Fábio Freitas Gouveia Carvalho,Midfielder,Brentford,5.0,4,a,100,False,False,0,212,1.0,3,0.0,0.0,0.0,0.0,0.0,0.0,0.0,0.0,0.0,0.0,0.0,0.0,0.0,0.0,0.0,0.0,0.0,0.0,0.0,0.0,0.0,0.5,0.0,6,0.0,601,173,0.33000001311302185,0.0,0.8799999952316284,0.029999999329447746,0.019999999552965164,0.05000000074505806,0.05999999865889549,0.27,0.0,0.1,-0.1
102,Yehor Yarmoliuk,Midfielder,Brentford,4.8,4,a,100,False,False,0,212,1.0,3,1.6666666666666667,1.5,41.666666666666664,3.6,0.0,0.3333333333333333,0.0,0.0,3.3333333333333335,12.9,9.133333333333333,0.0,0.3333333333333333,2.25,1.7777777777777777,46.25,0.0,0.5,3.375,13.912500000000001,4.0,0.5,-1.0,6,0.6,1313,3216,1.840000033378601,0.25999999046325684,3.200000047683716,0.029999999329447746,0.20000000298023224,0.15000000596046448,0.05999999865889549,1.8,0.583,1.3,-0.1
103,Josh Dasilva,Midfielder,Brentford,4.9,4,i,0,False,False,0,212,1.0,3,0.0,0.0,0.0,0.0,0.0,0.0,0.0,0.0,0.0,0.0,0.0,0.0,0.0,0.0,0.0,0.0,0.0,0.0,0.0,0.0,0.0,0.5,0.0,6,0.0,9,102,0.27000001072883606,0.0,0.7300000190734863,0.029999999329447746,0.019999999552965164,0.05000000074505806,0.05999999865889549,0.26,0.0,0.0,-0.1
105,Jaidon Anthony,Midfielder,Brentford,5.9,4,a,100,False,False,0,212,1.0,3,1.3333333333333333,1.25,54.666666666666664,2.1951219512195124,0.0,0.0,0.3333333333333333,0.0,6.666666666666667,14.466666666666667,5.933333333333333,0.0,0.3333333333333333,1.125,1.1481481481481484,51.125,0.0,0.0,3.75,15.8,4.0,0.5,-1.0,6,0.1,2292,599,2.700000047683716,0.38999998569488525,4.179999828338623,0.03999999910593033,0.029999999329447746,0.2199999988079071,0.09000000357627869,1.37,0.705,2.14,-0.1
106,Igor Thiago Nascimento Rodrigues,Forward,Brentford,7.8,4,a,100,False,False,0,212,1.0,3,1.6666666666666667,1.25,90.0,1.666666666666667,0.0,0.0,0.0,0.0,36.0,7.866666666666667,6.133333333333334,0.0,0.3333333333333333,1.25,1.0740740740740742,89.0,0.0,0.0,23.625,9.625,4.0,0.5,-1.0,6,9.1,56188,37392,4.510000228881836,0.05000000074505806,7.28000020980835,0.3499999940395355,0.07999999821186066,0.12999999523162842,0.1899999976158142,3.85,1.0,4.51,-0.1
107,Kaye Furo,Forward,Brentford,4.5,4,i,0,False,False,0,212,1.0,3,0.0,0.0,0.0,0.0,0.0,0.0,0.0,0.0,0.0,0.0,0.0,0.0,0.0,0.0,0.0,0.0,0.0,0.0,0.0,0.0,0.0,0.5,0.0,6,0.9,612,9382,0.2800000011920929,0.0,0.47999998927116394,0.09000000357627869,0.05000000074505806,0.029999999329447746,0.15000000596046448,0.64,0.0,0.0,-0.1
108,Callum Wilson,Forward,Brentford,5.4,4,a,100,False,False,0,212,1.0,3,0.6666666666666666,0.75,2.0,30.0,0.0,0.0,0.0,0.0,2.3333333333333335,0.03333333333333333,0.3333333333333333,0.0,0.0,0.5,0.6666666666666667,2.125,0.0,0.0,1.5,1.3,3.0,0.5,0.0,6,0.3,1176,2431,0.7900000214576721,0.0,3.5799999237060547,0.11999999731779099,0.07999999821186066,0.05000000074505806,0.1899999976158142,1.92,0.07,0.28,-0.1
565,Mamadou Sangaré,Midfielder,Brentford,5.6,4,a,100,False,False,0,212,1.0,3,2.6666666666666665,5.5,75.0,3.2,0.0,0.0,0.0,0.0,6.333333333333333,12.0,14.199999999999998,0.0,0.3333333333333333,4.25,6.074074074074075,76.875,0.0,0.25,6.0,10.912500000000001,4.0,0.5,0.0,6,9.9,8292,137415,2.880000114440918,0.6299999952316284,5.800000190734863,0.05999999865889549,0.05000000074505806,0.1599999964237213,0.07999999821186066,2.69,0.88,2.64,-0.1
620,El Hadji Malick Diouf,Defender,Brentford,4.5,4,a,100,False,False,0,212,1.0,3,0.3333333333333333,0.3333333333333333,10.0,3.0,0.0,0.0,0.0,0.0,0.0,0.3333333333333333,1.1333333333333333,0.0,0.0,0.5,0.3333333333333333,15.0,0.0,0.0,0.0,0.5,1.0,0.3333333333333333,0.0,6,0.1,465,670,1.0099999904632568,0.0,2.9600000381469727,0.019999999552965164,0.019999999552965164,0.11999999731779099,0.029999999329447746,1.21,0.215,0.45,-0.1
657,Gustavo Nunes Fernandes Gomes,Midfielder,Brentford,4.5,4,a,100,False,False,0,212,1.0,3,0.0,0.0,0.0,0.0,0.0,0.0,0.0,0.0,0.0,0.0,0.0,0.0,0.0,0.0,0.0,0.0,0.0,0.0,0.0,0.0,0.0,0.5,0.0,6,0.0,338,265,0.25999999046325684,0.0,0.47999998927116394,0.029999999329447746,0.019999999552965164,0.05000000074505806,0.05999999865889549,0.26,0.0,0.08,-0.1
660,Benjamin Fredrick,Defender,Brentford,4.0,4,a,100,False,False,0,212,1.0,3,,,,0.0,,,,,,,,,,,,,,,,,,,0.0,6,0.0,516,66,0.4099999964237213,0.0,0.7400000095367432,0.019999999552965164,0.019999999552965164,0.10999999940395355,0.029999999329447746,0.21,,,-0.1
661,Ellery Balcombe,Goalkeeper,Brentford,4.0,4,a,100,False,False,0,212,1.0,3,,,,0.0,,,,,,,,,,,,,,,,,,,0.0,6,0.0,2843,533,0.11999999731779099,0.0,0.41999998688697815,0.0,0.0,0.019999999552965164,0.029999999329447746,0.03,,,-0.1
109,Bart Verbruggen,Goalkeeper,Brighton,4.5,5,a,100,False,False,0,796,1.0,3,3.6666666666666665,4.25,90.0,3.6666666666666665,0.0,0.0,0.3333333333333333,0.0,0.0,1.0,29.066666666666663,3.3333333333333335,0.0,5.5,5.111111111111112,90.0,0.0,0.0,0.0,0.75,4.0,0.5,0.0,6,21.6,70926,70779,2.0999999046325684,0.07000000029802322,3.4800000190734863,0.0,0.0,0.03999999910593033,0.20000000298023224,2.35,1.0,2.1,-0.1
111,Jason Steele,Goalkeeper,Brighton,4.0,5,a,100,False,False,0,796,1.0,3,0.0,0.0,0.0,0.0,0.0,0.0,0.0,0.0,0.0,0.0,0.0,0.0,0.0,0.0,0.0,0.0,0.0,0.0,0.0,0.0,0.0,0.5,0.0,6,4.1,7038,14531,0.029999999329447746,0.0,0.10000000149011612,0.0,0.0,0.019999999552965164,0.029999999329447746,0.03,0.0,0.01,-0.1
113,Ferdi Kadıoğlu,Defender,Brighton,4.4,5,a,100,False,False,0,796,1.0,3,2.6666666666666665,2.0,85.66666666666667,2.801556420233463,0.0,0.0,0.3333333333333333,0.0,9.0,14.866666666666667,7.266666666666667,0.0,0.0,3.5,2.4444444444444446,75.5,0.0,0.0,5.75,12.912500000000001,3.0,0.5,0.0,6,1.6,3910,6780,1.9800000190734863,0.0,5.849999904632568,0.029999999329447746,0.019999999552965164,0.10999999940395355,0.10000000149011612,2.79,0.966,1.93,-0.1
114,Olivier Boscagli,Defender,Brighton,4.5,5,a,100,False,False,0,796,1.0,3,2.3333333333333335,3.25,85.66666666666667,2.4513618677042803,0.0,0.0,0.3333333333333333,0.0,4.333333333333333,34.4,16.333333333333336,0.0,0.3333333333333333,4.125,4.074074074074074,83.5,0.0,0.0,3.125,26.9625,4.0,0.5,0.0,6,0.3,1979,765,2.740000009536743,0.0,7.019999980926514,0.019999999552965164,0.019999999552965164,0.10999999940395355,0.17000000178813934,2.79,0.966,2.67,-0.1
115,Maxim De Cuyper,Defender,Brighton,5.0,5,a,100,False,False,0,796,1.0,3,5.0,8.0,85.33333333333333,5.2734375,0.0,0.6666666666666666,0.3333333333333333,0.6666666666666666,3.3333333333333335,30.900000000000002,17.733333333333334,0.0,0.3333333333333333,8.625,9.592592592592595,84.875,0.125,0.875,8.0,37.6,4.0,0.5,1.0,6,27.7,295663,20691,2.490000009536743,0.0,7.179999828338623,0.019999999552965164,0.07999999821186066,0.10999999940395355,0.3199999928474426,3.13,0.963,2.43,-0.1
116,Lewis Dunk,Defender,Brighton,4.5,5,d,75,False,False,0,796,1.0,3,5.333333333333333,5.5,90.0,5.333333333333333,0.3333333333333333,0.0,0.3333333333333333,0.3333333333333333,3.6666666666666665,2.733333333333333,34.26666666666667,0.0,0.3333333333333333,7.875,6.7407407407407405,90.0,0.5,0.0,4.5,3.675,4.0,0.5,0.0,6,1.5,7546,9548,3.190000057220459,0.05000000074505806,7.039999961853027,0.019999999552965164,0.3199999928474426,0.10999999940395355,0.23000000417232513,3.75,1.0,2.39,-0.1
117,Diego Coppola,Defender,Brighton,4.5,5,a,100,False,False,0,796,1.0,3,0.0,0.0,0.0,0.0,0.0,0.0,0.0,0.0,0.0,0.0,0.0,0.0,0.0,0.0,0.0,0.0,0.0,0.0,0.0,0.0,0.0,0.5,0.0,6,0.0,107,96,0.5299999713897705,0.0,1.8799999952316284,0.019999999552965164,0.019999999552965164,0.10999999940395355,0.029999999329447746,0.21,0.0,0.16,-0.1
118,Igor Julio dos Santos de Paulo,Defender,Brighton,4.5,5,u,0,False,False,0,796,1.0,3,0.0,0.0,0.0,0.0,0.0,0.0,0.0,0.0,0.0,0.0,0.0,0.0,0.0,0.0,0.0,0.0,0.0,0.0,0.0,0.0,0.0,0.5,0.0,6,0.0,0,287,0.5299999713897705,0.0,1.8799999952316284,0.019999999552965164,0.019999999552965164,0.10999999940395355,0.029999999329447746,0.21,0.0,0.0,-0.1
119,João Pedro Loureiro da Costa,Defender,Brighton,4.5,5,a,100,False,False,0,796,1.0,3,0.6666666666666666,0.75,9.333333333333334,6.428571428571428,0.0,0.0,0.0,0.0,0.0,5.033333333333333,2.3333333333333335,0.0,0.3333333333333333,0.875,0.8518518518518521,10.5,0.0,0.0,2.25,4.05,4.0,0.5,0.0,6,0.0,166,131,1.149999976158142,0.0,3.5299999713897705,0.019999999552965164,0.019999999552965164,0.10999999940395355,0.029999999329447746,1.2,0.205,0.51,-0.1
120,Michael Svoboda,Defender,Brighton,5.0,5,a,100,False,False,0,796,1.0,3,0.0,0.0,0.0,0.0,0.0,0.0,0.0,0.0,0.0,0.0,0.0,0.0,0.0,0.0,0.0,0.0,0.0,0.0,0.0,0.0,0.0,0.5,0.0,6,0.1,1315,460,0.6800000071525574,0.0,1.9800000190734863,0.019999999552965164,0.019999999552965164,0.10999999940395355,0.05999999865889549,0.24,0.0,0.2,-0.1
121,Mitoma Kaoru,Midfielder,Brighton,5.9,5,i,0,False,False,0,796,1.0,3,0.0,0.0,0.0,0.0,0.0,0.0,0.0,0.0,0.0,0.0,0.0,0.0,0.0,0.0,0.0,0.0,0.0,0.0,0.0,0.0,0.0,0.5,0.0,6,0.0,121,170,0.5099999904632568,0.0,1.649999976158142,0.05000000074505806,0.019999999552965164,0.05999999865889549,0.07999999821186066,0.37,0.0,0.0,-0.1
122,Yankuba Minteh,Midfielder,Brighton,5.8,5,i,0,False,False,0,796,1.0,3,0.0,0.0,0.0,0.0,0.0,0.0,0.0,0.0,0.0,0.0,0.0,0.0,0.0,0.0,0.0,0.0,0.0,0.0,0.0,0.0,0.0,0.5,0.0,6,0.0,44,215,0.5099999904632568,0.0,1.649999976158142,0.05000000074505806,0.019999999552965164,0.05999999865889549,0.07999999821186066,0.37,0.0,0.0,-0.1
123,Jack Hinshelwood,Midfielder,Brighton,5.9,5,i,0,False,False,0,796,1.0,3,0.0,4.0,0.0,0.0,0.0,0.0,0.0,0.0,0.0,0.0,0.0,0.0,0.0,2.0,4.740740740740742,7.875,0.25,0.0,7.375,1.675,1.0,0.5,-1.0,6,0.6,266,6688,0.6100000143051147,0.0,2.390000104904175,0.05000000074505806,0.019999999552965164,0.05999999865889549,0.07999999821186066,0.38,0.0,0.0,-0.1
124,Pascal Groß,Midfielder,Brighton,5.8,5,a,100,False,False,0,796,1.0,3,10.333333333333334,8.25,90.0,10.333333333333334,0.6666666666666666,1.0,0.3333333333333333,2.0,20.0,42.93333333333333,43.86666666666667,0.0,0.3333333333333333,10.625,8.407407407407407,90.0,0.625,1.125,17.625,54.9375,4.0,0.5,1.0,6,28.8,780759,11554,4.889999866485596,0.9700000286102295,7.28000020980835,0.17000000178813934,0.3499999940395355,0.18000000715255737,0.47999998927116394,4.54,1.0,4.89,-0.1
125,Georginio Rutter,Forward,Brighton,5.3,5,a,100,False,False,0,796,1.0,3,0.0,1.25,0.0,0.0,0.0,0.0,0.0,0.0,0.0,0.0,0.0,0.0,0.0,0.625,1.481481481481482,11.25,0.0,0.125,1.875,1.425,1.0,0.5,0.0,6,0.5,2606,3770,0.5,0.0,1.3799999952316284,0.09000000357627869,0.05999999865889549,0.03999999910593033,0.15000000596046448,0.66,0.0,0.15,-0.1
126,Matt O'Riley,Midfielder,Brighton,5.4,5,a,100,False,False,0,796,1.0,3,0.3333333333333333,0.25,2.0,15.0,0.0,0.0,0.0,0.0,0.0,3.5,0.7333333333333334,0.0,0.0,0.5,0.3333333333333333,3.0,0.0,0.0,0.0,5.25,1.0,0.5,-1.0,6,0.1,418,560,1.25,0.0,2.5899999141693115,0.029999999329447746,0.029999999329447746,0.05999999865889549,0.05999999865889549,1.31,0.07,0.44,-0.1
127,Diego Gómez Amarilla,Midfielder,Brighton,5.0,5,a,100,False,False,0,796,1.0,3,3.3333333333333335,4.0,87.66666666666667,3.4220532319391634,0.0,0.3333333333333333,0.3333333333333333,0.0,27.0,18.566666666666666,7.3999999999999995,0.0,0.0,3.375,3.9629629629629632,85.875,0.0,0.25,22.375,16.775,4.0,0.5,0.0,6,4.0,12017,37885,3.6700000762939453,1.2899999618530273,6.090000152587891,0.10000000149011612,0.17000000178813934,0.1599999964237213,0.05999999865889549,3.22,0.982,3.62,-0.1
128,Facundo Buonanotte,Midfielder,Brighton,5.0,5,u,0,False,False,0,796,1.0,3,0.0,0.0,0.0,0.0,0.0,0.0,0.0,0.0,0.0,0.0,0.0,0.0,0.0,0.0,0.0,0.0,0.0,0.0,0.0,0.0,0.0,0.5,0.0,6,0.0,0,7,0.3100000023841858,0.0,0.9700000286102295,0.029999999329447746,0.019999999552965164,0.05000000074505806,0.05999999865889549,0.27,0.0,0.0,-0.1
129,Yasin Ayari,Midfielder,Brighton,5.4,5,a,100,False,False,0,796,1.0,3,3.3333333333333335,3.0,60.0,5.0,0.3333333333333333,0.0,0.3333333333333333,0.0,15.0,7.2,16.8,0.0,0.0,4.75,3.703703703703704,75.375,0.5,0.0,18.75,8.975,3.0,0.5,0.0,6,0.4,2271,1965,2.990000009536743,0.5600000023841858,6.360000133514404,0.15000000596046448,0.07000000029802322,0.15000000596046448,0.05999999865889549,3.17,0.753,2.47,-0.1
130,Mats Wieffer,Defender,Brighton,4.9,5,i,0,False,False,0,796,1.0,3,0.0,1.75,26.333333333333332,0.0,0.0,0.0,0.0,0.0,1.3333333333333333,3.0666666666666664,6.8,0.0,0.0,0.875,2.074074074074075,19.5,0.0,0.0,1.25,4.4375,2.0,0.5,-1.0,6,0.2,30,1945,1.0800000429153442,0.0,3.5,0.019999999552965164,0.019999999552965164,0.10999999940395355,0.03999999910593033,1.22,0.423,0.0,-0.1
132,Harry Howell,Midfielder,Brighton,4.5,5,u,0,False,False,0,796,1.0,3,0.0,0.0,0.0,0.0,0.0,0.0,0.0,0.0,0.0,0.0,0.0,0.0,0.0,0.0,0.0,0.0,0.0,0.0,0.0,0.0,0.0,0.5,0.0,6,0.0,0,200,0.25,0.0,0.5899999737739563,0.029999999329447746,0.019999999552965164,0.05000000074505806,0.05999999865889549,0.26,0.0,0.0,-0.1
133,Tom Watson,Midfielder,Brighton,5.0,5,u,0,False,False,0,796,1.0,3,0.0,0.0,0.0,0.0,0.0,0.0,0.0,0.0,0.0,0.0,0.0,0.0,0.0,0.0,0.0,0.0,0.0,0.0,0.0,0.0,0.0,0.5,0.0,6,0.0,0,5,0.3100000023841858,0.0,0.9700000286102295,0.029999999329447746,0.019999999552965164,0.05000000074505806,0.05999999865889549,0.27,0.0,0.0,-0.1
134,Nehemiah Oriola,Midfielder,Brighton,4.5,5,a,100,False,False,0,796,1.0,3,0.0,0.0,0.0,0.0,0.0,0.0,0.0,0.0,0.0,0.0,0.0,0.0,0.0,0.0,0.0,0.0,0.0,0.0,0.0,0.0,0.0,0.5,0.0,6,0.2,352,1325,0.25,0.0,0.5899999737739563,0.029999999329447746,0.019999999552965164,0.05000000074505806,0.05999999865889549,0.26,0.0,0.08,-0.1
135,Zadok Yohanna,Midfielder,Brighton,4.8,5,i,0,False,False,0,796,1.0,3,0.0,0.25,0.0,0.0,0.0,0.0,0.0,0.0,0.0,0.0,0.0,0.0,0.0,0.125,0.2962962962962964,1.5,0.0,0.0,0.0,0.1625,1.0,0.5,0.0,6,0.0,23,388,0.25,0.0,0.7699999809265137,0.029999999329447746,0.019999999552965164,0.05000000074505806,0.05999999865889549,0.26,0.0,0.0,-0.1
137,Stefanos Tzimas,Forward,Brighton,5.4,5,i,0,False,False,0,796,1.0,3,0.0,0.0,0.0,0.0,0.0,0.0,0.0,0.0,0.0,0.0,0.0,0.0,0.0,0.0,0.0,0.0,0.0,0.0,0.0,0.0,0.0,0.5,-1.0,6,0.0,37,49,0.5,0.0,1.3899999856948853,0.09000000357627869,0.05999999865889549,0.029999999329447746,0.15000000596046448,0.66,0.0,0.0,-0.1
138,Charalampos Kostoulas,Forward,Brighton,5.6,5,a,100,False,False,0,796,1.0,3,5.666666666666667,4.5,84.0,6.071428571428572,0.3333333333333333,0.6666666666666666,0.3333333333333333,0.3333333333333333,26.333333333333332,9.133333333333335,15.866666666666667,0.0,0.0,6.25,4.814814814814815,77.125,0.5,0.625,28.375,6.7625,4.0,0.5,0.0,6,4.1,307383,18333,5.050000190734863,0.05000000074505806,7.079999923706055,0.4399999976158142,0.12999999523162842,0.2800000011920929,0.14000000059604645,4.3,0.953,4.88,-0.1
139,Evan Ferguson,Forward,Brighton,5.0,5,i,0,False,False,0,796,1.0,3,0.0,0.0,0.0,0.0,0.0,0.0,0.0,0.0,0.0,0.0,0.0,0.0,0.0,0.0,0.0,0.0,0.0,0.0,0.0,0.0,0.0,0.5,0.0,6,0.0,131,252,0.3199999928474426,0.0,0.8500000238418579,0.09000000357627869,0.05000000074505806,0.029999999329447746,0.15000000596046448,0.65,0.0,0.0,-0.1
328,Pascal Struijk,Defender,Brighton,4.9,5,d,75,False,False,0,796,1.0,3,0.6666666666666666,0.5,4.333333333333333,13.846153846153847,0.0,0.0,0.0,0.0,0.0,0.3,3.7999999999999994,0.0,0.0,0.75,0.5555555555555556,6.25,0.0,0.0,0.0,0.42500000000000004,2.0,0.5,-1.0,6,0.2,640,836,1.149999976158142,0.0,3.0299999713897705,0.019999999552965164,0.019999999552965164,0.10999999940395355,0.029999999329447746,1.23,0.12,0.33,-0.1
504,Luka Vušković,Defender,Brighton,5.0,5,a,100,False,False,0,796,1.0,3,6.0,6.0,85.66666666666667,6.303501945525292,0.3333333333333333,0.0,0.3333333333333333,0.6666666666666666,19.333333333333332,3.966666666666667,31.733333333333334,0.0,0.0,6.75,6.4444444444444455,83.5,0.25,0.0,18.625,2.95,4.0,0.5,0.0,6,3.7,54781,12963,3.1500000953674316,0.05000000074505806,7.110000133514404,0.019999999552965164,0.36000001430511475,0.10999999940395355,0.2800000011920929,3.94,0.966,3.08,-0.1
594,Promise David,Forward,Brighton,5.9,5,a,100,False,False,0,796,1.0,3,0.3333333333333333,0.25,7.666666666666667,3.9130434782608696,0.0,0.0,0.0,0.0,1.3333333333333333,1.2333333333333334,0.0,0.0,0.3333333333333333,0.125,0.14814814814814817,4.5,0.0,0.0,1.0,0.4625,2.0,0.5,0.0,6,0.2,3119,2171,1.7400000095367432,0.0,3.359999895095825,0.20999999344348907,0.05000000074505806,0.07000000029802322,0.15000000596046448,2.13,0.178,0.74,-0.1
600,Ibrahim Osman,Midfielder,Brighton,5.0,5,a,100,False,False,0,796,1.0,3,0.6666666666666666,0.75,9.333333333333334,6.428571428571428,0.0,0.0,0.0,0.0,5.0,0.8000000000000002,1.0,0.0,0.0,0.75,0.7777777777777779,9.5,0.0,0.0,7.25,2.6375,3.0,0.5,0.0,6,0.0,115,125,1.4500000476837158,0.009999999776482582,3.7300000190734863,0.029999999329447746,0.029999999329447746,0.05000000074505806,0.07999999821186066,1.35,0.205,0.64,-0.1
605,Malick Yalcouyé,Midfielder,Brighton,4.5,5,a,100,False,False,0,796,1.0,3,6.0,4.75,75.66666666666667,7.136563876651982,0.6666666666666666,0.0,0.3333333333333333,0.3333333333333333,35.0,19.099999999999998,35.46666666666667,0.0,0.0,5.625,4.592592592592593,64.125,0.625,0.0,31.75,15.35,4.0,0.5,0.0,6,4.0,25748,32465,3.8299999237060547,0.7300000190734863,7.119999885559082,0.11999999731779099,0.1599999964237213,0.20000000298023224,0.1599999964237213,3.46,0.886,3.52,-0.1
614,Jaouen Hadjam,Defender,Brighton,4.5,5,a,100,False,False,0,796,1.0,3,0.0,0.0,0.0,0.0,0.0,0.0,0.0,0.0,0.0,0.0,0.0,0.0,0.0,0.0,0.0,0.0,0.0,0.0,0.0,0.0,0.0,0.3333333333333333,0.0,6,0.0,244,247,0.5299999713897705,0.0,1.8799999952316284,0.019999999552965164,0.019999999552965164,0.10999999940395355,0.029999999329447746,0.21,0.0,0.16,-0.1
624,Amario Cozier-Duberry,Midfielder,Brighton,5.0,5,u,0,False,False,0,796,1.0,3,0.0,0.0,0.0,0.0,0.0,0.0,0.0,0.0,0.0,0.0,0.0,0.0,0.0,0.0,0.0,0.0,0.0,0.0,0.0,0.0,0.0,0.3333333333333333,0.0,6,0.0,0,5,0.3100000023841858,0.0,0.9700000286102295,0.029999999329447746,0.019999999552965164,0.05000000074505806,0.05999999865889549,0.27,0.0,0.0,-0.1
639,José María Andrés Baixauli,Midfielder,Brighton,5.5,5,a,100,False,False,0,796,1.0,3,2.0,2.0,12.5,14.4,0.0,0.5,0.0,0.0,1.0,6.55,9.4,0.0,0.0,2.0,1.3333333333333333,12.5,0.0,0.5,1.0,6.55,1.0,0.5,0.0,6,0.0,2707,304,1.340000033378601,0.0,2.9800000190734863,0.03999999910593033,0.10000000149011612,0.07000000029802322,0.07000000029802322,1.55,0.251,0.64,-0.1
652,Femi Azeez,Midfielder,Brighton,5.5,5,i,0,False,False,0,796,1.0,3,0.0,0.0,0.0,0.0,0.0,0.0,0.0,0.0,0.0,0.0,0.0,0.0,0.0,0.0,0.0,0.0,0.0,0.0,0.0,0.0,0.0,0.5,0.0,6,0.0,19,44,0.5099999904632568,0.0,1.8300000429153442,0.03999999910593033,0.019999999552965164,0.05999999865889549,0.07000000029802322,0.33,0.0,0.0,-0.1
658,Younes Ibrahim,Midfielder,Brighton,4.5,5,a,100,False,False,0,796,1.0,3,0.0,0.0,0.0,0.0,0.0,0.0,0.0,0.0,0.0,0.0,0.0,0.0,0.0,0.0,0.0,0.0,0.0,0.0,0.0,0.0,0.0,0.5,0.0,6,0.0,309,212,0.25,0.0,0.5899999737739563,0.029999999329447746,0.019999999552965164,0.05000000074505806,0.05999999865889549,0.26,0.0,0.08,-0.1
28,Emiliano Martínez Romero,Goalkeeper,Chelsea,5.0,6,a,100,False,False,1,883,1.0,3,2.3333333333333335,1.75,90.0,2.3333333333333335,0.0,0.0,0.0,0.0,0.0,6.666666666666667,39.666666666666664,5.0,0.0,2.0,1.6296296296296298,78.75,0.0,0.0,0.0,2.5,3.0,0.5,0.0,6,4.7,7401,21675,2.2100000381469727,0.05000000074505806,3.2699999809265137,0.0,0.0,0.12999999523162842,0.25999999046325684,2.76,1.0,2.21,-0.1
40,Morgan Rogers,Midfielder,Chelsea,7.7,6,a,100,False,False,1,883,1.0,3,6.333333333333333,6.75,88.66666666666667,6.428571428571428,0.6666666666666666,0.3333333333333333,0.0,0.3333333333333333,27.0,22.0,33.4,0.0,0.3333333333333333,7.125,7.1111111111111125,87.875,0.875,0.125,31.5,18.85,4.0,0.5,1.0,6,40.5,144341,69113,4.550000190734863,1.5499999523162842,8.569999694824219,0.25,0.4300000071525574,0.10999999940395355,0.2800000011920929,4.89,0.99,4.52,-0.1
101,Jordan Henderson,Midfielder,Chelsea,4.9,6,a,100,False,False,1,883,1.0,3,0.0,0.0,0.0,0.0,0.0,0.0,0.0,0.0,0.0,0.0,0.0,0.0,0.0,0.0,0.0,0.0,0.0,0.0,0.0,0.0,0.0,0.5,0.0,6,0.0,505,150,0.25999999046325684,0.0,0.8399999737739563,0.029999999329447746,0.019999999552965164,0.05000000074505806,0.05999999865889549,0.25,0.0,0.08,-0.1
136,Danny Welbeck,Forward,Chelsea,5.9,6,a,100,False,False,1,883,1.0,3,0.6666666666666666,0.5,5.0,12.0,0.0,0.0,0.0,0.0,2.0,3.6333333333333333,2.4,0.0,0.0,0.75,0.5555555555555556,6.75,0.0,0.0,2.5,5.375,2.0,0.5,0.0,6,1.0,7357,9135,1.899999976158142,0.0,3.119999885559082,0.20000000298023224,0.05000000074505806,0.1599999964237213,0.15000000596046448,2.1,0.132,0.75,-0.1
140,Robert Lynch Sánchez,Goalkeeper,Chelsea,4.9,6,u,0,False,False,1,883,1.0,3,0.0,0.5,0.0,0.0,0.0,0.0,0.0,0.0,0.0,0.0,0.0,0.0,0.0,0.25,0.5925925925925928,11.25,0.0,0.0,0.0,0.0,1.0,0.5,0.0,6,0.7,0,4752,0.09000000357627869,0.0,0.7599999904632568,0.0,0.0,0.029999999329447746,0.05999999865889549,0.06,0.0,0.0,-0.1
141,Filip Jörgensen,Goalkeeper,Chelsea,5.0,6,u,0,False,False,1,883,1.0,3,0.0,0.0,0.0,0.0,0.0,0.0,0.0,0.0,0.0,0.0,0.0,0.0,0.0,0.0,0.0,0.0,0.0,0.0,0.0,0.0,0.0,0.5,0.0,6,0.0,0,30,0.44999998807907104,0.0,3.5999999046325684,0.0,0.0,0.05999999865889549,0.05999999865889549,0.06,0.0,0.0,-0.1
142,Reece James,Defender,Chelsea,5.4,6,d,75,False,False,1,883,1.0,3,1.0,0.75,67.33333333333333,1.3366336633663367,0.0,0.0,0.0,0.0,10.0,8.6,10.933333333333332,0.0,0.0,0.875,0.7037037037037037,81.5,0.0,0.0,13.375,11.100000000000001,4.0,0.5,0.0,6,5.8,605,76691,1.909999966621399,0.0,5.46999979019165,0.05000000074505806,0.019999999552965164,0.10999999940395355,0.15000000596046448,2.97,0.816,1.25,-0.1
143,Trevoh Chalobah,Defender,Chelsea,5.5,6,u,0,False,False,1,883,1.0,3,0.0,0.0,0.0,0.0,0.0,0.0,0.0,0.0,0.0,0.0,0.0,0.0,0.0,0.0,0.0,0.0,0.0,0.0,0.0,0.0,0.0,0.5,0.0,6,0.1,0,307,1.590000033378601,0.0,4.010000228881836,0.019999999552965164,0.029999999329447746,0.10999999940395355,0.10999999940395355,0.32,0.0,0.0,-0.1
144,Malo Gusto,Defender,Chelsea,4.9,6,a,100,False,False,1,883,1.0,3,1.0,1.0,65.66666666666667,1.3705583756345177,0.0,0.0,0.0,0.0,2.3333333333333335,9.133333333333333,8.266666666666667,0.0,0.0,1.0,1.0,66.625,0.0,0.0,4.0,13.8125,4.0,0.5,0.0,6,1.0,1551,6797,1.0800000429153442,0.0,4.480000019073486,0.019999999552965164,0.019999999552965164,0.10999999940395355,0.05999999865889549,2.7,0.802,0.93,-0.1
145,Wesley Fofana,Defender,Chelsea,5.0,6,a,100,False,False,1,883,1.0,3,1.3333333333333333,1.0,80.66666666666667,1.4876033057851237,0.0,0.0,0.0,0.0,1.3333333333333333,9.466666666666667,25.866666666666664,0.0,0.3333333333333333,1.25,1.0,73.375,0.0,0.0,2.0,8.1625,3.0,0.5,0.0,6,0.2,2422,1271,1.8700000047683716,0.05000000074505806,5.239999771118164,0.019999999552965164,0.10999999940395355,0.10999999940395355,0.07999999821186066,2.97,0.926,1.77,-0.1
146,Benoît Badiashile Mukinayi,Defender,Chelsea,4.5,6,u,0,False,False,1,883,1.0,3,0.0,0.0,0.0,0.0,0.0,0.0,0.0,0.0,0.0,0.0,0.0,0.0,0.0,0.0,0.0,0.0,0.0,0.0,0.0,0.0,0.0,0.5,0.0,6,0.0,0,43,0.5400000214576721,0.0,1.7699999809265137,0.019999999552965164,0.019999999552965164,0.10999999940395355,0.029999999329447746,0.21,0.0,0.0,-0.1
148,Jorrel Hato,Defender,Chelsea,4.5,6,a,100,False,False,1,883,1.0,3,2.3333333333333335,2.0,64.66666666666667,3.2474226804123707,0.0,0.6666666666666666,0.0,0.0,1.3333333333333333,11.6,22.866666666666664,0.0,0.0,1.375,1.5555555555555558,56.5,0.0,0.375,2.875,8.375,4.0,0.5,0.0,6,0.8,796,7241,1.559999942779541,0.05000000074505806,5.199999809265137,0.019999999552965164,0.07999999821186066,0.10999999940395355,0.05999999865889549,2.87,0.793,1.33,-0.1
149,Levi Samuels Colwill,Defender,Chelsea,4.8,6,a,100,False,False,1,883,1.0,3,0.6666666666666666,0.5,53.666666666666664,1.1180124223602483,0.0,0.0,0.0,0.0,1.3333333333333333,4.2,13.333333333333334,0.0,0.0,0.625,0.4814814814814815,65.125,0.0,0.0,2.875,6.35,3.0,0.5,0.0,6,0.9,1038,5323,1.190000057220459,0.0,4.420000076293945,0.019999999552965164,0.019999999552965164,0.10999999940395355,0.05000000074505806,1.23,0.696,0.94,-0.1
150,Mamadou Sarr,Defender,Chelsea,4.5,6,u,0,False,False,1,883,1.0,3,0.0,0.0,0.0,0.0,0.0,0.0,0.0,0.0,0.0,0.0,0.0,0.0,0.0,0.0,0.0,0.0,0.0,0.0,0.0,0.0,0.0,0.5,0.0,6,0.0,0,166,0.5400000214576721,0.0,1.7699999809265137,0.019999999552965164,0.019999999552965164,0.10999999940395355,0.029999999329447746,0.21,0.0,0.0,-0.1
151,Josh Acheampong,Defender,Chelsea,4.5,6,a,100,False,False,1,883,1.0,3,0.6666666666666666,1.25,37.333333333333336,1.607142857142857,0.0,0.0,0.0,0.0,1.3333333333333333,0.6333333333333334,2.8000000000000003,0.0,0.0,0.75,1.2592592592592595,36.5,0.0,0.0,1.25,0.7375,3.0,0.5,0.0,6,0.3,407,1911,0.8100000023841858,0.0,2.8499999046325684,0.019999999552965164,0.019999999552965164,0.10999999940395355,0.029999999329447746,1.2,0.54,0.55,-0.1
152,Marco Palestra,Defender,Chelsea,5.3,6,d,50,False,False,1,883,1.0,3,0.0,0.0,0.0,0.0,0.0,0.0,0.0,0.0,0.0,0.0,0.0,0.0,0.0,0.0,0.0,0.0,0.0,0.0,0.0,0.0,0.0,0.5,-1.0,6,0.6,215,3742,0.6600000262260437,0.0,1.8700000047683716,0.019999999552965164,0.019999999552965164,0.10999999940395355,0.05999999865889549,0.24,0.0,0.1,-0.1
154,Cole Palmer,Midfielder,Chelsea,9.7,6,d,75,False,False,1,883,1.0,3,4.333333333333333,6.5,90.0,4.333333333333333,0.3333333333333333,0.3333333333333333,0.0,0.0,23.333333333333332,26.233333333333334,22.133333333333336,0.0,0.3333333333333333,5.25,6.777777777777779,89.0,0.25,0.625,24.0,31.075,4.0,0.5,0.0,6,25.7,47577,163956,5.619999885559082,1.5,10.350000381469727,0.14000000059604645,0.550000011920929,0.10999999940395355,0.46000000834465027,4.9,1.0,4.21,-0.1
156,Pedro Lomba Neto,Midfielder,Chelsea,6.5,6,a,100,False,False,1,883,1.0,3,3.6666666666666665,3.0,77.33333333333333,4.267241379310344,0.3333333333333333,0.0,0.0,0.0,26.333333333333332,26.900000000000002,22.400000000000002,0.0,0.0,2.5,2.4444444444444446,72.625,0.125,0.0,22.25,25.3125,4.0,0.5,0.0,6,1.4,5017,9501,4.960000038146973,0.9100000262260437,8.0,0.2199999988079071,0.20999999344348907,0.07999999821186066,0.27000001072883606,4.1,0.899,4.61,-0.1
157,Estêvão Almeida de Oliveira Gonçalves,Midfielder,Chelsea,6.3,6,a,100,False,False,1,883,1.0,3,0.6666666666666666,0.75,4.333333333333333,13.846153846153847,0.0,0.0,0.0,0.0,12.666666666666666,0.3,2.733333333333333,0.0,0.0,0.875,0.8518518518518521,5.125,0.0,0.0,14.75,0.4,3.0,0.5,-1.0,6,0.7,1727,4284,1.149999976158142,0.019999999552965164,2.759999990463257,0.09000000357627869,0.029999999329447746,0.05000000074505806,0.07999999821186066,1.64,0.12,0.44,-0.1
158,Jamie Bynoe-Gittens,Midfielder,Chelsea,5.8,6,d,75,False,False,1,883,1.0,3,0.0,0.0,0.0,0.0,0.0,0.0,0.0,0.0,0.0,0.0,0.0,0.0,0.0,0.0,0.0,0.0,0.0,0.0,0.0,0.0,0.0,0.5,0.0,6,0.0,152,247,0.46000000834465027,0.0,1.649999976158142,0.05000000074505806,0.019999999552965164,0.05999999865889549,0.07999999821186066,0.37,0.0,0.1,-0.1
159,Moisés Caicedo Corozo,Midfielder,Chelsea,5.3,6,d,50,False,False,1,883,1.0,3,0.3333333333333333,0.25,4.333333333333333,6.923076923076923,0.0,0.0,0.0,0.0,0.0,0.03333333333333333,0.0,0.0,0.0,0.125,0.14814814814814817,1.625,0.0,0.0,0.0,0.0125,1.0,0.5,-1.0,6,1.0,406,8761,0.44999998807907104,0.0,1.0199999809265137,0.029999999329447746,0.019999999552965164,0.05000000074505806,0.05999999865889549,1.26,0.12,0.09,-0.1
161,Roméo Lavia,Midfielder,Chelsea,5.0,6,a,100,False,False,1,883,1.0,3,3.3333333333333335,2.75,64.66666666666667,4.639175257731958,0.3333333333333333,0.0,0.0,0.0,11.0,2.4,17.400000000000002,0.0,0.0,2.25,2.2222222222222223,65.125,0.125,0.0,8.25,5.6625,4.0,0.5,0.0,6,0.2,421,2421,2.6700000762939453,0.46000000834465027,6.480000019073486,0.03999999910593033,0.03999999910593033,0.05999999865889549,0.05999999865889549,2.45,0.793,2.28,-0.1
163,Dário Luís Essugo,Midfielder,Chelsea,4.5,6,u,0,False,False,1,883,1.0,3,0.0,0.0,0.0,0.0,0.0,0.0,0.0,0.0,0.0,0.0,0.0,0.0,0.0,0.0,0.0,0.0,0.0,0.0,0.0,0.0,0.0,0.5,0.0,6,0.1,0,710,0.25,0.0,0.5899999737739563,0.029999999329447746,0.019999999552965164,0.05000000074505806,0.05999999865889549,0.25,0.0,0.0,-0.1
164,Geovany Quenda,Midfielder,Chelsea,5.3,6,a,100,False,False,1,883,1.0,3,0.0,0.25,0.0,0.0,0.0,0.0,0.0,0.0,0.0,0.0,0.0,0.0,0.0,0.125,0.2962962962962964,1.0,0.0,0.0,0.25,0.0375,1.0,0.5,-1.0,6,0.0,71,177,0.3100000023841858,0.0,0.8899999856948853,0.029999999329447746,0.019999999552965164,0.05999999865889549,0.05999999865889549,0.26,0.0,0.09,-0.1
165,João Pedro Junqueira de Jesus,Forward,Chelsea,7.7,6,d,75,False,False,1,883,1.0,3,7.333333333333333,8.25,90.0,7.333333333333333,0.6666666666666666,0.6666666666666666,0.0,1.6666666666666667,28.666666666666668,22.333333333333332,35.73333333333333,0.0,0.3333333333333333,8.75,8.814814814814817,90.0,0.75,0.75,28.125,20.737499999999997,4.0,0.5,1.0,6,65.2,61153,388500,5.449999809265137,0.05000000074505806,7.5,0.36000001430511475,0.12999999523162842,0.05999999865889549,0.14000000059604645,3.98,1.0,4.09,-0.1
168,Marc Guiu Paz,Forward,Chelsea,5.0,6,u,0,False,False,1,883,1.0,3,0.0,0.0,0.0,0.0,0.0,0.0,0.0,0.0,0.0,0.0,0.0,0.0,0.0,0.0,0.0,0.0,0.0,0.0,0.0,0.0,0.0,0.5,0.0,6,0.2,0,1517,0.3199999928474426,0.0,0.8500000238418579,0.09000000357627869,0.05000000074505806,0.05000000074505806,0.15000000596046448,0.65,0.0,0.0,-0.1
169,Shumaira Mheuka,Forward,Chelsea,4.5,6,a,100,False,False,1,883,1.0,3,0.0,0.0,0.0,0.0,0.0,0.0,0.0,0.0,0.0,0.0,0.0,0.0,0.0,0.0,0.0,0.0,0.0,0.0,0.0,0.0,0.0,0.5,0.0,6,0.5,4424,3462,0.27000001072883606,0.0,0.44999998807907104,0.09000000357627869,0.05000000074505806,0.05000000074505806,0.15000000596046448,0.65,0.0,0.08,-0.1
170,Emmanuel Emegha,Forward,Chelsea,4.9,6,i,0,False,False,1,883,1.0,3,0.0,0.0,0.0,0.0,0.0,0.0,0.0,0.0,0.0,0.0,0.0,0.0,0.0,0.0,0.0,0.0,0.0,0.0,0.0,0.0,0.0,0.5,0.0,6,0.1,74,1072,0.3100000023841858,0.0,0.5600000023841858,0.09000000357627869,0.05000000074505806,0.05000000074505806,0.15000000596046448,0.65,0.0,0.0,-0.1
200,Maxence Lacroix,Defender,Chelsea,5.9,6,a,100,False,False,1,883,1.0,3,1.3333333333333333,2.5,61.333333333333336,1.9565217391304348,0.0,0.0,0.0,0.0,2.6666666666666665,0.46666666666666673,14.200000000000001,0.0,0.3333333333333333,1.875,2.703703703703704,47.0,0.0,0.125,1.5,1.7374999999999998,4.0,0.5,0.0,6,6.8,7646,28791,2.200000047683716,0.0,5.619999885559082,0.019999999552965164,0.029999999329447746,0.10999999940395355,0.10000000149011612,2.77,0.765,1.84,-0.1
560,Mike Penders,Goalkeeper,Chelsea,4.4,6,a,100,False,False,1,883,1.0,3,0.0,0.0,0.0,0.0,0.0,0.0,0.0,0.0,0.0,0.0,0.0,0.0,0.0,0.0,0.0,0.0,0.0,0.0,0.0,0.0,0.0,0.5,0.0,6,0.1,242,293,0.029999999329447746,0.0,0.10000000149011612,0.0,0.0,0.019999999552965164,0.029999999329447746,0.03,0.0,0.01,-0.1
561,Aaron Anselmino,Defender,Chelsea,4.5,6,a,100,False,False,1,883,1.0,3,0.0,0.0,0.0,0.0,0.0,0.0,0.0,0.0,0.0,0.0,0.0,0.0,0.0,0.0,0.0,0.0,0.0,0.0,0.0,0.0,0.0,0.5,0.0,6,0.0,63,102,0.5400000214576721,0.0,1.7699999809265137,0.019999999552965164,0.019999999552965164,0.10999999940395355,0.029999999329447746,0.21,0.0,0.16,-0.1
568,Valentín Barco,Midfielder,Chelsea,5.4,6,a,100,False,False,1,883,1.0,3,0.3333333333333333,0.25,9.666666666666666,3.103448275862069,0.0,0.0,0.0,0.0,2.0,0.9666666666666667,0.5333333333333333,0.0,0.3333333333333333,0.125,0.14814814814814817,11.5,0.0,0.0,1.5,1.45,2.0,0.5,-1.0,6,0.1,228,440,0.9599999785423279,0.0,1.690000057220459,0.029999999329447746,0.019999999552965164,0.05999999865889549,0.05999999865889549,1.27,0.21,0.43,-0.1
583,Pep Chavarría,Defender,Chelsea,4.9,6,a,100,False,False,1,883,1.0,3,1.0,1.0,31.0,2.903225806451613,0.0,0.0,0.0,0.0,2.0,1.3333333333333333,3.6,0.0,0.0,1.0,1.0,35.375,0.0,0.0,2.25,1.4125,4.0,0.5,0.0,6,0.1,402,534,0.800000011920929,0.0,2.9000000953674316,0.019999999552965164,0.019999999552965164,0.10999999940395355,0.029999999329447746,1.21,0.474,0.51,-0.1
662,Mahdi Nicoll-Jazuli,Midfielder,Chelsea,4.5,6,a,100,False,False,1,883,1.0,3,,,,0.0,,,,,,,,,,,,,,,,,,,0.0,6,0.0,332,72,0.41999998688697815,0.03999999910593033,1.0399999618530273,0.029999999329447746,0.019999999552965164,0.07000000029802322,0.05999999865889549,0.28,,,-0.1
91,Ethan Pinnock,Defender,Coventry City,4.5,7,a,100,False,False,1,747,1.0,3,2.0,1.5,64.0,2.8125,0.0,0.0,0.0,0.0,3.3333333333333335,0.4666666666666666,13.333333333333334,0.0,0.3333333333333333,1.875,1.4814814814814816,69.0,0.0,0.0,3.5,0.4375,3.0,0.75,0.0,6,0.1,377,225,1.6200000047683716,0.0,5.099999904632568,0.019999999552965164,0.03999999910593033,0.10999999940395355,0.05000000074505806,2.74,0.788,1.38,-0.1
104,Frank Onyeka,Midfielder,Coventry City,4.9,7,a,100,False,False,1,747,1.0,3,1.3333333333333333,1.5,44.666666666666664,2.6865671641791042,0.0,0.0,0.0,0.0,7.0,0.43333333333333335,2.1999999999999997,0.0,0.0,1.75,1.7037037037037042,62.75,0.0,0.0,10.5,0.75,3.0,0.5,0.0,6,0.1,171,442,2.1600000858306885,0.3100000023841858,4.300000190734863,0.10999999940395355,0.07000000029802322,0.09000000357627869,0.05999999865889549,1.81,0.612,1.57,-0.1
110,Carl Rushworth,Goalkeeper,Coventry City,4.5,7,a,100,False,False,1,747,1.0,3,1.3333333333333333,1.25,90.0,1.3333333333333333,0.0,0.0,0.0,0.0,0.0,0.0,15.800000000000002,1.6666666666666667,0.0,0.875,1.0370370370370374,90.0,0.0,0.0,0.0,0.0,4.0,0.5,0.0,6,0.8,2506,5850,4.300000190734863,0.0,6.460000038146973,0.0,0.0,0.5099999904632568,0.15000000596046448,4.18,1.0,4.3,-0.1
171,Oliver Dovin,Goalkeeper,Coventry City,4.0,7,u,0,False,False,1,747,1.0,3,0.0,0.0,0.0,0.0,0.0,0.0,0.0,0.0,0.0,0.0,0.0,0.0,0.0,0.0,0.0,0.0,0.0,0.0,0.0,0.0,0.0,0.5,0.0,6,1.0,0,4656,0.029999999329447746,0.0,0.10000000149011612,0.0,0.0,0.019999999552965164,0.029999999329447746,0.03,0.0,0.0,-0.1
172,Ben Wilson,Goalkeeper,Coventry City,4.4,7,a,100,False,False,1,747,1.0,3,0.0,0.0,0.0,0.0,0.0,0.0,0.0,0.0,0.0,0.0,0.0,0.0,0.0,0.0,0.0,0.0,0.0,0.0,0.0,0.0,0.0,0.5,-1.0,6,0.4,234,656,0.029999999329447746,0.0,0.10000000149011612,0.0,0.0,0.019999999552965164,0.029999999329447746,0.03,0.0,0.01,-0.1
173,Bobby Thomas,Defender,Coventry City,4.0,7,a,100,False,False,1,747,1.0,3,4.0,3.75,85.66666666666667,4.202334630350195,0.0,0.0,0.3333333333333333,0.6666666666666666,15.666666666666666,7.3,14.799999999999999,0.0,0.0,2.375,2.9629629629629632,88.375,0.0,0.0,17.625,6.8875,4.0,0.5,0.0,6,8.5,25457,31230,1.7599999904632568,0.0,6.800000190734863,0.029999999329447746,0.019999999552965164,0.10999999940395355,0.14000000059604645,2.81,0.966,1.72,-0.1
174,Liam Kitching,Defender,Coventry City,4.0,7,u,0,False,False,1,747,1.0,3,0.0,0.0,0.0,0.0,0.0,0.0,0.0,0.0,0.0,0.0,0.0,0.0,0.0,0.0,0.0,0.0,0.0,0.0,0.0,0.0,0.0,0.5,0.0,6,0.3,0,1782,0.30000001192092896,0.0,0.30000001192092896,0.019999999552965164,0.019999999552965164,0.10999999940395355,0.029999999329447746,0.2,0.0,0.0,-0.1
175,Milan van Ewijk,Defender,Coventry City,4.0,7,d,75,False,False,1,747,1.0,3,1.6666666666666667,1.5,90.0,1.666666666666667,0.0,0.0,0.0,0.0,4.0,16.900000000000002,17.0,0.0,0.3333333333333333,1.125,1.2592592592592595,90.0,0.0,0.0,3.5,11.587499999999999,4.0,0.5,0.0,6,8.7,1154,74791,1.899999976158142,0.0,4.929999828338623,0.019999999552965164,0.019999999552965164,0.10999999940395355,0.09000000357627869,2.71,1.0,1.42,-0.1
176,Jay Dasilva,Defender,Coventry City,4.0,7,a,100,False,False,1,747,1.0,3,1.3333333333333333,1.25,88.0,1.3636363636363635,0.0,0.0,0.0,0.0,5.666666666666667,16.066666666666666,16.6,0.0,0.0,0.875,1.0370370370370374,88.5,0.0,0.0,2.125,18.1125,4.0,0.5,0.0,6,0.7,6138,1710,1.6799999475479126,0.0,4.829999923706055,0.019999999552965164,0.019999999552965164,0.10999999940395355,0.09000000357627869,2.72,0.984,1.66,-0.1
177,Kaine Kesler-Hayden,Defender,Coventry City,3.9,7,i,0,False,False,1,747,1.0,3,0.0,0.0,0.0,0.0,0.0,0.0,0.0,0.0,0.0,0.0,0.0,0.0,0.0,0.0,0.0,0.0,0.0,0.0,0.0,0.0,0.0,0.5,0.0,6,0.0,1009,560,0.30000001192092896,0.0,0.30000001192092896,0.019999999552965164,0.019999999552965164,0.10999999940395355,0.029999999329447746,0.2,0.0,0.0,-0.1
178,Jake Bidwell,Defender,Coventry City,4.0,7,a,100,False,False,1,747,1.0,3,0.0,0.0,0.0,0.0,0.0,0.0,0.0,0.0,0.0,0.0,0.0,0.0,0.0,0.0,0.0,0.0,0.0,0.0,0.0,0.0,0.0,0.5,0.0,6,0.1,180,297,0.30000001192092896,0.0,0.30000001192092896,0.019999999552965164,0.019999999552965164,0.10999999940395355,0.029999999329447746,0.2,0.0,0.09,-0.1
179,Joel Latibeaudiere,Defender,Coventry City,4.0,7,a,100,False,False,1,747,1.0,3,0.0,0.0,0.0,0.0,0.0,0.0,0.0,0.0,0.0,0.0,0.0,0.0,0.0,0.0,0.0,0.0,0.0,0.0,0.0,0.0,0.0,0.5,0.0,6,0.0,73,134,0.30000001192092896,0.0,0.30000001192092896,0.019999999552965164,0.019999999552965164,0.10999999940395355,0.029999999329447746,0.2,0.0,0.09,-0.1
180,Luke Woolfenden,Defender,Coventry City,4.0,7,i,0,False,False,1,747,1.0,3,0.0,0.0,0.0,0.0,0.0,0.0,0.0,0.0,0.0,0.0,0.0,0.0,0.0,0.0,0.0,0.0,0.0,0.0,0.0,0.0,0.0,0.5,0.0,6,0.1,27,494,0.30000001192092896,0.0,0.30000001192092896,0.019999999552965164,0.019999999552965164,0.10999999940395355,0.029999999329447746,0.2,0.0,0.0,-0.1
181,Miguel Brau,Defender,Coventry City,4.0,7,u,0,False,False,1,747,1.0,3,0.0,0.0,0.0,0.0,0.0,0.0,0.0,0.0,0.0,0.0,0.0,0.0,0.0,0.0,0.0,0.0,0.0,0.0,0.0,0.0,0.0,0.5,0.0,6,0.0,0,97,0.30000001192092896,0.0,0.30000001192092896,0.019999999552965164,0.019999999552965164,0.10999999940395355,0.029999999329447746,0.2,0.0,0.0,-0.1
182,Aurèle Amenda,Defender,Coventry City,4.0,7,i,0,False,False,1,747,1.0,3,1.0,1.0,90.0,1.0,0.0,0.0,0.0,0.0,5.0,4.566666666666667,11.333333333333334,0.0,0.3333333333333333,0.75,0.8888888888888891,90.0,0.0,0.0,4.125,5.8375,4.0,0.5,0.0,6,0.6,34,6694,1.690000057220459,0.0,5.289999961853027,0.029999999329447746,0.009999999776482582,0.10999999940395355,0.10000000149011612,2.78,1.0,0.0,-0.1
183,Jack Rudoni,Midfielder,Coventry City,4.9,7,a,100,False,False,1,747,1.0,3,2.3333333333333335,2.0,68.0,3.088235294117647,0.0,0.0,0.3333333333333333,0.0,20.666666666666668,37.233333333333334,10.666666666666666,0.0,0.0,2.0,1.851851851851852,62.75,0.0,0.0,23.375,38.8125,4.0,0.5,-1.0,6,0.1,880,658,2.740000009536743,0.9700000286102295,6.550000190734863,0.09000000357627869,0.10999999940395355,0.14000000059604645,0.17000000178813934,3.07,0.822,2.4,-0.1
184,Matt Grimes,Midfielder,Coventry City,4.9,7,a,100,False,False,1,747,1.0,3,2.0,2.0,87.66666666666667,2.053231939163498,0.0,0.0,0.0,0.0,1.6666666666666667,9.666666666666666,12.800000000000002,0.0,0.0,2.0,2.0,86.5,0.0,0.0,1.5,6.549999999999999,4.0,0.5,-1.0,6,0.1,180,846,2.240000009536743,0.550000011920929,3.359999895095825,0.03999999910593033,0.05999999865889549,0.12999999523162842,0.05999999865889549,2.56,0.982,2.21,-0.1
185,Tatsuhiro Sakamoto,Midfielder,Coventry City,4.8,7,a,100,False,False,1,747,1.0,3,0.3333333333333333,0.25,10.333333333333334,2.903225806451613,0.0,0.0,0.0,0.0,2.3333333333333335,1.9666666666666668,2.066666666666667,0.0,0.0,0.125,0.14814814814814817,3.875,0.0,0.0,0.875,0.7375,1.0,0.5,-1.0,6,0.1,126,376,0.8999999761581421,0.0,1.5399999618530273,0.029999999329447746,0.019999999552965164,0.05000000074505806,0.05999999865889549,1.26,0.22,0.41,-0.1
186,Ephron Mason-Clark,Midfielder,Coventry City,5.3,7,a,100,False,False,1,747,1.0,3,1.3333333333333333,1.0,62.0,1.9354838709677418,0.0,0.0,0.0,0.0,15.333333333333334,5.933333333333334,3.4,0.0,0.0,1.125,0.925925925925926,54.125,0.0,0.0,22.5,2.7,3.0,0.5,0.0,6,0.1,71,358,2.8499999046325684,0.3400000035762787,5.989999771118164,0.10999999940395355,0.05000000074505806,0.17000000178813934,0.05999999865889549,2.94,0.77,2.39,-0.1
187,Josh Eccles,Midfielder,Coventry City,4.8,7,i,0,False,False,1,747,1.0,3,0.0,0.0,0.0,0.0,0.0,0.0,0.0,0.0,0.0,0.0,0.0,0.0,0.0,0.0,0.0,0.0,0.0,0.0,0.0,0.0,0.0,0.5,0.0,6,0.0,17,89,0.25999999046325684,0.0,0.7300000190734863,0.029999999329447746,0.019999999552965164,0.05000000074505806,0.05999999865889549,0.26,0.0,0.0,-0.1
188,Victor Torp,Midfielder,Coventry City,5.3,7,a,100,False,False,1,747,1.0,3,0.6666666666666666,0.75,8.333333333333334,7.199999999999999,0.0,0.0,0.0,0.0,0.0,1.3333333333333333,0.13333333333333333,0.0,0.0,0.75,0.7777777777777779,8.875,0.0,0.0,0.0,2.7,3.0,0.5,0.0,6,0.1,43,427,1.2200000286102295,0.0,2.569999933242798,0.029999999329447746,0.019999999552965164,0.05000000074505806,0.05999999865889549,1.28,0.189,0.53,-0.1
189,George Shepherd,Midfielder,Coventry City,4.4,7,a,100,False,False,1,747,1.0,3,0.0,0.0,0.0,0.0,0.0,0.0,0.0,0.0,0.0,0.0,0.0,0.0,0.0,0.0,0.0,0.0,0.0,0.0,0.0,0.0,0.0,0.5,-1.0,6,0.3,4018,2228,0.25999999046325684,0.0,0.49000000953674316,0.029999999329447746,0.019999999552965164,0.05000000074505806,0.05999999865889549,0.26,0.0,0.08,-0.1
190,Loum Tchaouna,Midfielder,Coventry City,5.4,7,a,100,False,False,1,747,1.0,3,0.6666666666666666,1.0,28.333333333333332,2.1176470588235294,0.0,0.0,0.0,0.0,8.666666666666666,14.433333333333332,5.066666666666666,0.0,0.0,0.625,0.9629629629629632,24.125,0.0,0.0,6.25,9.2625,3.0,0.5,0.0,6,0.1,24,339,1.5499999523162842,0.05999999865889549,4.820000171661377,0.029999999329447746,0.029999999329447746,0.10999999940395355,0.05999999865889549,1.33,0.445,0.95,-0.1
191,Raphael Borges Rodrigues,Midfielder,Coventry City,4.5,7,u,0,False,False,1,747,1.0,3,0.0,0.0,0.0,0.0,0.0,0.0,0.0,0.0,0.0,0.0,0.0,0.0,0.0,0.0,0.0,0.0,0.0,0.0,0.0,0.0,0.0,0.5,0.0,6,0.1,0,668,0.25999999046325684,0.0,0.550000011920929,0.029999999329447746,0.019999999552965164,0.05000000074505806,0.05999999865889549,0.26,0.0,0.0,-0.1
192,Kai Andrews,Midfielder,Coventry City,4.5,7,u,0,False,False,1,747,1.0,3,0.0,0.0,0.0,0.0,0.0,0.0,0.0,0.0,0.0,0.0,0.0,0.0,0.0,0.0,0.0,0.0,0.0,0.0,0.0,0.0,0.0,0.5,0.0,6,0.3,0,1936,0.25999999046325684,0.0,0.550000011920929,0.029999999329447746,0.019999999552965164,0.05000000074505806,0.05999999865889549,0.26,0.0,0.0,-0.1
193,Haji Wright,Forward,Coventry City,5.3,7,i,0,False,False,1,747,1.0,3,0.0,0.0,0.0,0.0,0.0,0.0,0.0,0.0,0.0,0.0,0.0,0.0,0.0,0.0,0.0,0.0,0.0,0.0,0.0,0.0,0.0,0.5,0.0,6,0.1,47,538,0.5299999713897705,0.0,1.4500000476837158,0.09000000357627869,0.05999999865889549,0.05999999865889549,0.15000000596046448,0.66,0.0,0.0,-0.1
194,Brandon Thomas-Asante,Forward,Coventry City,5.0,7,a,100,False,False,1,747,1.0,3,1.0,1.25,22.666666666666668,3.9705882352941173,0.0,0.0,0.0,0.0,10.0,0.9333333333333332,3.1333333333333333,0.0,0.0,1.125,1.2962962962962965,25.875,0.0,0.0,13.75,0.7125,4.0,0.5,0.0,6,0.8,7819,5755,2.119999885559082,0.05000000074505806,5.25,0.30000001192092896,0.07999999821186066,0.10999999940395355,0.1899999976158142,2.61,0.381,1.2,-0.1
195,Ellis Simms,Forward,Coventry City,4.9,7,a,100,False,False,1,747,1.0,3,0.3333333333333333,0.75,6.333333333333333,4.7368421052631575,0.0,0.0,0.0,0.0,11.666666666666666,3.3333333333333335,1.6666666666666667,0.0,0.0,0.5,0.814814814814815,13.375,0.0,0.0,9.0,4.0375,2.0,0.5,0.0,6,0.6,1797,5168,0.6499999761581421,0.0,0.9800000190734863,0.07999999821186066,0.05000000074505806,0.05000000074505806,0.15000000596046448,1.62,0.156,0.27,-0.1
196,Jahnoah Markelo,Forward,Coventry City,5.0,7,u,0,False,False,1,747,1.0,3,0.0,0.0,0.0,0.0,0.0,0.0,0.0,0.0,0.0,0.0,0.0,0.0,0.0,0.0,0.0,0.0,0.0,0.0,0.0,0.0,0.0,0.5,0.0,6,0.0,0,60,0.3199999928474426,0.0,0.8500000238418579,0.09000000357627869,0.05000000074505806,0.05000000074505806,0.15000000596046448,0.65,0.0,0.0,-0.1
197,Norman Bassette,Forward,Coventry City,4.5,7,u,0,False,False,1,747,1.0,3,0.0,0.0,0.0,0.0,0.0,0.0,0.0,0.0,0.0,0.0,0.0,0.0,0.0,0.0,0.0,0.0,0.0,0.0,0.0,0.0,0.0,0.5,0.0,6,0.0,0,143,0.27000001072883606,0.0,0.44999998807907104,0.09000000357627869,0.05000000074505806,0.05000000074505806,0.15000000596046448,0.65,0.0,0.0,-0.1
492,Taiwo Awoniyi,Forward,Coventry City,5.4,7,s,0,False,False,1,747,1.0,3,0.6666666666666666,0.75,70.66666666666667,0.8490566037735848,0.0,0.0,0.0,0.0,26.0,14.933333333333335,4.533333333333333,0.0,0.0,-0.125,0.3703703703703708,57.25,0.0,0.0,13.875,11.15,4.0,0.5,0.0,6,0.4,66,4934,1.7300000190734863,0.05000000074505806,5.159999847412109,0.25,0.07999999821186066,0.2199999988079071,0.1899999976158142,3.43,0.844,0.0,-0.1
575,Caleb Yirenkyi,Midfielder,Coventry City,4.8,7,a,100,False,False,1,747,1.0,3,1.6666666666666667,1.5,38.0,3.947368421052632,0.0,0.0,0.3333333333333333,0.0,2.3333333333333335,8.933333333333334,3.466666666666667,0.0,0.0,1.25,1.2962962962962965,31.625,0.0,0.0,0.875,7.7125,4.0,0.5,0.0,6,0.1,288,997,1.5099999904632568,0.0,2.759999990463257,0.029999999329447746,0.019999999552965164,0.07000000029802322,0.05999999865889549,1.29,0.547,1.03,-0.1
584,Gustavo Hamer,Midfielder,Coventry City,5.4,7,a,100,False,False,1,747,1.0,3,0.6666666666666666,0.75,8.0,7.5,0.0,0.0,0.0,0.0,0.0,0.5,0.06666666666666667,0.0,0.0,0.5,0.6666666666666667,4.625,0.0,0.0,0.0,0.225,3.0,0.5,0.0,6,0.1,41,391,0.6899999976158142,0.0,1.3799999952316284,0.029999999329447746,0.019999999552965164,0.05000000074505806,0.05999999865889549,1.28,0.184,0.3,-0.1
599,Sidiki Cherif,Forward,Coventry City,5.0,7,a,100,False,False,1,747,1.0,3,0.3333333333333333,0.25,10.0,3.0,0.0,0.0,0.0,0.0,0.0,0.06666666666666667,0.3333333333333333,0.0,0.0,0.5,0.3333333333333333,15.0,0.0,0.0,0.0,0.1,1.0,0.5,0.0,6,0.1,518,743,0.3199999928474426,0.0,0.8500000238418579,0.09000000357627869,0.05000000074505806,0.05000000074505806,0.15000000596046448,1.65,0.215,0.14,-0.1
623,Dan Bentley,Goalkeeper,Coventry City,4.0,7,a,100,False,False,1,747,1.0,3,0.0,0.0,0.0,0.0,0.0,0.0,0.0,0.0,0.0,0.0,0.0,0.0,0.0,0.0,0.0,0.0,0.0,0.0,0.0,0.0,0.0,0.6666666666666666,0.0,6,0.6,7953,2269,0.029999999329447746,0.0,0.10000000149011612,0.0,0.0,0.019999999552965164,0.029999999329447746,0.03,0.0,0.01,-0.1
655,Yann Gboho,Midfielder,Coventry City,5.5,7,a,100,False,False,1,747,1.0,3,0.0,0.0,0.0,0.0,0.0,0.0,0.0,0.0,0.0,0.0,0.0,0.0,0.0,0.0,0.0,0.0,0.0,0.0,0.0,0.0,0.0,1.0,0.0,6,0.0,68,52,0.5400000214576721,0.0,1.8300000429153442,0.03999999910593033,0.019999999552965164,0.05999999865889549,0.07999999821186066,0.34,0.0,0.16,-0.1
656,Stephen Mfuni,Defender,Coventry City,4.0,7,a,100,False,False,1,747,1.0,3,0.0,0.0,0.0,0.0,0.0,0.0,0.0,0.0,0.0,0.0,0.0,0.0,0.0,0.0,0.0,0.0,0.0,0.0,0.0,0.0,0.0,1.0,0.0,6,0.1,1819,843,0.30000001192092896,0.0,0.30000001192092896,0.019999999552965164,0.019999999552965164,0.10999999940395355,0.029999999329447746,0.2,0.0,0.09,-0.1
42,Evann Guessand,Midfielder,Crystal Palace,5.4,8,a,100,False,False,1,795,1.0,3,0.3333333333333333,0.5,9.0,3.333333333333333,0.0,0.0,0.0,0.0,0.0,0.09999999999999999,0.7333333333333334,0.0,0.0,0.25,0.44444444444444453,6.75,0.0,0.0,0.875,0.2625,2.0,0.5,-1.0,6,0.0,107,262,0.6100000143051147,0.0,1.3700000047683716,0.029999999329447746,0.019999999552965164,0.05999999865889549,0.05999999865889549,1.27,0.2,0.27,-0.1
153,Axel Disasi,Defender,Crystal Palace,4.5,8,s,0,False,False,1,795,1.0,3,0.3333333333333333,0.25,46.333333333333336,0.6474820143884892,0.0,0.0,0.0,0.0,0.6666666666666666,4.466666666666667,11.6,0.0,0.0,-0.625,-0.185185185185185,41.0,0.0,0.0,0.5,3.375,3.0,0.5,0.0,6,0.1,26,752,1.149999976158142,0.0,3.7300000190734863,0.019999999552965164,0.019999999552965164,0.10999999940395355,0.07999999821186066,1.25,0.628,0.0,-0.1
198,Dean Henderson,Goalkeeper,Crystal Palace,5.0,8,i,0,False,False,1,795,1.0,3,1.0,1.25,60.0,1.5,0.0,0.0,0.0,0.0,0.0,0.0,22.866666666666664,3.0,0.0,0.875,1.1851851851851856,45.0,0.0,0.0,0.0,0.0,3.0,0.5,0.0,6,1.3,142,10874,2.890000104904175,0.0,4.989999771118164,0.0,0.0,0.20000000298023224,0.17000000178813934,2.99,0.753,0.0,-0.1
199,Walter Benítez,Goalkeeper,Crystal Palace,4.5,8,a,100,False,False,1,795,1.0,3,0.6666666666666666,0.5,30.0,1.9999999999999998,0.0,0.0,0.0,0.0,0.0,0.0,6.266666666666667,1.0,0.0,1.0,0.6666666666666666,45.0,0.0,0.0,0.0,0.0,1.0,0.5,0.0,6,0.1,659,363,0.17000000178813934,0.0,1.4900000095367432,0.0,0.0,0.019999999552965164,0.10999999940395355,1.11,0.463,0.11,-0.1
202,Chris Richards,Defender,Crystal Palace,5.0,8,a,100,False,False,1,795,1.0,3,1.0,1.5,90.0,1.0,0.0,0.0,0.0,0.0,8.0,2.1666666666666665,22.066666666666666,0.0,0.3333333333333333,1.625,1.7777777777777781,90.0,0.0,0.0,3.875,3.1750000000000003,4.0,0.5,0.0,6,0.6,1548,2138,2.0899999141693115,0.05000000074505806,5.829999923706055,0.019999999552965164,0.019999999552965164,0.10999999940395355,0.17000000178813934,2.8,1.0,2.09,-0.1
203,Jaydee Canvot,Defender,Crystal Palace,4.8,8,a,100,False,False,1,795,1.0,3,0.3333333333333333,0.5,60.0,0.49999999999999994,0.0,0.0,0.0,0.0,0.0,0.7999999999999999,11.933333333333332,0.0,0.0,0.375,0.5185185185185187,45.0,0.0,0.0,0.625,1.25,3.0,0.5,0.0,6,0.2,383,842,1.4500000476837158,0.05000000074505806,4.829999923706055,0.019999999552965164,0.019999999552965164,0.10999999940395355,0.07999999821186066,2.7,0.753,1.2,-0.1
204,Tyrick Mitchell,Defender,Crystal Palace,4.5,8,a,100,False,False,1,795,1.0,3,5.333333333333333,4.25,79.66666666666667,6.02510460251046,0.6666666666666666,0.0,0.0,0.6666666666666666,18.0,16.8,32.46666666666667,0.0,0.0,4.375,3.9629629629629637,78.75,0.5,0.0,12.875,16.150000000000002,4.0,0.5,0.0,6,6.1,13849,15656,2.690000057220459,0.05000000074505806,7.429999828338623,0.019999999552965164,0.25,0.10999999940395355,0.30000001192092896,3.64,0.918,2.54,-0.1
205,Borna Sosa,Defender,Crystal Palace,4.5,8,u,0,False,False,1,795,1.0,3,0.0,0.0,0.0,0.0,0.0,0.0,0.0,0.0,0.0,0.0,0.0,0.0,0.0,0.0,0.0,0.0,0.0,0.0,0.0,0.0,0.0,0.5,0.0,6,0.0,0,102,0.5699999928474426,0.0,1.8700000047683716,0.019999999552965164,0.019999999552965164,0.10999999940395355,0.029999999329447746,0.21,0.0,0.0,-0.1
206,Chadi Riad Dnanou,Defender,Crystal Palace,4.3,8,i,0,False,False,1,795,1.0,3,0.0,0.25,0.0,0.0,0.0,0.0,0.0,0.0,0.0,0.0,0.0,0.0,0.0,0.125,0.2962962962962964,9.0,0.0,0.0,0.0,0.1625,1.0,0.5,0.0,6,0.0,25,120,0.8100000023841858,0.0,1.75,0.019999999552965164,0.019999999552965164,0.10999999940395355,0.029999999329447746,0.21,0.0,0.0,-0.1
207,Oscar Mingueza,Defender,Crystal Palace,4.4,8,a,100,False,False,1,795,1.0,3,0.6666666666666666,0.5,5.333333333333333,11.25,0.0,0.0,0.0,0.0,0.0,0.13333333333333333,1.0666666666666667,0.0,0.0,0.375,0.3703703703703704,2.125,0.0,0.0,0.0,0.0875,2.0,0.5,0.0,6,0.1,75,275,0.8600000143051147,0.0,2.5,0.019999999552965164,0.019999999552965164,0.11999999731779099,0.029999999329447746,1.2,0.138,0.34,-0.1
208,Ismaïla Sarr,Midfielder,Crystal Palace,6.2,8,a,100,False,False,1,795,1.0,3,0.0,0.0,0.0,0.0,0.0,0.0,0.0,0.0,0.0,0.0,0.0,0.0,0.0,0.0,0.0,0.0,0.0,0.0,0.0,0.0,0.0,0.5,-1.0,6,0.6,2466,2149,0.5400000214576721,0.0,1.6399999856948853,0.05000000074505806,0.019999999552965164,0.09000000357627869,0.09000000357627869,0.43,0.0,0.16,-0.1
210,Adam Wharton,Midfielder,Crystal Palace,5.4,8,a,100,False,False,1,795,1.0,3,2.0,2.5,85.33333333333333,2.109375,0.0,0.0,0.0,0.0,1.6666666666666667,13.1,12.066666666666668,0.0,0.0,2.25,2.592592592592593,83.0,0.0,0.0,2.0,13.55,4.0,0.5,0.0,6,0.7,1137,4464,2.5,0.8999999761581421,4.130000114440918,0.07999999821186066,0.029999999329447746,0.12999999523162842,0.05999999865889549,2.65,0.963,2.44,-0.1
211,Yéremy Pino Santos,Midfielder,Crystal Palace,5.5,8,a,100,False,False,1,795,1.0,3,3.6666666666666665,3.0,63.666666666666664,5.183246073298429,0.0,0.6666666666666666,0.0,0.0,5.666666666666667,26.5,6.266666666666667,0.0,0.0,2.5,2.481481481481482,52.75,0.0,0.375,4.375,17.0625,4.0,0.5,0.0,6,0.3,684,2562,2.2799999713897705,0.4699999988079071,4.599999904632568,0.05999999865889549,0.10000000149011612,0.11999999731779099,0.07999999821186066,2.83,0.785,1.94,-0.1
212,Will Hughes,Midfielder,Crystal Palace,4.4,8,a,100,False,False,1,795,1.0,3,0.6666666666666666,0.5,9.666666666666666,6.206896551724138,0.0,0.0,0.0,0.0,0.0,5.1000000000000005,2.6666666666666665,0.0,0.0,0.75,0.5555555555555556,10.5,0.0,0.0,0.0,7.575,2.0,0.5,-1.0,6,7.3,8876,43303,1.2000000476837158,0.0,2.119999885559082,0.029999999329447746,0.029999999329447746,0.05999999865889549,0.05999999865889549,1.3,0.21,0.54,-0.1
213,Jefferson Lerma Solís,Midfielder,Crystal Palace,4.8,8,a,100,False,False,1,795,1.0,3,0.3333333333333333,0.25,2.0,15.0,0.0,0.0,0.0,0.0,0.0,0.09999999999999999,0.7333333333333334,0.0,0.0,0.5,0.3333333333333333,3.0,0.0,0.0,0.0,0.15,1.0,0.5,0.0,6,0.1,88,362,0.4099999964237213,0.0,1.4900000095367432,0.029999999329447746,0.019999999552965164,0.05000000074505806,0.05999999865889549,1.26,0.07,0.14,-0.1
214,Daichi Kamada,Midfielder,Crystal Palace,5.0,8,a,100,False,False,1,795,1.0,3,5.0,4.5,87.0,5.172413793103448,0.0,1.0,0.0,0.0,5.0,15.966666666666667,24.46666666666667,0.0,0.0,5.875,4.962962962962964,86.0,0.0,1.25,3.375,20.7625,4.0,0.5,0.0,6,0.5,3144,2920,3.619999885559082,0.9599999785423279,5.46999979019165,0.1599999964237213,0.23999999463558197,0.17000000178813934,0.28999999165534973,4.0,0.977,3.56,-0.1
215,Justin Devenny,Midfielder,Crystal Palace,5.0,8,u,0,False,False,1,795,1.0,3,0.0,0.0,0.0,0.0,0.0,0.0,0.0,0.0,0.0,0.0,0.0,0.0,0.0,0.0,0.0,0.0,0.0,0.0,0.0,0.0,0.0,0.5,0.0,6,0.0,0,33,0.33000001311302185,0.0,0.9700000286102295,0.029999999329447746,0.019999999552965164,0.05000000074505806,0.05999999865889549,0.27,0.0,0.0,-0.1
216,Romain Esse,Midfielder,Crystal Palace,5.0,8,u,0,False,False,1,795,1.0,3,0.0,0.0,0.0,0.0,0.0,0.0,0.0,0.0,0.0,0.0,0.0,0.0,0.0,0.0,0.0,0.0,0.0,0.0,0.0,0.0,0.0,0.5,0.0,6,0.0,0,120,0.33000001311302185,0.0,0.9700000286102295,0.029999999329447746,0.019999999552965164,0.05000000074505806,0.05999999865889549,0.27,0.0,0.0,-0.1
217,Matheus França de Oliveira,Midfielder,Crystal Palace,4.9,8,u,0,False,False,1,795,1.0,3,0.0,0.0,0.0,0.0,0.0,0.0,0.0,0.0,0.0,0.0,0.0,0.0,0.0,0.0,0.0,0.0,0.0,0.0,0.0,0.0,0.0,0.5,0.0,6,0.0,0,154,0.27000001072883606,0.0,0.8399999737739563,0.029999999329447746,0.019999999552965164,0.05000000074505806,0.05999999865889549,0.26,0.0,0.0,-0.1
218,Cheick Doucouré,Midfielder,Crystal Palace,4.8,8,a,100,False,False,1,795,1.0,3,0.0,0.0,0.0,0.0,0.0,0.0,0.0,0.0,0.0,0.0,0.0,0.0,0.0,0.0,0.0,0.0,0.0,0.0,0.0,0.0,0.0,0.5,0.0,6,0.0,108,289,0.25999999046325684,0.0,0.7699999809265137,0.029999999329447746,0.019999999552965164,0.05000000074505806,0.05999999865889549,0.26,0.0,0.08,-0.1
219,Jesurun Rak-Sakyi,Midfielder,Crystal Palace,4.9,8,u,0,False,False,1,795,1.0,3,0.0,0.0,0.0,0.0,0.0,0.0,0.0,0.0,0.0,0.0,0.0,0.0,0.0,0.0,0.0,0.0,0.0,0.0,0.0,0.0,0.0,0.5,0.0,6,0.0,0,23,0.27000001072883606,0.0,0.8399999737739563,0.029999999329447746,0.019999999552965164,0.05000000074505806,0.05999999865889549,0.26,0.0,0.0,-0.1
220,Rio Cardines,Defender,Crystal Palace,4.5,8,u,0,False,False,1,795,1.0,3,0.0,0.0,0.0,0.0,0.0,0.0,0.0,0.0,0.0,0.0,0.0,0.0,0.0,0.0,0.0,0.0,0.0,0.0,0.0,0.0,0.0,0.5,0.0,6,0.0,0,3,0.5699999928474426,0.0,1.8700000047683716,0.019999999552965164,0.019999999552965164,0.10999999940395355,0.029999999329447746,0.21,0.0,0.0,-0.1
221,Joél Drakes-Thomas,Midfielder,Crystal Palace,4.5,8,a,100,False,False,1,795,1.0,3,0.0,0.0,0.0,0.0,0.0,0.0,0.0,0.0,0.0,0.0,0.0,0.0,0.0,0.0,0.0,0.0,0.0,0.0,0.0,0.0,0.0,0.5,0.0,6,0.1,136,417,0.25999999046325684,0.0,0.5899999737739563,0.029999999329447746,0.019999999552965164,0.05000000074505806,0.05999999865889549,0.26,0.0,0.08,-0.1
222,Jørgen Strand Larsen,Forward,Crystal Palace,6.0,8,a,100,False,False,1,795,1.0,3,3.6666666666666665,3.0,63.333333333333336,5.2105263157894735,0.3333333333333333,0.0,0.0,0.6666666666666666,11.666666666666666,4.633333333333334,16.133333333333333,0.0,0.0,4.625,3.4814814814814814,63.875,0.5,0.0,18.125,7.075,4.0,0.5,0.0,6,0.7,4707,3797,4.349999904632568,0.05000000074505806,7.510000228881836,0.4399999976158142,0.11999999731779099,0.12999999523162842,0.15000000596046448,4.26,0.782,3.69,-0.1
223,Jean-Philippe Mateta,Forward,Crystal Palace,6.3,8,i,0,False,False,1,795,1.0,3,0.0,0.5,0.0,0.0,0.0,0.0,0.0,0.0,0.0,0.0,0.0,0.0,0.0,0.25,0.5925925925925928,7.75,0.0,0.0,1.375,1.5375,1.0,0.5,-1.0,6,1.3,202,8892,1.7100000381469727,0.0,3.4700000286102295,0.2199999988079071,0.05999999865889549,0.12999999523162842,0.15000000596046448,1.21,0.0,0.0,-0.1
224,Eddie Nketiah,Forward,Crystal Palace,5.5,8,a,100,False,False,1,795,1.0,3,2.0,1.75,37.333333333333336,4.821428571428571,0.0,0.3333333333333333,0.0,0.0,9.0,7.099999999999999,7.933333333333334,0.0,0.0,1.375,1.4814814814814816,26.5,0.0,0.25,8.625,7.0625,3.0,0.5,0.0,6,0.5,1229,3271,3.4000000953674316,0.0,6.28000020980835,0.38999998569488525,0.05000000074505806,0.05999999865889549,0.1899999976158142,2.89,0.54,2.31,-0.1
225,Christantus Uche,Forward,Crystal Palace,5.0,8,u,0,False,False,1,795,1.0,3,0.0,0.0,0.0,0.0,0.0,0.0,0.0,0.0,0.0,0.0,0.0,0.0,0.0,0.0,0.0,0.0,0.0,0.0,0.0,0.0,0.0,0.5,0.0,6,0.0,0,0,0.3199999928474426,0.0,0.8500000238418579,0.09000000357627869,0.05000000074505806,0.05000000074505806,0.15000000596046448,0.65,0.0,0.0,-0.1
241,Dwight McNeil,Midfielder,Crystal Palace,5.4,8,a,100,False,False,1,795,1.0,3,0.3333333333333333,0.75,7.333333333333333,4.090909090909091,0.0,0.0,0.0,0.0,0.0,0.09999999999999999,0.13333333333333333,0.0,0.0,0.375,0.740740740740741,10.5,0.0,0.0,0.25,0.625,2.0,0.5,0.0,6,0.1,68,460,0.5199999809265137,0.0,1.0800000429153442,0.029999999329447746,0.019999999552965164,0.05000000074505806,0.05999999865889549,1.27,0.173,0.22,-0.1
555,Remi Matthews,Goalkeeper,Crystal Palace,4.0,8,a,100,False,False,1,795,1.0,3,0.0,0.0,0.0,0.0,0.0,0.0,0.0,0.0,0.0,0.0,0.0,0.0,0.0,0.0,0.0,0.0,0.0,0.0,0.0,0.0,0.0,0.5,0.0,6,1.7,1064,2968,0.029999999329447746,0.0,0.10000000149011612,0.0,0.0,0.019999999552965164,0.029999999329447746,0.03,0.0,0.01,-0.1
577,Takehiro Tomiyasu,Defender,Crystal Palace,4.4,8,d,75,False,False,1,795,1.0,3,0.3333333333333333,0.5,42.0,0.7142857142857142,0.0,0.0,0.0,0.0,2.0,0.8666666666666667,7.599999999999999,0.0,0.0,0.25,0.44444444444444453,37.875,0.0,0.0,2.25,1.1125,3.0,0.5,-1.0,6,0.3,148,1128,1.0499999523162842,0.0,3.490000009536743,0.019999999552965164,0.019999999552965164,0.10999999940395355,0.09000000357627869,1.26,0.587,0.56,-0.1
588,Anan Khalaili,Defender,Crystal Palace,5.0,8,a,100,False,False,1,795,1.0,3,4.0,3.25,84.66666666666667,4.251968503937007,0.3333333333333333,0.0,0.0,0.0,14.0,6.6000000000000005,29.46666666666667,0.0,0.3333333333333333,4.625,3.5925925925925926,81.125,0.5,0.0,18.375,12.075,4.0,0.5,0.0,6,0.3,2000,1077,3.0899999141693115,0.05000000074505806,6.929999828338623,0.019999999552965164,0.3199999928474426,0.10999999940395355,0.3400000035762787,3.86,0.958,3.0,-0.1
595,Zavier Gozo,Midfielder,Crystal Palace,4.9,8,a,100,False,False,1,795,1.0,3,0.6666666666666666,0.5,9.333333333333334,6.428571428571428,0.0,0.0,0.0,0.0,0.0,0.5333333333333333,0.4666666666666666,0.0,0.0,0.625,0.4814814814814815,5.75,0.0,0.0,0.0,0.3125,2.0,0.5,0.0,6,0.0,39,90,0.5199999809265137,0.0,1.3600000143051147,0.029999999329447746,0.019999999552965164,0.05000000074505806,0.05999999865889549,1.26,0.205,0.23,-0.1
633,Honest Ahanor,Defender,Crystal Palace,4.5,8,a,100,False,False,1,795,1.0,3,1.5,1.5,45.0,3.0,0.0,0.0,0.0,0.0,2.0,5.95,12.3,0.0,0.0,1.5,1.0,45.0,0.0,0.0,2.0,5.95,1.0,0.5,0.0,6,0.0,135,104,1.3799999952316284,0.0,4.019999980926514,0.019999999552965164,0.019999999552965164,0.10999999940395355,0.09000000357627869,1.26,0.616,1.01,-0.1
643,Ben Chilwell,Defender,Crystal Palace,4.5,8,a,100,False,False,1,795,1.0,3,4.0,4.0,14.5,24.82758620689655,0.5,0.0,0.0,0.0,10.5,2.1,16.700000000000003,0.0,0.0,4.0,5.0,14.5,0.5,0.0,10.5,2.1,2.0,0.5,0.0,6,0.4,548,2888,2.0399999618530273,0.0,5.409999847412109,0.019999999552965164,0.10999999940395355,0.10999999940395355,0.12999999523162842,1.57,0.279,1.01,-0.1
644,Quinten Timber,Midfielder,Crystal Palace,5.0,8,a,100,False,False,1,795,1.0,3,3.0,3.0,81.5,3.3128834355828225,0.0,0.0,0.0,0.0,14.0,2.5500000000000003,14.7,0.0,0.0,3.0,2.666666666666667,81.5,0.0,0.0,14.0,2.5500000000000003,2.0,0.5,0.0,6,0.0,447,307,3.4000000953674316,0.8899999856948853,7.039999961853027,0.14000000059604645,0.03999999910593033,0.14000000059604645,0.05999999865889549,3.0,0.933,3.24,-0.1
647,Darío Osorio,Midfielder,Crystal Palace,5.5,8,a,100,False,False,1,795,1.0,3,0.5,0.5,0.5,90.0,0.0,0.0,0.0,0.0,0.0,0.15,1.0,0.0,0.0,0.5,0.6666666666666667,0.5,0.0,0.0,0.0,0.15,1.0,0.5,0.0,6,0.0,26,73,0.8999999761581421,0.019999999552965164,2.9600000381469727,0.05999999865889549,0.019999999552965164,0.05000000074505806,0.07999999821186066,0.46,0.026,0.29,-0.1
21,Christian Nørgaard,Midfielder,Everton,4.8,9,i,0,False,False,0,650,1.0,2,0.0,0.0,0.0,0.0,0.0,0.0,0.0,0.0,0.0,0.0,0.0,0.0,0.0,0.0,0.0,0.0,0.0,0.0,0.0,0.0,0.0,0.5,0.0,6,0.0,54,317,0.25999999046325684,0.0,0.7099999785423279,0.029999999329447746,0.019999999552965164,0.05000000074505806,0.05999999865889549,0.26,0.0,0.0,-0.1
209,Brennan Johnson,Midfielder,Everton,5.9,9,a,100,False,False,0,650,1.0,2,1.6666666666666667,1.5,55.666666666666664,2.694610778443114,0.0,0.0,0.3333333333333333,0.0,5.0,17.3,6.333333333333333,0.0,0.3333333333333333,2.0,1.6666666666666667,57.5,0.0,0.0,5.25,20.2625,4.0,0.5,0.0,6,0.1,388,686,2.690000057220459,0.6100000143051147,5.050000190734863,0.03999999910593033,0.07999999821186066,0.18000000715255737,0.10999999940395355,1.55,0.714,2.15,-0.1
226,Jordan Pickford,Goalkeeper,Everton,5.5,9,a,100,False,False,0,650,1.0,2,3.3333333333333335,4.25,90.0,3.333333333333334,0.0,0.0,0.3333333333333333,0.0,0.0,0.0,17.46666666666667,2.3333333333333335,0.0,4.5,4.740740740740741,90.0,0.0,0.0,0.0,0.0,4.0,0.5,0.0,6,9.1,28081,15106,5.800000190734863,0.07000000029802322,8.84000015258789,0.0,0.0,0.5600000023841858,0.36000001430511475,4.59,1.0,5.8,-0.1
227,Mark Travers,Goalkeeper,Everton,5.0,9,a,100,False,False,0,650,1.0,2,0.0,0.0,0.0,0.0,0.0,0.0,0.0,0.0,0.0,0.0,0.0,0.0,0.0,0.0,0.0,0.0,0.0,0.0,0.0,0.0,0.0,0.5,0.0,6,0.0,242,257,0.5199999809265137,0.0,3.549999952316284,0.0,0.0,0.07999999821186066,0.05000000074505806,0.05,0.0,0.16,-0.1
228,Tom King,Goalkeeper,Everton,4.5,9,a,100,False,False,0,650,1.0,2,0.0,0.0,0.0,0.0,0.0,0.0,0.0,0.0,0.0,0.0,0.0,0.0,0.0,0.0,0.0,0.0,0.0,0.0,0.0,0.0,0.0,0.5,0.0,6,0.0,112,166,0.10000000149011612,0.0,0.4099999964237213,0.0,0.0,0.019999999552965164,0.029999999329447746,0.03,0.0,0.03,-0.1
229,James Tarkowski,Defender,Everton,6.1,9,a,100,False,False,0,650,1.0,2,7.666666666666667,7.25,90.0,7.666666666666666,0.3333333333333333,0.0,0.3333333333333333,1.3333333333333333,8.333333333333334,4.7,32.8,0.0,0.0,7.0,6.888888888888889,90.0,0.125,0.0,4.375,2.6625,4.0,0.5,1.0,6,16.5,227178,19783,4.28000020980835,0.05000000074505806,6.539999961853027,0.019999999552965164,0.23999999463558197,0.14000000059604645,0.41999998688697815,3.85,1.0,4.28,-0.1
230,Jarrad Branthwaite,Defender,Everton,5.5,9,a,100,False,False,0,650,1.0,2,4.333333333333333,4.75,90.0,4.333333333333333,0.0,0.0,0.3333333333333333,0.0,22.333333333333332,1.8333333333333333,31.400000000000006,0.0,0.0,5.0,5.037037037037037,90.0,0.0,0.0,13.375,2.1375,4.0,0.5,0.0,6,2.4,19098,6983,2.4600000381469727,0.05000000074505806,5.630000114440918,0.019999999552965164,0.17000000178813934,0.10999999940395355,0.1599999964237213,3.25,1.0,2.46,-0.1
231,Michael Keane,Defender,Everton,4.8,9,a,100,False,False,0,650,1.0,2,0.0,0.0,0.0,0.0,0.0,0.0,0.0,0.0,0.0,0.0,0.0,0.0,0.0,0.0,0.0,0.0,0.0,0.0,0.0,0.0,0.0,0.5,-1.0,6,0.7,375,3769,0.6200000047683716,0.0,1.7999999523162842,0.019999999552965164,0.019999999552965164,0.10999999940395355,0.029999999329447746,0.21,0.0,0.19,-0.1
232,Jake O'Brien,Defender,Everton,4.8,9,a,100,False,False,0,650,1.0,2,0.3333333333333333,0.25,5.0,6.0,0.0,0.0,0.0,0.0,0.0,0.0,0.3333333333333333,0.0,0.0,0.5,0.3333333333333333,7.5,0.0,0.0,0.0,0.0,1.0,0.5,0.0,6,0.3,321,1104,0.8999999761581421,0.0,2.7799999713897705,0.019999999552965164,0.019999999552965164,0.10999999940395355,0.029999999329447746,1.2,0.132,0.35,-0.1
233,Vitalii Mykolenko,Defender,Everton,4.6,9,a,100,False,False,0,650,1.0,2,5.333333333333333,5.5,90.0,5.333333333333333,0.0,0.0,0.3333333333333333,1.0,1.3333333333333333,4.933333333333334,24.666666666666668,0.0,0.0,7.0,6.2592592592592595,90.0,0.0,0.0,2.25,8.125,4.0,0.5,0.0,6,4.2,40754,20677,2.1500000953674316,0.05000000074505806,6.460000038146973,0.019999999552965164,0.11999999731779099,0.10999999940395355,0.15000000596046448,3.09,1.0,2.15,-0.1
234,Nathan Patterson,Defender,Everton,4.5,9,u,0,False,False,0,650,1.0,2,0.0,0.0,0.0,0.0,0.0,0.0,0.0,0.0,0.0,0.0,0.0,0.0,0.0,0.0,0.0,0.0,0.0,0.0,0.0,0.0,0.0,0.5,0.0,6,0.0,0,119,0.5299999713897705,0.0,1.75,0.019999999552965164,0.019999999552965164,0.10999999940395355,0.029999999329447746,0.21,0.0,0.0,-0.1
235,Adam Aznou,Defender,Everton,4.0,9,u,0,False,False,0,650,1.0,2,0.0,0.0,0.0,0.0,0.0,0.0,0.0,0.0,0.0,0.0,0.0,0.0,0.0,0.0,0.0,0.0,0.0,0.0,0.0,0.0,0.0,0.5,0.0,6,0.1,0,548,0.27000001072883606,0.0,0.3199999928474426,0.019999999552965164,0.019999999552965164,0.10999999940395355,0.029999999329447746,0.2,0.0,0.0,-0.1
236,Kiernan Dewsbury-Hall,Midfielder,Everton,6.6,9,a,100,False,False,0,650,1.0,2,2.0,4.25,90.0,2.0,0.0,0.0,0.3333333333333333,0.0,23.333333333333332,33.766666666666666,19.466666666666665,0.0,0.3333333333333333,3.125,4.666666666666668,90.0,0.125,0.0,26.75,27.075,4.0,0.5,0.0,6,6.0,33777,43642,5.420000076293945,1.1799999475479126,12.600000381469727,0.17000000178813934,0.38999998569488525,0.20999999344348907,0.6800000071525574,4.91,1.0,5.42,-0.1
238,Jack Grealish,Midfielder,Everton,6.5,9,a,100,False,False,0,650,1.0,2,0.6666666666666666,0.75,16.333333333333332,3.6734693877551026,0.0,0.0,0.0,0.0,4.0,4.5,3.1333333333333333,0.0,0.0,0.875,0.8518518518518521,19.5,0.0,0.0,3.5,3.7500000000000004,3.0,0.5,0.0,6,0.5,3591,2907,1.659999966621399,0.0,3.950000047683716,0.05999999865889549,0.029999999329447746,0.07000000029802322,0.09000000357627869,1.46,0.303,0.85,-0.1
239,James Garner,Midfielder,Everton,6.0,9,a,100,False,False,0,650,1.0,2,2.3333333333333335,2.0,75.66666666666667,2.7753303964757707,0.0,0.0,0.3333333333333333,0.0,2.3333333333333335,12.433333333333335,12.199999999999998,0.0,0.6666666666666666,2.75,2.2222222222222223,73.0,0.0,0.0,3.75,11.9375,4.0,0.5,0.0,6,0.2,1684,1937,2.6700000762939453,0.5799999833106995,4.650000095367432,0.07999999821186066,0.03999999910593033,0.18000000715255737,0.10000000149011612,2.79,0.886,2.46,-0.1
242,Tyrique George,Midfielder,Everton,5.5,9,a,100,False,False,0,650,1.0,2,5.0,4.5,71.66666666666667,6.27906976744186,0.3333333333333333,0.0,0.3333333333333333,1.0,15.333333333333334,20.666666666666668,18.866666666666667,0.0,0.0,4.625,4.407407407407407,72.5,0.25,0.0,13.875,20.75,4.0,0.5,0.0,6,0.9,2378,10560,3.109999895095825,0.6600000262260437,7.179999828338623,0.20000000298023224,0.05000000074505806,0.20999999344348907,0.09000000357627869,3.46,0.853,2.79,-0.1
243,Carlos Alcaraz Durán,Midfielder,Everton,4.9,9,a,100,False,False,0,650,1.0,2,0.0,0.25,1.3333333333333333,0.0,0.0,0.0,0.0,0.0,2.6666666666666665,0.16666666666666666,0.0,0.0,0.3333333333333333,0.125,0.2962962962962964,0.625,0.0,0.0,3.125,0.1,2.0,0.5,0.0,6,0.1,157,402,0.5600000023841858,0.30000001192092896,1.6100000143051147,0.029999999329447746,0.019999999552965164,0.05000000074505806,0.05999999865889549,1.27,0.052,0.19,-0.1
244,Harrison Armstrong,Midfielder,Everton,5.0,9,a,100,False,False,0,650,1.0,2,2.0,3.5,88.66666666666667,2.0300751879699246,0.0,0.0,0.3333333333333333,0.0,3.6666666666666665,7.833333333333333,9.6,0.0,0.3333333333333333,3.0,3.8888888888888897,89.5,0.0,0.125,3.75,7.3,4.0,0.5,0.0,6,0.4,804,3261,2.799999952316284,1.0399999618530273,4.289999961853027,0.03999999910593033,0.12999999523162842,0.1599999964237213,0.05999999865889549,2.79,0.99,2.78,-0.1
245,Tyler Dibling,Midfielder,Everton,5.4,9,a,100,False,False,0,650,1.0,2,0.0,0.0,0.0,0.0,0.0,0.0,0.0,0.0,0.0,0.0,0.0,0.0,0.0,0.0,0.0,0.0,0.0,0.0,0.0,0.0,0.0,0.5,0.0,6,0.0,115,154,0.38999998569488525,0.0,0.9599999785423279,0.029999999329447746,0.019999999552965164,0.05999999865889549,0.05999999865889549,0.27,0.0,0.12,-0.1
246,Merlin Röhl,Midfielder,Everton,4.9,9,i,0,False,False,0,650,1.0,2,1.0,1.5,53.0,1.6981132075471697,0.0,0.0,0.0,0.0,0.0,6.366666666666667,4.266666666666667,0.0,0.3333333333333333,0.875,1.4074074074074077,40.375,0.0,0.0,0.25,6.112500000000001,3.0,0.5,-1.0,6,0.0,7,577,1.6699999570846558,0.05999999865889549,3.069999933242798,0.029999999329447746,0.03999999910593033,0.1899999976158142,0.05999999865889549,1.33,0.69,0.0,-0.1
247,Hayden Hackney,Midfielder,Everton,5.4,9,a,100,False,False,0,650,1.0,2,2.0,2.25,19.333333333333332,9.310344827586208,0.0,0.3333333333333333,0.0,0.0,5.333333333333333,12.566666666666668,10.533333333333333,0.0,0.0,2.0,2.25925925925926,24.5,0.0,0.25,5.375,13.475,4.0,0.5,0.0,6,0.2,190,1063,1.5499999523162842,0.05000000074505806,3.809999942779541,0.029999999329447746,0.03999999910593033,0.09000000357627869,0.07999999821186066,1.37,0.341,0.83,-0.1
248,Norberto Bercique Gomes Betuncal,Forward,Everton,5.4,9,u,0,False,False,0,650,1.0,2,0.3333333333333333,0.5,6.666666666666667,4.5,0.0,0.0,0.0,0.0,1.0,0.09999999999999999,1.0,0.0,0.0,0.25,0.44444444444444453,3.875,0.0,0.0,0.625,0.0375,2.0,0.5,0.0,6,0.6,0,7133,0.5,0.0,1.5099999904632568,0.07000000029802322,0.05999999865889549,0.029999999329447746,0.15000000596046448,1.61,0.162,0.0,-0.1
249,Thierno Barry,Forward,Everton,5.7,9,a,100,False,False,0,650,1.0,2,2.0,3.5,83.0,2.168674698795181,0.0,0.0,0.3333333333333333,0.0,46.333333333333336,13.566666666666668,4.466666666666667,0.0,0.0,2.75,3.7777777777777786,85.875,0.125,0.0,46.875,14.5875,4.0,0.5,0.0,6,8.3,82861,37923,2.259999990463257,0.05000000074505806,5.21999979019165,0.23999999463558197,0.07999999821186066,0.18000000715255737,0.15000000596046448,3.35,0.945,2.17,-0.1
649,Ainsley Maitland-Niles,Defender,Everton,4.5,9,a,100,False,False,0,650,1.0,2,6.5,6.5,43.5,13.448275862068966,0.5,0.0,0.5,0.0,4.0,6.4,21.7,0.0,0.0,6.5,6.666666666666667,43.5,0.5,0.0,4.0,6.4,2.0,0.5,0.0,6,1.4,19092,4523,2.5,0.05000000074505806,5.659999847412109,0.019999999552965164,0.12999999523162842,0.10999999940395355,0.14000000059604645,1.66,0.601,1.8,-0.1
654,Braiden Graham,Midfielder,Everton,4.5,9,a,100,False,False,0,650,1.0,2,0.0,0.0,0.0,0.0,0.0,0.0,0.0,0.0,0.0,0.0,0.0,0.0,0.0,0.0,0.0,0.0,0.0,0.0,0.0,0.0,0.0,0.5,0.0,6,0.1,227,989,0.25999999046325684,0.0,0.5299999713897705,0.029999999329447746,0.019999999552965164,0.05000000074505806,0.05999999865889549,0.26,0.0,0.08,-0.1
250,Bernd Leno,Goalkeeper,Fulham,4.5,10,a,100,False,False,0,112,1.0,2,4.333333333333333,3.75,90.0,4.333333333333333,0.0,0.0,0.3333333333333333,0.6666666666666666,0.0,0.0,21.133333333333333,2.6666666666666665,0.0,5.375,4.2592592592592595,90.0,0.0,0.0,0.0,0.0,4.0,0.5,0.0,6,3.4,37887,10861,3.759999990463257,0.07000000029802322,5.0,0.0,0.0,0.23999999463558197,0.3700000047683716,3.34,1.0,3.76,-0.1
251,Benjamin Lecomte,Goalkeeper,Fulham,4.0,10,a,100,False,False,0,112,1.0,2,0.0,0.0,0.0,0.0,0.0,0.0,0.0,0.0,0.0,0.0,0.0,0.0,0.0,0.0,0.0,0.0,0.0,0.0,0.0,0.0,0.0,0.5,0.0,6,1.1,2425,2433,0.029999999329447746,0.0,0.12999999523162842,0.0,0.0,0.019999999552965164,0.029999999329447746,0.03,0.0,0.01,-0.1
252,Alfie McNally,Goalkeeper,Fulham,4.0,10,u,0,False,False,0,112,1.0,2,0.0,0.0,0.0,0.0,0.0,0.0,0.0,0.0,0.0,0.0,0.0,0.0,0.0,0.0,0.0,0.0,0.0,0.0,0.0,0.0,0.0,0.5,0.0,6,0.1,0,596,0.029999999329447746,0.0,0.12999999523162842,0.0,0.0,0.019999999552965164,0.029999999329447746,0.03,0.0,0.0,-0.1
253,Joachim Andersen,Defender,Fulham,5.0,10,a,100,False,False,0,112,1.0,2,0.6666666666666666,0.5,60.0,0.9999999999999999,0.0,0.0,0.0,0.0,2.6666666666666665,11.933333333333332,14.066666666666668,0.0,0.3333333333333333,0.375,0.3703703703703704,33.75,0.0,0.0,1.75,7.3374999999999995,2.0,0.5,0.0,6,0.2,2640,1069,1.5099999904632568,0.0,3.7799999713897705,0.019999999552965164,0.019999999552965164,0.10999999940395355,0.07999999821186066,2.72,0.753,1.25,-0.1
254,Antonee Robinson,Defender,Fulham,4.5,10,a,100,False,False,0,112,1.0,2,3.0,2.5,86.0,3.13953488372093,0.0,0.0,0.3333333333333333,0.0,5.0,17.166666666666668,14.0,0.0,0.0,3.625,2.814814814814815,85.875,0.0,0.0,5.625,20.975,4.0,0.5,0.0,6,1.5,15398,6443,1.8300000429153442,0.0,7.150000095367432,0.029999999329447746,0.029999999329447746,0.10999999940395355,0.20000000298023224,2.91,0.969,1.79,-0.1
255,Jorge Cuenca Barreno,Defender,Fulham,4.5,10,a,100,False,False,0,112,1.0,2,0.0,0.75,0.0,0.0,0.0,0.0,0.0,0.0,0.0,0.0,0.0,0.0,0.0,0.375,0.8888888888888891,11.25,0.0,0.0,0.0,2.6625,1.0,0.5,0.0,6,0.0,65,105,0.8199999928474426,0.0,2.009999990463257,0.019999999552965164,0.019999999552965164,0.10999999940395355,0.029999999329447746,0.21,0.0,0.25,-0.1
256,Kenny Tete,Defender,Fulham,4.4,10,a,100,False,False,0,112,1.0,2,0.0,0.0,9.0,0.0,0.0,0.0,0.0,0.0,0.6666666666666666,0.09999999999999999,0.5333333333333333,0.0,0.3333333333333333,0.0,0.0,13.5,0.0,0.0,1.0,0.15,1.0,0.5,0.0,6,0.2,54,1024,1.0399999618530273,0.0,2.259999990463257,0.019999999552965164,0.019999999552965164,0.10999999940395355,0.029999999329447746,1.21,0.2,0.46,-0.1
257,Calvin Bassey,Defender,Fulham,4.5,10,a,100,False,False,0,112,1.0,2,3.0,2.25,90.0,3.0,0.0,0.0,0.3333333333333333,0.0,7.0,3.233333333333333,18.866666666666667,0.0,0.0,3.5,2.5185185185185186,90.0,0.0,0.0,10.75,2.7500000000000004,4.0,0.5,0.0,6,0.7,5180,1741,1.7100000381469727,0.05000000074505806,7.329999923706055,0.019999999552965164,0.029999999329447746,0.10999999940395355,0.1899999976158142,2.86,1.0,1.71,-0.1
258,Timothy Castagne,Defender,Fulham,4.5,10,a,100,False,False,0,112,1.0,2,4.333333333333333,4.75,76.0,5.13157894736842,0.0,0.0,0.6666666666666666,0.0,10.666666666666666,8.533333333333333,10.6,0.0,0.0,4.75,4.888888888888889,77.625,0.0,0.25,11.375,9.9875,4.0,0.5,0.0,6,0.9,14205,4722,1.190000057220459,0.0,6.03000020980835,0.029999999329447746,0.019999999552965164,0.10999999940395355,0.18000000715255737,2.88,0.888,1.1,-0.1
261,Alex Iwobi,Midfielder,Fulham,5.4,10,a,100,False,False,0,112,1.0,2,2.3333333333333335,2.25,82.66666666666667,2.540322580645161,0.0,0.0,0.3333333333333333,0.0,7.666666666666667,30.96666666666667,9.066666666666668,0.0,0.0,2.5,2.3333333333333335,81.0,0.0,0.0,8.0,28.625,4.0,0.5,0.0,6,0.7,3301,3149,2.809999942779541,1.090000033378601,5.449999809265137,0.029999999329447746,0.18000000715255737,0.15000000596046448,0.10999999940395355,2.97,0.942,2.7,-0.1
262,Emile Smith Rowe,Midfielder,Fulham,5.3,10,a,100,False,False,0,112,1.0,2,1.0,0.75,12.666666666666666,7.105263157894738,0.0,0.0,0.0,0.0,3.0,7.933333333333334,2.1999999999999997,0.0,0.0,0.875,0.7037037037037037,11.0,0.0,0.0,1.375,3.225,3.0,0.5,0.0,6,0.2,293,1311,1.2000000476837158,0.009999999776482582,2.549999952316284,0.029999999329447746,0.019999999552965164,0.05999999865889549,0.05999999865889549,1.29,0.253,0.57,-0.1
263,Kevin Santos Lopes de Macedo,Midfielder,Fulham,5.3,10,a,100,False,False,0,112,1.0,2,0.6666666666666666,0.75,8.333333333333334,7.199999999999999,0.0,0.0,0.0,0.0,0.3333333333333333,1.5999999999999999,0.06666666666666667,0.0,0.0,0.75,0.7777777777777779,12.0,0.0,0.0,0.5,2.0749999999999997,3.0,0.5,-1.0,6,0.0,190,282,0.6899999976158142,0.0,1.5499999523162842,0.029999999329447746,0.019999999552965164,0.05000000074505806,0.05999999865889549,1.27,0.189,0.3,-0.1
264,Oscar Bobb,Midfielder,Fulham,5.5,10,a,100,False,False,0,112,1.0,2,2.6666666666666665,2.5,69.0,3.4782608695652173,0.0,0.0,0.6666666666666666,0.0,21.0,33.733333333333334,9.4,0.0,0.0,2.625,2.481481481481482,67.125,0.0,0.0,16.75,32.975,4.0,0.5,0.0,6,0.3,2219,1746,2.9800000190734863,0.6800000071525574,7.360000133514404,0.09000000357627869,0.14000000059604645,0.14000000059604645,0.17000000178813934,3.17,0.83,2.63,-0.1
265,Sander Berge,Midfielder,Fulham,4.9,10,a,100,False,False,0,112,1.0,2,2.0,2.0,67.0,2.6865671641791042,0.0,0.0,0.3333333333333333,0.0,2.6666666666666665,14.166666666666666,9.266666666666667,0.0,0.0,2.25,2.1111111111111116,71.5,0.0,0.0,4.125,12.95,4.0,0.5,0.0,6,0.3,604,1260,1.8600000143051147,0.38999998569488525,3.859999895095825,0.029999999329447746,0.019999999552965164,0.15000000596046448,0.05999999865889549,2.45,0.813,1.62,-0.1
266,Tom Cairney,Midfielder,Fulham,4.9,10,i,0,False,False,0,112,1.0,2,0.0,0.0,0.0,0.0,0.0,0.0,0.0,0.0,0.0,0.0,0.0,0.0,0.0,0.0,0.0,0.0,0.0,0.0,0.0,0.0,0.0,0.5,-1.0,6,0.0,8,20,0.27000001072883606,0.0,0.6299999952316284,0.029999999329447746,0.019999999552965164,0.05000000074505806,0.05999999865889549,0.26,0.0,0.0,-0.1
268,Josh King,Midfielder,Fulham,5.5,10,a,100,False,False,0,112,1.0,2,5.0,5.5,85.33333333333333,5.2734375,0.3333333333333333,0.0,0.3333333333333333,1.0,30.666666666666668,14.933333333333332,22.200000000000003,0.0,0.0,5.125,5.5925925925925934,83.0,0.375,0.0,34.75,16.1625,4.0,0.5,0.0,6,2.6,84792,17625,5.070000171661377,1.1799999475479126,7.96999979019165,0.2800000011920929,0.07000000029802322,0.20000000298023224,0.18000000715255737,3.98,0.963,4.94,-0.1
269,Ryan Sessegnon,Defender,Fulham,4.3,10,a,100,False,False,0,112,1.0,2,0.6666666666666666,0.75,11.0,5.454545454545454,0.0,0.0,0.0,0.0,4.0,8.6,3.533333333333333,0.0,0.0,0.5,0.6666666666666667,7.625,0.0,0.0,4.375,5.1375,3.0,0.5,0.0,6,0.3,291,1270,1.090000033378601,0.0,3.0199999809265137,0.019999999552965164,0.019999999552965164,0.10999999940395355,0.029999999329447746,1.21,0.23,0.5,-0.1
270,Harrison Reed,Midfielder,Fulham,4.4,10,a,100,False,False,0,112,1.0,2,0.0,0.0,0.0,0.0,0.0,0.0,0.0,0.0,0.0,0.0,0.0,0.0,0.0,0.0,0.0,0.0,0.0,0.0,0.0,0.0,0.0,0.5,-1.0,6,1.1,2760,6714,0.25999999046325684,0.0,0.4099999964237213,0.029999999329447746,0.019999999552965164,0.05000000074505806,0.05999999865889549,0.26,0.0,0.08,-0.1
271,Rodrigo Muniz Carvalho,Forward,Fulham,5.4,10,a,100,False,False,0,112,1.0,2,0.6666666666666666,0.75,6.666666666666667,9.0,0.0,0.0,0.0,0.0,9.666666666666666,3.466666666666667,1.7333333333333334,0.0,0.0,0.875,0.8518518518518521,9.25,0.0,0.0,8.625,4.1125,3.0,0.5,0.0,6,0.4,1668,2616,1.0299999713897705,0.0,3.8499999046325684,0.12999999523162842,0.07999999821186066,0.05000000074505806,0.1899999976158142,1.95,0.162,0.43,-0.1
272,Jonah Kusi-Asare,Forward,Fulham,4.5,10,a,100,False,False,0,112,1.0,2,0.0,0.0,0.0,0.0,0.0,0.0,0.0,0.0,0.0,0.0,0.0,0.0,0.0,0.0,0.0,0.0,0.0,0.0,0.0,0.0,0.0,0.5,0.0,6,5.4,10620,32616,0.2800000011920929,0.0,0.47999998927116394,0.09000000357627869,0.05000000074505806,0.029999999329447746,0.15000000596046448,0.64,0.0,0.08,-0.1
569,Gonzalo García,Forward,Fulham,6.0,10,a,100,False,False,0,112,1.0,2,2.0,3.0,85.33333333333333,2.109375,0.0,0.0,0.3333333333333333,0.0,24.333333333333332,9.233333333333333,5.266666666666667,0.0,0.0,2.5,3.1851851851851856,83.0,0.125,0.0,22.75,9.8375,4.0,0.5,0.0,6,4.0,65330,31617,4.269999980926514,0.05000000074505806,7.730000019073486,0.28999999165534973,0.07999999821186066,0.14000000059604645,0.15000000596046448,3.55,0.963,4.16,-0.1
570,César Palacios,Midfielder,Fulham,5.4,10,a,100,False,False,0,112,1.0,2,3.0,2.75,45.0,6.0,0.3333333333333333,0.0,0.0,0.3333333333333333,18.0,4.999999999999999,12.266666666666666,0.0,0.3333333333333333,2.375,2.5185185185185186,33.375,0.25,0.0,14.125,4.5,3.0,0.5,-1.0,6,0.2,695,926,1.659999966621399,0.009999999776482582,5.260000228881836,0.10000000149011612,0.029999999329447746,0.07999999821186066,0.05999999865889549,1.66,0.616,1.21,-0.1
580,Shea Charles,Midfielder,Fulham,5.0,10,a,100,False,False,0,112,1.0,2,2.6666666666666665,2.25,63.333333333333336,3.789473684210526,0.0,0.0,0.3333333333333333,0.0,4.666666666666667,13.800000000000002,14.0,0.0,0.0,3.25,2.5555555555555554,70.125,0.0,0.0,2.75,11.0125,4.0,0.5,0.0,6,0.1,578,420,2.2799999713897705,0.49000000953674316,4.389999866485596,0.03999999910593033,0.019999999552965164,0.15000000596046448,0.05999999865889549,2.47,0.782,1.93,-0.1
610,Luc De Fougerolles,Defender,Fulham,4.0,10,u,0,False,False,0,112,1.0,2,0.0,0.0,0.0,0.0,0.0,0.0,0.0,0.0,0.0,0.0,0.0,0.0,0.0,0.0,0.0,0.0,0.0,0.0,0.0,0.0,0.0,0.5,0.0,6,0.1,0,497,0.25999999046325684,0.0,0.3199999928474426,0.019999999552965164,0.019999999552965164,0.10999999940395355,0.029999999329447746,0.21,0.0,0.0,-0.1
626,Macaulay Zepa,Midfielder,Fulham,4.4,10,a,100,False,False,0,112,1.0,2,0.0,0.0,0.0,0.0,0.0,0.0,0.0,0.0,0.0,0.0,0.0,0.0,0.0,0.0,0.0,0.0,0.0,0.0,0.0,0.0,0.0,0.3333333333333333,0.0,6,0.3,524,2201,0.25999999046325684,0.0,0.47999998927116394,0.029999999329447746,0.019999999552965164,0.05000000074505806,0.05999999865889549,0.26,0.0,0.08,-0.1
635,Hugo Larsson,Midfielder,Fulham,5.0,10,a,100,False,False,0,112,1.0,2,1.0,1.0,12.0,7.5,0.0,0.0,0.0,0.0,4.5,0.9,1.8,0.0,0.0,1.0,1.0,12.0,0.0,0.0,4.5,0.9,2.0,0.5,0.0,6,0.0,91,70,0.8999999761581421,0.0,2.509999990463257,0.029999999329447746,0.019999999552965164,0.05000000074505806,0.05999999865889549,1.28,0.244,0.42,-0.1
636,Manuel Ángel Morán Ibáñez,Midfielder,Fulham,5.0,10,a,100,False,False,0,112,1.0,2,0.0,0.0,0.0,0.0,0.0,0.0,0.0,0.0,0.0,0.0,0.0,0.0,0.0,0.0,0.0,0.0,0.0,0.0,0.0,0.0,0.0,0.5,0.0,6,0.0,32,27,0.33000001311302185,0.0,0.8799999952316284,0.029999999329447746,0.019999999552965164,0.05000000074505806,0.05999999865889549,0.27,0.0,0.1,-0.1
650,David Affengruber,Defender,Fulham,4.5,10,a,100,False,False,0,112,1.0,2,4.0,4.0,45.0,8.0,0.0,0.0,0.5,0.0,0.0,1.65,9.3,0.0,0.0,4.0,2.6666666666666665,45.0,0.0,0.0,0.0,1.65,1.0,0.5,0.0,6,0.1,5263,1197,1.5,0.0,4.690000057220459,0.019999999552965164,0.019999999552965164,0.10999999940395355,0.10999999940395355,1.29,0.616,1.1,-0.1
240,Tim Iroegbunam,Midfielder,Hull City,5.0,11,a,100,False,False,1,374,1.0,3,0.3333333333333333,0.25,8.333333333333334,3.5999999999999996,0.0,0.0,0.0,0.0,0.0,0.06666666666666667,1.0,0.0,0.3333333333333333,0.125,0.14814814814814817,11.0,0.0,0.0,0.0,0.1,2.0,0.5,0.0,6,0.0,75,135,0.5600000023841858,0.0,1.409999966621399,0.029999999329447746,0.019999999552965164,0.05000000074505806,0.05999999865889549,1.27,0.189,0.24,-0.1
273,Dillon Phillips,Goalkeeper,Hull City,4.0,11,a,100,False,False,1,374,1.0,3,0.0,0.0,0.0,0.0,0.0,0.0,0.0,0.0,0.0,0.0,0.0,0.0,0.0,0.0,0.0,0.0,0.0,0.0,0.0,0.0,0.0,0.5,0.0,6,1.4,2928,3419,0.029999999329447746,0.0,0.10000000149011612,0.0,0.0,0.019999999552965164,0.029999999329447746,0.03,0.0,0.01,-0.1
274,Jack Butland,Goalkeeper,Hull City,4.4,11,i,0,False,False,1,374,1.0,3,0.0,0.0,0.0,0.0,0.0,0.0,0.0,0.0,0.0,0.0,0.0,0.0,0.0,0.0,0.0,0.0,0.0,0.0,0.0,0.0,0.0,0.5,0.0,6,0.1,67,319,0.029999999329447746,0.0,0.10000000149011612,0.0,0.0,0.019999999552965164,0.029999999329447746,0.03,0.0,0.0,-0.1
275,Harvey Cartwright,Goalkeeper,Hull City,4.0,11,u,0,False,False,1,374,1.0,3,0.0,0.0,0.0,0.0,0.0,0.0,0.0,0.0,0.0,0.0,0.0,0.0,0.0,0.0,0.0,0.0,0.0,0.0,0.0,0.0,0.0,0.5,0.0,6,0.0,0,25,0.029999999329447746,0.0,0.10000000149011612,0.0,0.0,0.019999999552965164,0.029999999329447746,0.03,0.0,0.0,-0.1
276,Thimothée Lo-Tutala,Goalkeeper,Hull City,4.0,11,u,0,False,False,1,374,1.0,3,0.0,0.0,0.0,0.0,0.0,0.0,0.0,0.0,0.0,0.0,0.0,0.0,0.0,0.0,0.0,0.0,0.0,0.0,0.0,0.0,0.0,0.5,0.0,6,0.0,0,111,0.029999999329447746,0.0,0.10000000149011612,0.0,0.0,0.019999999552965164,0.029999999329447746,0.03,0.0,0.0,-0.1
277,John Egan,Defender,Hull City,4.1,11,a,100,False,False,1,374,1.0,3,5.666666666666667,6.25,90.0,5.666666666666667,0.0,0.0,0.6666666666666666,0.3333333333333333,2.0,0.3333333333333333,17.8,0.0,0.3333333333333333,4.625,5.703703703703705,90.0,0.0,0.0,3.25,0.3375,4.0,0.5,0.0,6,7.0,26594,28763,1.600000023841858,0.0,6.329999923706055,0.019999999552965164,0.019999999552965164,0.10999999940395355,0.10999999940395355,2.74,1.0,1.6,-0.1
278,Charlie Hughes,Defender,Hull City,3.9,11,i,0,False,False,1,374,1.0,3,0.0,0.0,0.0,0.0,0.0,0.0,0.0,0.0,0.0,0.0,0.0,0.0,0.0,0.0,0.0,0.0,0.0,0.0,0.0,0.0,0.0,0.5,-1.0,6,0.2,1077,1909,0.3799999952316284,0.0,0.30000001192092896,0.019999999552965164,0.019999999552965164,0.10999999940395355,0.029999999329447746,0.21,0.0,0.0,-0.1
279,Semi Ajayi,Defender,Hull City,4.2,11,a,100,False,False,1,374,1.0,3,4.0,6.5,90.0,4.0,0.0,0.0,0.6666666666666666,0.0,2.0,0.9333333333333332,10.666666666666666,0.0,0.3333333333333333,4.25,6.481481481481483,86.625,0.125,0.0,7.375,0.95,4.0,0.5,0.0,6,14.0,42785,57916,1.409999966621399,0.0,6.769999980926514,0.029999999329447746,0.019999999552965164,0.10999999940395355,0.11999999731779099,2.82,1.0,1.41,-0.1
280,Lewie Coyle,Defender,Hull City,4.0,11,a,100,False,False,1,374,1.0,3,2.3333333333333335,3.25,63.0,3.333333333333334,0.0,0.0,0.3333333333333333,0.0,1.6666666666666667,5.266666666666667,3.866666666666666,0.0,0.3333333333333333,2.75,3.444444444444445,70.5,0.0,0.0,2.5,8.05,4.0,0.5,0.0,6,0.7,2026,1991,2.0799999237060547,0.0,4.630000114440918,0.05000000074505806,0.03999999910593033,0.10999999940395355,0.07999999821186066,2.98,0.779,1.76,-0.1
281,Cody Drameh,Defender,Hull City,4.0,11,u,0,False,False,1,374,1.0,3,0.3333333333333333,0.5,15.0,1.9999999999999998,0.0,0.0,0.0,0.0,0.0,0.13333333333333333,1.4000000000000001,0.0,0.0,0.25,0.44444444444444453,8.125,0.0,0.0,0.125,0.05,2.0,0.5,0.0,6,0.0,0,252,0.6600000262260437,0.0,1.1399999856948853,0.019999999552965164,0.019999999552965164,0.10999999940395355,0.029999999329447746,1.21,0.285,0.0,-0.1
282,Ryan Giles,Defender,Hull City,4.0,11,a,100,False,False,1,374,1.0,3,6.0,6.0,90.0,6.0,0.0,0.3333333333333333,0.6666666666666666,0.6666666666666666,0.6666666666666666,24.96666666666667,18.933333333333334,0.0,0.0,5.5,5.777777777777778,89.25,0.0,0.5,0.75,27.575,4.0,0.5,0.0,6,2.9,20960,13532,1.600000023841858,0.0,6.53000020980835,0.019999999552965164,0.029999999329447746,0.10999999940395355,0.10999999940395355,2.75,1.0,1.6,-0.1
283,Matty Jacob,Defender,Hull City,4.0,11,u,0,False,False,1,374,1.0,3,0.0,0.0,0.0,0.0,0.0,0.0,0.0,0.0,0.0,0.0,0.0,0.0,0.0,0.0,0.0,0.0,0.0,0.0,0.0,0.0,0.0,0.5,0.0,6,0.0,0,34,0.28999999165534973,0.0,0.30000001192092896,0.019999999552965164,0.019999999552965164,0.10999999940395355,0.029999999329447746,0.21,0.0,0.0,-0.1
284,Cathal McCarthy,Defender,Hull City,4.0,11,a,100,False,False,1,374,1.0,3,0.0,0.0,0.0,0.0,0.0,0.0,0.0,0.0,0.0,0.0,0.0,0.0,0.0,0.0,0.0,0.0,0.0,0.0,0.0,0.0,0.0,0.5,0.0,6,0.1,387,427,0.28999999165534973,0.0,0.30000001192092896,0.019999999552965164,0.019999999552965164,0.10999999940395355,0.029999999329447746,0.21,0.0,0.09,-0.1
285,Paddy McNair,Defender,Hull City,4.0,11,a,100,False,False,1,374,1.0,3,0.0,0.25,0.0,0.0,0.0,0.0,0.0,0.0,0.0,0.0,0.0,0.0,0.0,0.125,0.2962962962962964,3.25,0.0,0.0,0.0,0.0,1.0,0.5,0.0,6,0.1,189,403,0.3700000047683716,0.0,0.30000001192092896,0.019999999552965164,0.019999999552965164,0.10999999940395355,0.029999999329447746,0.21,0.0,0.11,-0.1
286,Mohamed Belloumi,Midfielder,Hull City,5.1,11,a,100,False,False,1,374,1.0,3,8.0,6.75,74.0,9.72972972972973,0.6666666666666666,0.3333333333333333,0.6666666666666666,0.6666666666666666,17.333333333333332,12.066666666666668,38.06666666666667,0.0,0.0,8.875,7.222222222222223,71.25,1.0,0.125,20.25,10.7375,4.0,0.5,1.0,6,5.1,74662,24186,3.7300000190734863,0.36000001430511475,7.670000076293945,0.15000000596046448,0.07999999821186066,0.20000000298023224,0.3799999952316284,3.58,0.872,3.4,-0.1
287,Liam Millar,Midfielder,Hull City,5.0,11,u,0,False,False,1,374,1.0,3,2.0,1.5,10.333333333333334,17.419354838709676,0.3333333333333333,0.0,0.0,0.0,4.333333333333333,0.26666666666666666,11.333333333333334,0.0,0.0,0.75,0.8888888888888891,6.25,0.125,0.0,1.875,0.1375,2.0,0.5,0.0,6,0.0,0,297,0.5899999737739563,0.0,1.7300000190734863,0.03999999910593033,0.019999999552965164,0.07999999821186066,0.05999999865889549,1.29,0.22,0.0,-0.1
288,Kieran Dowell,Midfielder,Hull City,4.5,11,a,100,False,False,1,374,1.0,3,0.0,0.0,0.0,0.0,0.0,0.0,0.0,0.0,0.0,0.0,0.0,0.0,0.0,0.0,0.0,0.0,0.0,0.0,0.0,0.0,0.0,0.5,0.0,6,0.3,576,1959,0.25999999046325684,0.0,0.5,0.029999999329447746,0.019999999552965164,0.05000000074505806,0.05999999865889549,0.26,0.0,0.08,-0.1
289,Matt Crooks,Midfielder,Hull City,4.4,11,a,100,False,False,1,374,1.0,3,0.3333333333333333,0.75,22.666666666666668,1.3235294117647056,0.0,0.0,0.0,0.0,0.0,0.13333333333333333,3.6666666666666665,0.0,0.3333333333333333,0.75,0.925925925925926,45.25,0.0,0.0,0.0,0.5,2.0,0.5,0.0,6,0.5,4969,4100,1.0199999809265137,0.14000000059604645,2.4700000286102295,0.029999999329447746,0.019999999552965164,0.07000000029802322,0.05999999865889549,1.27,0.381,0.58,-0.1
290,Regan Slater,Midfielder,Hull City,4.5,11,a,100,False,False,1,374,1.0,3,2.3333333333333335,3.25,90.0,2.3333333333333335,0.0,0.0,0.6666666666666666,0.0,5.666666666666667,14.0,13.200000000000001,0.0,0.3333333333333333,2.75,3.407407407407408,90.0,0.0,0.125,5.75,19.2875,4.0,0.5,0.0,6,5.2,15398,36536,2.869999885559082,0.8500000238418579,5.760000228881836,0.05000000074505806,0.1599999964237213,0.12999999523162842,0.17000000178813934,3.04,1.0,2.87,-0.1
291,Eliot Matazo,Midfielder,Hull City,4.5,11,i,0,False,False,1,374,1.0,3,0.0,0.0,0.0,0.0,0.0,0.0,0.0,0.0,0.0,0.0,0.0,0.0,0.0,0.0,0.0,0.0,0.0,0.0,0.0,0.0,0.0,0.5,0.0,6,0.0,29,52,0.25999999046325684,0.0,0.5,0.029999999329447746,0.019999999552965164,0.05000000074505806,0.05999999865889549,0.26,0.0,0.0,-0.1
292,Abdülkadir Ömür,Midfielder,Hull City,4.9,11,a,100,False,False,1,374,1.0,3,0.0,0.0,0.0,0.0,0.0,0.0,0.0,0.0,0.0,0.0,0.0,0.0,0.0,0.0,0.0,0.0,0.0,0.0,0.0,0.0,0.0,0.5,0.0,6,0.0,84,145,0.27000001072883606,0.0,0.7599999904632568,0.029999999329447746,0.019999999552965164,0.05000000074505806,0.05999999865889549,0.26,0.0,0.08,-0.1
293,Abu Kamara,Midfielder,Hull City,5.0,11,u,0,False,False,1,374,1.0,3,0.0,0.0,0.0,0.0,0.0,0.0,0.0,0.0,0.0,0.0,0.0,0.0,0.0,0.0,0.0,0.0,0.0,0.0,0.0,0.0,0.0,0.5,0.0,6,0.0,0,12,0.33000001311302185,0.0,0.8799999952316284,0.029999999329447746,0.019999999552965164,0.05000000074505806,0.05999999865889549,0.27,0.0,0.0,-0.1
294,Óscar Zambrano,Midfielder,Hull City,4.5,11,a,100,False,False,1,374,1.0,3,0.0,0.0,0.0,0.0,0.0,0.0,0.0,0.0,0.0,0.0,0.0,0.0,0.0,0.0,0.0,0.0,0.0,0.0,0.0,0.0,0.0,0.5,0.0,6,0.1,144,484,0.25999999046325684,0.0,0.5,0.029999999329447746,0.019999999552965164,0.05000000074505806,0.05999999865889549,0.26,0.0,0.08,-0.1
295,Oli McBurnie,Forward,Hull City,5.5,11,a,100,False,False,1,374,1.0,3,2.3333333333333335,3.0,87.0,2.413793103448276,0.0,0.3333333333333333,0.6666666666666666,0.0,14.0,11.800000000000002,9.000000000000002,0.0,0.6666666666666666,3.25,3.4074074074074083,85.5,0.0,0.625,20.75,12.525000000000002,4.0,0.5,0.0,6,1.9,7727,17630,3.3499999046325684,0.05000000074505806,6.119999885559082,0.23999999463558197,0.11999999731779099,0.11999999731779099,0.15000000596046448,3.49,0.977,3.3,-0.1
296,David Akintola,Midfielder,Hull City,5.0,11,u,0,False,False,1,374,1.0,3,0.0,0.0,0.0,0.0,0.0,0.0,0.0,0.0,0.0,0.0,0.0,0.0,0.0,0.0,0.0,0.0,0.0,0.0,0.0,0.0,0.0,0.5,0.0,6,0.0,0,260,0.33000001311302185,0.0,0.8799999952316284,0.029999999329447746,0.019999999552965164,0.05000000074505806,0.05999999865889549,0.27,0.0,0.0,-0.1
297,Darko Gyabi,Midfielder,Hull City,4.4,11,i,0,False,False,1,374,1.0,3,0.0,0.0,0.0,0.0,0.0,0.0,0.0,0.0,0.0,0.0,0.0,0.0,0.0,0.0,0.0,0.0,0.0,0.0,0.0,0.0,0.0,0.5,0.0,6,0.0,57,137,0.25999999046325684,0.0,0.5,0.029999999329447746,0.019999999552965164,0.05000000074505806,0.05999999865889549,0.26,0.0,0.0,-0.1
298,Enis Destan,Forward,Hull City,4.5,11,u,0,False,False,1,374,1.0,3,0.0,0.0,0.0,0.0,0.0,0.0,0.0,0.0,0.0,0.0,0.0,0.0,0.0,0.0,0.0,0.0,0.0,0.0,0.0,0.0,0.0,0.5,0.0,6,0.2,0,1282,0.2800000011920929,0.0,0.47999998927116394,0.09000000357627869,0.05000000074505806,0.05000000074505806,0.15000000596046448,0.64,0.0,0.0,-0.1
299,Mason Burstow,Forward,Hull City,4.5,11,u,0,False,False,1,374,1.0,3,0.0,0.0,0.0,0.0,0.0,0.0,0.0,0.0,0.0,0.0,0.0,0.0,0.0,0.0,0.0,0.0,0.0,0.0,0.0,0.0,0.0,0.5,0.0,6,0.0,0,211,0.2800000011920929,0.0,0.47999998927116394,0.09000000357627869,0.05000000074505806,0.05000000074505806,0.15000000596046448,0.64,0.0,0.0,-0.1
340,Joe Gelhardt,Midfielder,Hull City,5.0,11,a,100,False,False,1,374,1.0,3,0.0,0.0,0.0,0.0,0.0,0.0,0.0,0.0,0.0,0.0,0.0,0.0,0.0,0.0,0.0,0.0,0.0,0.0,0.0,0.0,0.0,0.5,0.0,6,0.0,95,108,0.33000001311302185,0.0,0.8799999952316284,0.029999999329447746,0.019999999552965164,0.05000000074505806,0.05999999865889549,0.27,0.0,0.1,-0.1
556,Matt Targett,Defender,Hull City,4.0,11,d,75,False,False,1,374,1.0,3,0.0,0.25,0.0,0.0,0.0,0.0,0.0,0.0,0.0,0.0,0.0,0.0,0.0,0.125,0.2962962962962964,0.625,0.0,0.0,0.0,0.0,1.0,0.5,0.0,6,1.6,111,9678,0.3700000047683716,0.0,0.30000001192092896,0.019999999552965164,0.019999999552965164,0.10999999940395355,0.029999999329447746,0.21,0.0,0.08,-0.1
563,Hidemasa Morita,Midfielder,Hull City,4.9,11,i,0,False,False,1,374,1.0,3,0.3333333333333333,0.25,15.0,1.9999999999999998,0.0,0.0,0.0,0.0,0.0,4.466666666666667,3.6666666666666665,0.0,0.0,0.125,0.14814814814814817,5.625,0.0,0.0,0.0,1.675,1.0,0.5,0.0,6,0.0,24,174,0.8299999833106995,0.0,1.899999976158142,0.029999999329447746,0.019999999552965164,0.05000000074505806,0.05999999865889549,1.26,0.285,0.0,-0.1
572,Konstantinos Tzolakis,Goalkeeper,Hull City,4.7,11,a,100,False,False,1,374,1.0,3,6.0,7.0,90.0,6.0,0.0,0.0,0.6666666666666666,1.0,0.0,0.0,22.399999999999995,3.0,0.0,5.0,6.444444444444446,90.0,0.0,0.0,0.0,0.0,4.0,0.5,0.0,6,12.8,123546,21177,3.140000104904175,0.07000000029802322,3.3299999237060547,0.0,0.0,0.09000000357627869,0.33000001311302185,2.69,1.0,3.14,-0.1
574,Jens Hjertø-Dahl,Midfielder,Hull City,4.9,11,a,100,False,False,1,374,1.0,3,0.3333333333333333,0.25,2.6666666666666665,11.25,0.0,0.0,0.0,0.0,0.0,0.0,0.0,0.0,0.0,0.25,0.22222222222222224,2.0,0.0,0.0,0.0,0.0,1.0,0.5,0.0,6,0.1,75,323,0.4099999964237213,0.0,0.8199999928474426,0.029999999329447746,0.019999999552965164,0.05000000074505806,0.05999999865889549,1.26,0.085,0.15,-0.1
576,Elliot Stroud,Midfielder,Hull City,5.0,11,a,100,False,False,1,374,1.0,3,1.3333333333333333,1.75,59.666666666666664,2.011173184357542,0.0,0.0,0.3333333333333333,0.0,4.0,5.966666666666666,0.0,0.0,0.3333333333333333,1.625,1.888888888888889,61.0,0.0,0.0,2.375,4.987500000000001,4.0,0.5,0.0,6,0.1,143,455,2.0899999141693115,0.28999999165534973,4.070000171661377,0.07000000029802322,0.05000000074505806,0.12999999523162842,0.05999999865889549,1.53,0.75,1.72,-0.1
585,Lucas Herrington,Defender,Hull City,4.0,11,a,100,False,False,1,374,1.0,3,1.0,1.0,27.0,3.333333333333333,0.0,0.0,0.0,0.0,0.0,0.23333333333333336,3.733333333333333,0.0,0.0,1.0,1.0,27.375,0.0,0.0,0.0,0.25,4.0,0.5,0.0,6,0.6,1020,1650,0.5899999737739563,0.0,1.190000057220459,0.019999999552965164,0.019999999552965164,0.10999999940395355,0.029999999329447746,1.21,0.431,0.35,-0.1
586,Nobel Mendy,Defender,Hull City,4.1,11,a,100,False,False,1,374,1.0,3,3.3333333333333335,6.25,62.0,4.838709677419355,0.0,0.0,0.3333333333333333,0.0,7.0,0.26666666666666666,18.8,0.0,0.0,4.5,6.703703703703705,61.625,0.125,0.0,8.5,0.32499999999999996,4.0,0.5,0.0,6,6.3,6816,33148,1.7200000286102295,0.05000000074505806,5.889999866485596,0.019999999552965164,0.019999999552965164,0.10999999940395355,0.07999999821186066,2.7,0.77,1.44,-0.1
589,Lucas Gourna-Douath,Midfielder,Hull City,5.0,11,a,100,False,False,1,374,1.0,3,1.0,0.75,42.0,2.142857142857143,0.0,0.0,0.3333333333333333,0.0,0.0,7.5,8.733333333333334,0.0,0.3333333333333333,0.625,0.5925925925925927,25.875,0.0,0.0,0.0,5.5125,2.0,0.5,0.0,6,0.0,32,106,1.5099999904632568,0.0,3.0799999237060547,0.029999999329447746,0.019999999552965164,0.09000000357627869,0.05999999865889549,1.29,0.587,1.07,-0.1
617,Mohamed-Ali Cho,Midfielder,Hull City,5.0,11,a,100,False,False,1,374,1.0,3,1.0,1.0,15.0,6.0,0.0,0.0,0.0,0.0,12.666666666666666,6.266666666666667,3.533333333333333,0.0,0.0,1.0,1.0,18.75,0.0,0.0,14.75,9.325,3.0,0.3333333333333333,0.0,6,0.0,345,147,1.7799999713897705,0.009999999776482582,4.489999771118164,0.07999999821186066,0.03999999910593033,0.10999999940395355,0.05999999865889549,1.6,0.285,0.89,-0.1
632,Ilyas Ansah,Forward,Hull City,5.0,11,i,0,False,False,1,374,1.0,3,0.0,0.0,0.0,0.0,0.0,0.0,0.0,0.0,0.0,0.0,0.0,0.0,0.0,0.0,0.0,0.0,0.0,0.0,0.0,0.0,0.0,0.5,0.0,6,0.0,72,407,0.3400000035762787,0.0,0.9200000166893005,0.09000000357627869,0.05000000074505806,0.05000000074505806,0.15000000596046448,0.64,0.0,0.0,-0.1
637,Robinio Vaz,Forward,Hull City,5.0,11,a,100,False,False,1,374,1.0,3,0.5,0.5,4.0,11.25,0.0,0.0,0.0,0.0,0.0,0.25,0.0,0.0,0.0,0.5,0.3333333333333333,4.0,0.0,0.0,0.0,0.25,1.0,0.5,0.0,6,0.1,1791,1130,0.4000000059604645,0.0,0.9700000286102295,0.05000000074505806,0.05000000074505806,0.05000000074505806,0.15000000596046448,1.52,0.113,0.15,-0.1
638,Brooke Norton-Cuffy,Defender,Hull City,4.0,11,d,75,False,False,1,374,1.0,3,0.5,0.5,17.0,2.6470588235294117,0.0,0.0,0.0,0.0,4.5,0.3,1.1,0.0,0.5,0.5,0.6666666666666667,17.0,0.0,0.0,4.5,0.3,2.0,0.5,0.0,6,0.2,449,2527,1.5199999809265137,0.0,1.940000057220459,0.019999999552965164,0.019999999552965164,0.11999999731779099,0.05999999865889549,1.23,0.311,0.59,-0.1
642,Sorba Thomas,Midfielder,Hull City,5.5,11,a,100,False,False,1,374,1.0,3,1.0,1.0,28.5,3.1578947368421053,0.0,0.0,0.0,0.0,2.0,12.8,4.4,0.0,0.0,1.0,1.0,28.5,0.0,0.0,2.0,12.8,2.0,0.5,0.0,6,0.0,458,345,1.5099999904632568,0.10999999940395355,3.5,0.03999999910593033,0.019999999552965164,0.11999999731779099,0.07999999821186066,1.35,0.447,0.93,-0.1
645,Christos Mouzakitis,Midfielder,Hull City,5.0,11,a,100,False,False,1,374,1.0,3,0.0,0.0,0.0,0.0,0.0,0.0,0.0,0.0,0.0,0.0,0.0,0.0,0.0,0.0,0.0,0.0,0.0,0.0,0.0,0.0,0.0,0.5,0.0,6,0.0,87,88,0.33000001311302185,0.0,0.8799999952316284,0.029999999329447746,0.019999999552965164,0.05000000074505806,0.05999999865889549,0.27,0.0,0.1,-0.1
259,Issa Diop,Defender,Ipswich Town,4.0,12,a,100,False,False,1,824,1.0,2,2.0,2.0,90.0,2.0,0.0,0.0,0.0,0.0,0.6666666666666666,4.3,27.666666666666668,0.0,0.0,1.75,1.888888888888889,90.0,0.0,0.0,1.25,3.7375000000000003,4.0,0.5,0.0,6,12.7,6913,54303,2.4200000762939453,0.0,4.71999979019165,0.019999999552965164,0.10000000149011612,0.10999999940395355,0.07999999821186066,2.94,1.0,2.42,-0.1
267,Saša Lukić,Midfielder,Ipswich Town,4.9,12,a,100,False,False,1,824,1.0,2,1.3333333333333333,2.25,79.33333333333333,1.5126050420168067,0.0,0.0,0.0,0.0,1.3333333333333333,16.53333333333333,12.666666666666666,0.0,0.6666666666666666,1.75,2.4074074074074083,80.75,0.0,0.125,1.5,18.6375,4.0,0.5,0.0,6,0.1,188,511,2.180000066757202,0.5099999904632568,3.569999933242798,0.05000000074505806,0.10999999940395355,0.1599999964237213,0.05999999865889549,2.8,0.915,2.05,-0.1
300,Christian Walton,Goalkeeper,Ipswich Town,4.4,12,a,100,False,False,1,824,1.0,2,0.0,0.0,0.0,0.0,0.0,0.0,0.0,0.0,0.0,0.0,0.0,0.0,0.0,0.0,0.0,0.0,0.0,0.0,0.0,0.0,0.0,0.5,0.0,6,0.4,1640,1009,0.029999999329447746,0.0,0.10000000149011612,0.0,0.0,0.019999999552965164,0.029999999329447746,0.03,0.0,0.01,-0.1
301,Alex Palmer,Goalkeeper,Ipswich Town,4.0,12,a,100,False,False,1,824,1.0,2,0.0,0.0,0.0,0.0,0.0,0.0,0.0,0.0,0.0,0.0,0.0,0.0,0.0,0.0,0.0,0.0,0.0,0.0,0.0,0.0,0.0,0.5,0.0,6,3.9,3892,11658,0.029999999329447746,0.0,0.10000000149011612,0.0,0.0,0.019999999552965164,0.029999999329447746,0.03,0.0,0.01,-0.1
302,David Button,Goalkeeper,Ipswich Town,4.0,12,a,100,False,False,1,824,1.0,2,0.0,0.0,0.0,0.0,0.0,0.0,0.0,0.0,0.0,0.0,0.0,0.0,0.0,0.0,0.0,0.0,0.0,0.0,0.0,0.0,0.0,0.5,0.0,6,0.6,1424,1296,0.029999999329447746,0.0,0.10000000149011612,0.0,0.0,0.019999999552965164,0.029999999329447746,0.03,0.0,0.01,-0.1
303,Cédric Kipré,Defender,Ipswich Town,3.9,12,a,100,False,False,1,824,1.0,2,0.0,0.0,0.0,0.0,0.0,0.0,0.0,0.0,0.0,0.0,0.0,0.0,0.0,0.0,0.0,0.0,0.0,0.0,0.0,0.0,0.0,0.5,-1.0,6,0.9,4408,4292,0.3700000047683716,0.0,0.4000000059604645,0.019999999552965164,0.019999999552965164,0.10999999940395355,0.029999999329447746,0.2,0.0,0.11,-0.1
304,Dara O'Shea,Defender,Ipswich Town,4.0,12,a,100,False,False,1,824,1.0,2,1.3333333333333333,2.0,90.0,1.3333333333333333,0.0,0.0,0.0,0.0,5.666666666666667,12.0,17.8,0.0,0.0,1.75,2.1851851851851856,90.0,0.0,0.0,4.375,19.6625,4.0,0.5,0.0,6,2.7,1928,14475,2.0,0.0,5.300000190734863,0.019999999552965164,0.019999999552965164,0.10999999940395355,0.09000000357627869,2.72,1.0,2.0,-0.1
305,Leif Davis,Defender,Ipswich Town,4.0,12,a,100,False,False,1,824,1.0,2,7.0,5.75,90.0,7.0,0.6666666666666666,0.6666666666666666,0.0,0.3333333333333333,36.0,17.76666666666667,39.73333333333333,0.0,0.0,8.25,6.37037037037037,90.0,0.625,1.0,30.5,16.05,4.0,0.5,0.0,6,6.9,49281,26993,3.190000057220459,0.0,7.829999923706055,0.019999999552965164,0.2199999988079071,0.10999999940395355,0.28999999165534973,3.53,1.0,3.19,-0.1
306,Jacob Greaves,Defender,Ipswich Town,4.0,12,a,100,False,False,1,824,1.0,2,0.3333333333333333,0.75,89.0,0.33707865168539325,0.0,0.0,0.0,0.0,1.3333333333333333,5.2,17.400000000000002,0.0,0.3333333333333333,0.875,1.0000000000000002,88.5,0.0,0.0,1.0,4.4,4.0,0.5,0.0,6,1.1,463,3384,2.0899999141693115,0.05000000074505806,5.559999942779541,0.019999999552965164,0.019999999552965164,0.10999999940395355,0.11999999731779099,2.74,0.992,2.08,-0.1
307,Ben Johnson,Defender,Ipswich Town,4.0,12,u,0,False,False,1,824,1.0,2,0.0,0.0,0.0,0.0,0.0,0.0,0.0,0.0,0.0,0.0,0.0,0.0,0.0,0.0,0.0,0.0,0.0,0.0,0.0,0.0,0.0,0.5,0.0,6,0.1,0,355,0.2800000011920929,0.0,0.4000000059604645,0.019999999552965164,0.019999999552965164,0.10999999940395355,0.029999999329447746,0.2,0.0,0.0,-0.1
308,Darnell Furlong,Defender,Ipswich Town,3.9,12,a,100,False,False,1,824,1.0,2,0.3333333333333333,0.25,5.666666666666667,5.2941176470588225,0.0,0.0,0.0,0.0,0.0,0.16666666666666666,1.6666666666666667,0.0,0.0,0.125,0.14814814814814817,2.125,0.0,0.0,0.0,0.0625,1.0,0.5,-1.0,6,0.6,6319,2835,0.699999988079071,0.0,0.9399999976158142,0.019999999552965164,0.019999999552965164,0.10999999940395355,0.029999999329447746,1.2,0.144,0.28,-0.1
309,Marcelino Núñez,Midfielder,Ipswich Town,4.9,12,a,100,False,False,1,824,1.0,2,0.6666666666666666,1.5,20.333333333333332,2.9508196721311477,0.0,0.0,0.0,0.0,0.6666666666666666,4.033333333333333,3.8666666666666667,0.0,0.0,0.75,1.481481481481482,17.5,0.0,0.0,0.75,2.425,2.0,0.5,-1.0,6,0.1,95,625,1.190000057220459,0.029999999329447746,2.6700000762939453,0.029999999329447746,0.019999999552965164,0.07000000029802322,0.05999999865889549,1.26,0.353,0.65,-0.1
310,Azor Matusiwa,Midfielder,Ipswich Town,4.9,12,a,100,False,False,1,824,1.0,2,0.0,0.0,0.0,0.0,0.0,0.0,0.0,0.0,0.0,0.0,0.0,0.0,0.0,0.0,0.0,0.0,0.0,0.0,0.0,0.0,0.0,0.5,0.0,6,0.0,15,18,0.25999999046325684,0.0,0.8399999737739563,0.029999999329447746,0.019999999552965164,0.05000000074505806,0.05999999865889549,0.26,0.0,0.08,-0.1
311,Wes Burns,Midfielder,Ipswich Town,5.0,12,u,0,False,False,1,824,1.0,2,0.0,0.0,0.0,0.0,0.0,0.0,0.0,0.0,0.0,0.0,0.0,0.0,0.0,0.0,0.0,0.0,0.0,0.0,0.0,0.0,0.0,0.5,0.0,6,0.0,0,8,0.3100000023841858,0.0,0.9700000286102295,0.029999999329447746,0.019999999552965164,0.05000000074505806,0.05999999865889549,0.27,0.0,0.0,-0.1
312,Jack Taylor,Midfielder,Ipswich Town,4.4,12,i,0,False,False,1,824,1.0,2,0.0,0.0,0.0,0.0,0.0,0.0,0.0,0.0,0.0,0.0,0.0,0.0,0.0,0.0,0.0,0.0,0.0,0.0,0.0,0.0,0.0,0.5,0.0,6,0.0,376,264,0.25,0.0,0.5899999737739563,0.029999999329447746,0.019999999552965164,0.05000000074505806,0.05999999865889549,0.26,0.0,0.0,-0.1
313,Jack Clarke,Midfielder,Ipswich Town,5.4,12,a,100,False,False,1,824,1.0,2,0.6666666666666666,2.25,28.666666666666668,2.093023255813953,0.0,0.0,0.0,0.0,8.333333333333334,8.233333333333333,2.8000000000000003,0.0,0.3333333333333333,1.625,2.6296296296296306,39.375,0.125,0.0,13.75,9.5,3.0,0.5,0.0,6,0.2,141,910,1.7799999713897705,0.10999999940395355,5.21999979019165,0.11999999731779099,0.029999999329447746,0.07000000029802322,0.05999999865889549,1.73,0.449,1.09,-0.1
314,Chiedozie Ogbene,Midfielder,Ipswich Town,4.9,12,u,0,False,False,1,824,1.0,2,0.0,0.0,0.0,0.0,0.0,0.0,0.0,0.0,0.0,0.0,0.0,0.0,0.0,0.0,0.0,0.0,0.0,0.0,0.0,0.0,0.0,0.5,0.0,6,0.0,0,65,0.25999999046325684,0.0,0.8399999737739563,0.029999999329447746,0.019999999552965164,0.05000000074505806,0.05999999865889549,0.26,0.0,0.0,-0.1
315,Abdul Fatawu,Midfielder,Ipswich Town,5.4,12,s,0,False,False,1,824,1.0,2,2.3333333333333335,2.25,73.66666666666667,2.850678733031674,0.0,0.3333333333333333,0.0,0.0,4.0,28.83333333333333,14.333333333333334,0.0,0.6666666666666666,1.75,1.9629629629629632,68.375,0.0,0.125,5.25,22.7125,4.0,0.5,-1.0,6,0.2,55,2453,2.319999933242798,0.6399999856948853,4.769999980926514,0.029999999329447746,0.10000000149011612,0.11999999731779099,0.05999999865889549,2.65,0.869,0.0,-0.1
316,Emersonn Correia da Silva,Forward,Ipswich Town,5.5,12,a,100,False,False,1,824,1.0,2,5.0,6.0,57.333333333333336,7.848837209302326,0.3333333333333333,0.3333333333333333,0.0,1.0,14.333333333333334,7.833333333333333,16.933333333333334,0.0,0.0,7.75,7.25925925925926,61.0,0.625,0.5,23.75,10.875,4.0,0.5,0.0,6,3.5,33332,22637,3.549999952316284,0.0,7.079999923706055,0.30000001192092896,0.11999999731779099,0.09000000357627869,0.14000000059604645,2.71,0.729,2.88,-0.1
317,George Hirst,Forward,Ipswich Town,5.0,12,u,0,False,False,1,824,1.0,2,0.0,0.0,0.0,0.0,0.0,0.0,0.0,0.0,0.0,0.0,0.0,0.0,0.0,0.0,0.0,0.0,0.0,0.0,0.0,0.0,0.0,0.5,0.0,6,0.1,0,463,0.3199999928474426,0.0,0.8500000238418579,0.09000000357627869,0.05000000074505806,0.05000000074505806,0.15000000596046448,0.65,0.0,0.0,-0.1
318,Jaden Philogene,Midfielder,Ipswich Town,5.4,12,a,100,False,False,1,824,1.0,2,0.3333333333333333,0.25,9.333333333333334,3.214285714285714,0.0,0.0,0.0,0.0,3.0,0.26666666666666666,1.1333333333333333,0.0,0.0,0.5,0.3333333333333333,14.0,0.0,0.0,4.5,0.4,1.0,0.5,0.0,6,0.1,33,154,0.8899999856948853,0.0,2.890000104904175,0.029999999329447746,0.029999999329447746,0.05999999865889549,0.05999999865889549,1.3,0.205,0.39,-0.1
319,Sam Szmodics,Midfielder,Ipswich Town,5.0,12,u,0,False,False,1,824,1.0,2,0.0,0.0,0.0,0.0,0.0,0.0,0.0,0.0,0.0,0.0,0.0,0.0,0.0,0.0,0.0,0.0,0.0,0.0,0.0,0.0,0.0,0.5,0.0,6,0.0,0,13,0.3100000023841858,0.0,0.9700000286102295,0.029999999329447746,0.019999999552965164,0.05000000074505806,0.05999999865889549,0.27,0.0,0.0,-0.1
320,Chuba Akpom,Forward,Ipswich Town,5.0,12,a,100,False,False,1,824,1.0,2,1.6666666666666667,1.5,15.0,10.0,0.3333333333333333,0.0,0.0,0.0,5.666666666666667,0.5666666666666667,11.066666666666668,0.0,0.0,0.75,1.0370370370370372,8.625,0.125,0.0,2.375,0.2125,2.0,0.5,0.0,6,1.2,4952,9443,0.4099999964237213,0.0,0.9300000071525574,0.05999999865889549,0.05000000074505806,0.05000000074505806,0.15000000596046448,1.55,0.285,0.2,-0.1
321,Sindre Walle Egeli,Forward,Ipswich Town,4.5,12,a,100,False,False,1,824,1.0,2,0.0,0.25,0.0,0.0,0.0,0.0,0.0,0.0,0.0,0.0,0.0,0.0,0.0,0.125,0.2962962962962964,1.25,0.0,0.0,0.0,0.0125,1.0,0.5,0.0,6,3.5,17660,26222,0.27000001072883606,0.0,0.44999998807907104,0.09000000357627869,0.05000000074505806,0.05000000074505806,0.15000000596046448,0.65,0.0,0.08,-0.1
322,Ali Al-Hamadi,Forward,Ipswich Town,5.0,12,u,0,False,False,1,824,1.0,2,0.0,0.0,0.0,0.0,0.0,0.0,0.0,0.0,0.0,0.0,0.0,0.0,0.0,0.0,0.0,0.0,0.0,0.0,0.0,0.0,0.0,0.5,0.0,6,0.0,0,362,0.3199999928474426,0.0,0.8500000238418579,0.09000000357627869,0.05000000074505806,0.05000000074505806,0.15000000596046448,0.65,0.0,0.0,-0.1
323,Kasey McAteer,Midfielder,Ipswich Town,4.4,12,a,100,False,False,1,824,1.0,2,0.6666666666666666,0.75,6.0,10.0,0.0,0.0,0.0,0.0,2.3333333333333335,0.16666666666666666,1.1333333333333333,0.0,0.0,0.5,0.6666666666666667,6.625,0.0,0.0,1.75,0.2875,3.0,0.5,0.0,6,1.0,1442,6295,0.5299999713897705,0.0,1.4700000286102295,0.029999999329447746,0.019999999552965164,0.05000000074505806,0.05999999865889549,1.27,0.15,0.21,-0.1
324,Anis Mehmeti,Midfielder,Ipswich Town,4.8,12,a,100,False,False,1,824,1.0,2,0.0,0.0,0.0,0.0,0.0,0.0,0.0,0.0,0.0,0.0,0.0,0.0,0.0,0.0,0.0,0.0,0.0,0.0,0.0,0.0,0.0,0.5,0.0,6,0.0,71,139,0.25,0.0,0.7699999809265137,0.029999999329447746,0.019999999552965164,0.05000000074505806,0.05999999865889549,0.26,0.0,0.08,-0.1
554,Kayne van Oevelen,Goalkeeper,Ipswich Town,4.5,12,u,0,False,False,1,824,1.0,2,0.0,0.0,0.0,0.0,0.0,0.0,0.0,0.0,0.0,0.0,0.0,0.0,0.0,0.0,0.0,0.0,0.0,0.0,0.0,0.0,0.0,0.5,0.0,6,0.0,0,80,0.10000000149011612,0.0,0.4000000059604645,0.0,0.0,0.019999999552965164,0.029999999329447746,0.03,0.0,0.0,-0.1
562,Daizen Maeda,Midfielder,Ipswich Town,5.3,12,a,100,False,False,1,824,1.0,2,1.6666666666666667,1.75,54.666666666666664,2.7439024390243905,0.0,0.0,0.0,0.0,12.0,1.2666666666666666,5.399999999999999,0.0,0.0,1.5,1.6666666666666667,48.625,0.0,0.0,7.5,1.525,4.0,0.5,0.0,6,0.2,131,1436,1.899999976158142,0.30000001192092896,4.769999980926514,0.03999999910593033,0.03999999910593033,0.09000000357627869,0.05999999865889549,1.35,0.705,1.51,-0.1
564,Kjell Scherpen,Goalkeeper,Ipswich Town,4.5,12,a,100,False,False,1,824,1.0,2,1.6666666666666667,1.75,90.0,1.666666666666667,0.0,0.0,0.0,0.0,0.0,0.0,29.73333333333333,4.333333333333333,0.0,1.5,1.6666666666666667,90.0,0.0,0.0,0.0,0.0,4.0,0.5,0.0,6,0.6,608,2743,1.4800000190734863,0.0,2.9100000858306885,0.0,0.0,0.05999999865889549,0.029999999329447746,2.28,1.0,1.48,-0.1
571,Florentino Ibrain Morris Luís,Midfielder,Ipswich Town,4.8,12,a,100,False,False,1,824,1.0,2,0.3333333333333333,0.25,4.333333333333333,6.923076923076923,0.0,0.0,0.0,0.0,0.6666666666666666,7.1000000000000005,3.0,0.0,0.0,0.5,0.3333333333333333,6.5,0.0,0.0,1.0,10.65,1.0,0.5,0.0,6,0.1,109,328,1.1299999952316284,0.05000000074505806,2.5399999618530273,0.029999999329447746,0.019999999552965164,0.10000000149011612,0.05999999865889549,1.27,0.12,0.43,-0.1
591,Julio Enciso,Midfielder,Ipswich Town,5.5,12,a,100,False,False,1,824,1.0,2,2.6666666666666665,3.25,90.0,2.6666666666666665,0.0,0.3333333333333333,0.0,0.0,19.0,16.233333333333334,11.4,0.0,0.3333333333333333,2.5,3.1111111111111116,87.5,0.0,0.25,17.125,15.825000000000001,4.0,0.5,0.0,6,0.8,2153,6000,3.559999942779541,1.1799999475479126,7.159999847412109,0.10999999940395355,0.23000000417232513,0.15000000596046448,0.3799999952316284,3.74,1.0,3.56,-0.1
592,Abdoul Ouattara,Defender,Ipswich Town,4.0,12,a,100,False,False,1,824,1.0,2,1.0,1.0,10.333333333333334,8.709677419354838,0.0,0.0,0.0,0.0,0.0,4.933333333333333,2.1333333333333333,0.0,0.0,1.0,1.0,7.375,0.0,0.0,0.0,4.925,4.0,0.5,0.0,6,0.9,665,2026,0.7200000286102295,0.0,1.350000023841858,0.019999999552965164,0.019999999552965164,0.10999999940395355,0.029999999329447746,1.2,0.22,0.33,-0.1
602,Cameron Humphreys,Midfielder,Ipswich Town,4.5,12,u,0,False,False,1,824,1.0,2,0.0,0.0,0.0,0.0,0.0,0.0,0.0,0.0,0.0,0.0,0.0,0.0,0.0,0.0,0.0,0.0,0.0,0.0,0.0,0.0,0.0,0.5,0.0,6,0.0,0,236,0.25,0.0,0.5899999737739563,0.029999999329447746,0.019999999552965164,0.05000000074505806,0.05999999865889549,0.26,0.0,0.0,-0.1
619,Exequiel Palacios,Midfielder,Ipswich Town,5.0,12,a,100,False,False,1,824,1.0,2,3.0,3.0,65.0,4.153846153846154,0.0,0.0,0.0,0.0,1.3333333333333333,13.466666666666667,15.133333333333333,0.0,0.0,3.25,2.666666666666667,71.25,0.0,0.0,1.5,11.575,3.0,0.3333333333333333,0.0,6,0.1,493,817,2.0199999809265137,0.30000001192092896,3.930000066757202,0.03999999910593033,0.009999999776482582,0.11999999731779099,0.05999999865889549,2.42,0.796,1.73,-0.1
640,Zian Flemming,Forward,Ipswich Town,5.5,12,a,100,False,False,1,824,1.0,2,3.0,3.0,25.5,10.588235294117647,0.5,0.0,0.0,0.0,25.5,0.9,19.1,0.0,0.0,3.0,2.333333333333333,25.5,0.5,0.0,25.5,0.9,2.0,0.5,0.0,6,0.1,889,969,2.75,0.05000000074505806,5.989999771118164,0.23999999463558197,0.05000000074505806,0.07999999821186066,0.15000000596046448,2.27,0.414,1.62,-0.1
260,Harry Wilson,Midfielder,Leeds,6.2,13,i,0,False,False,0,411,1.0,5,0.6666666666666666,1.25,26.666666666666668,2.25,0.0,0.0,0.0,0.0,2.6666666666666665,12.366666666666669,4.333333333333333,0.0,0.3333333333333333,1.0,1.3703703703703707,27.0,0.0,0.0,1.75,10.85,4.0,0.5,-1.0,6,1.7,72,39687,1.440000057220459,0.03999999910593033,3.3499999046325684,0.05999999865889549,0.019999999552965164,0.10000000149011612,0.09000000357627869,1.43,0.427,0.0,-0.1
326,Lucas Estella Perri,Goalkeeper,Leeds,4.5,13,u,0,False,False,0,411,1.0,5,0.0,0.0,0.0,0.0,0.0,0.0,0.0,0.0,0.0,0.0,0.0,0.0,0.0,0.0,0.0,0.0,0.0,0.0,0.0,0.0,0.0,0.5,0.0,6,0.3,0,1260,0.10000000149011612,0.0,0.4099999964237213,0.0,0.0,0.019999999552965164,0.029999999329447746,0.03,0.0,0.0,-0.1
327,Jaka Bijol,Defender,Leeds,5.0,13,a,100,False,False,0,411,1.0,5,0.6666666666666666,3.0,24.666666666666668,2.4324324324324325,0.0,0.0,0.0,0.0,0.0,0.06666666666666667,4.866666666666667,0.0,0.0,1.625,3.3333333333333344,24.125,0.0,0.0,1.875,0.07500000000000001,3.0,0.5,0.0,6,0.7,780,5436,1.2999999523162842,0.0,3.809999942779541,0.019999999552965164,0.019999999552965164,0.10999999940395355,0.10000000149011612,1.27,0.404,0.76,-0.1
329,Joe Rodon,Defender,Leeds,4.3,13,i,0,False,False,0,411,1.0,5,0.3333333333333333,1.75,11.0,2.727272727272727,0.0,0.0,0.0,0.0,0.6666666666666666,0.09999999999999999,2.8666666666666667,0.0,0.0,0.875,1.925925925925926,15.375,0.0,0.0,0.875,1.8375000000000001,2.0,0.5,0.0,6,0.8,44,8636,0.9900000095367432,0.0,2.4800000190734863,0.019999999552965164,0.019999999552965164,0.10999999940395355,0.029999999329447746,1.21,0.23,0.0,-0.1
330,Jayden Bogle,Defender,Leeds,4.6,13,a,100,False,False,0,411,1.0,5,10.333333333333334,9.25,69.66666666666667,13.349282296650717,0.6666666666666666,0.0,0.6666666666666666,2.0,36.0,10.5,33.93333333333333,0.0,0.3333333333333333,12.0,10.185185185185187,75.625,0.75,0.0,44.25,11.225,4.0,0.5,1.0,6,7.2,121732,24852,2.700000047683716,0.05000000074505806,6.869999885559082,0.05000000074505806,0.07999999821186066,0.10999999940395355,0.07000000029802322,3.08,0.836,2.39,-0.1
331,Gabriel Gudmundsson,Defender,Leeds,4.5,13,a,100,False,False,0,411,1.0,5,2.6666666666666665,2.0,54.0,4.444444444444445,0.0,0.0,0.3333333333333333,0.0,2.0,3.266666666666666,7.533333333333334,0.0,0.0,3.5,2.4444444444444446,58.5,0.0,0.0,2.5,4.6,2.0,0.5,0.0,6,0.1,510,323,1.5700000524520874,0.0,4.849999904632568,0.019999999552965164,0.019999999552965164,0.10999999940395355,0.05999999865889549,1.23,0.699,1.24,-0.1
332,James Justin,Defender,Leeds,4.5,13,a,100,False,False,0,411,1.0,5,2.6666666666666665,4.5,90.0,2.6666666666666665,0.0,0.0,0.0,0.0,11.333333333333334,12.966666666666669,19.933333333333334,0.0,0.0,3.5,4.814814814814817,90.0,0.0,0.0,8.625,14.9375,4.0,0.5,0.0,6,1.4,4090,5695,2.809999942779541,0.05000000074505806,7.329999923706055,0.019999999552965164,0.029999999329447746,0.10999999940395355,0.11999999731779099,2.8,1.0,2.81,-0.1
333,Sebastiaan Bornauw,Defender,Leeds,4.5,13,u,0,False,False,0,411,1.0,5,0.0,0.0,0.0,0.0,0.0,0.0,0.0,0.0,0.0,0.0,0.0,0.0,0.0,0.0,0.0,0.0,0.0,0.0,0.0,0.0,0.0,0.5,0.0,6,0.0,0,5,0.5299999713897705,0.0,1.75,0.019999999552965164,0.019999999552965164,0.10999999940395355,0.029999999329447746,0.21,0.0,0.0,-0.1
334,Tarik Muharemović,Defender,Leeds,5.0,13,a,100,False,False,0,411,1.0,5,5.0,5.25,90.0,5.0,0.0,0.3333333333333333,0.0,0.0,2.0,4.033333333333333,39.26666666666667,0.0,0.0,5.75,5.5925925925925934,90.0,0.0,0.5,3.875,5.625,4.0,0.5,0.0,6,4.3,27022,23192,2.4000000953674316,0.05000000074505806,5.570000171661377,0.019999999552965164,0.18000000715255737,0.10999999940395355,0.10999999940395355,3.23,1.0,2.4,-0.1
335,Anton Stach,Midfielder,Leeds,6.0,13,a,100,False,False,0,411,1.0,5,3.0,5.5,89.0,3.033707865168539,0.0,0.0,0.3333333333333333,0.0,11.666666666666666,24.633333333333336,17.333333333333332,0.0,0.0,4.125,5.888888888888891,88.5,0.125,0.0,13.25,26.737499999999997,4.0,0.5,0.0,6,2.5,4677,19154,3.890000104904175,1.2000000476837158,7.559999942779541,0.09000000357627869,0.15000000596046448,0.14000000059604645,0.3700000047683716,3.39,0.992,3.87,-0.1
336,Noah Okafor,Midfielder,Leeds,5.8,13,a,100,False,False,0,411,1.0,5,4.666666666666667,3.75,66.66666666666667,6.299999999999999,0.3333333333333333,0.0,0.6666666666666666,0.3333333333333333,11.0,8.633333333333335,16.400000000000002,0.0,0.0,5.625,4.2592592592592595,62.25,0.5,0.0,12.75,11.7375,4.0,0.5,-1.0,6,0.4,1721,3290,2.619999885559082,0.4000000059604645,6.559999942779541,0.11999999731779099,0.029999999329447746,0.17000000178813934,0.18000000715255737,3.03,0.811,2.27,-0.1
337,Brenden Aaronson,Midfielder,Leeds,5.3,13,a,100,False,False,0,411,1.0,5,1.0,1.5,30.333333333333332,2.967032967032967,0.0,0.0,0.0,0.0,0.6666666666666666,0.6333333333333333,0.8000000000000002,0.0,0.0,1.25,1.5925925925925928,31.75,0.0,0.0,1.875,0.6125,4.0,0.5,0.0,6,0.5,210,3301,0.9800000190734863,0.03999999910593033,2.430000066757202,0.029999999329447746,0.019999999552965164,0.05999999865889549,0.05999999865889549,1.29,0.467,0.61,-0.1
338,Ethan Ampadu,Midfielder,Leeds,5.4,13,a,100,False,False,0,411,1.0,5,3.6666666666666665,4.0,90.0,3.6666666666666665,0.0,0.3333333333333333,0.0,0.0,1.6666666666666667,6.533333333333334,17.066666666666666,0.0,0.0,4.875,4.555555555555555,90.0,0.0,0.5,2.125,6.1625000000000005,4.0,0.5,0.0,6,0.9,1562,4803,2.6700000762939453,0.9399999976158142,5.03000020980835,0.07000000029802322,0.17000000178813934,0.11999999731779099,0.10000000149011612,3.08,1.0,2.67,-0.1
339,Sean Longstaff,Midfielder,Leeds,4.9,13,a,100,False,False,0,411,1.0,5,0.3333333333333333,0.5,0.6666666666666666,45.0,0.0,0.0,0.0,0.0,0.0,0.0,0.0,0.0,0.0,0.625,0.6296296296296298,2.0,0.0,0.0,0.0,0.025,2.0,0.5,0.0,6,0.1,129,615,0.44999998807907104,0.0,1.659999966621399,0.05000000074505806,0.019999999552965164,0.05000000074505806,0.07999999821186066,0.38,0.032,0.15,-0.1
341,Wilfried Gnonto,Midfielder,Leeds,5.0,13,u,0,False,False,0,411,1.0,5,0.0,0.0,0.0,0.0,0.0,0.0,0.0,0.0,0.0,0.0,0.0,0.0,0.0,0.0,0.0,0.0,0.0,0.0,0.0,0.0,0.0,0.5,0.0,6,0.0,0,52,0.33000001311302185,0.0,0.8799999952316284,0.029999999329447746,0.019999999552965164,0.05000000074505806,0.05999999865889549,0.27,0.0,0.0,-0.1
342,Jack Harrison,Midfielder,Leeds,5.0,13,u,0,False,False,0,411,1.0,5,0.0,0.0,0.0,0.0,0.0,0.0,0.0,0.0,0.0,0.0,0.0,0.0,0.0,0.0,0.0,0.0,0.0,0.0,0.0,0.0,0.0,0.5,0.0,6,0.0,0,5,0.33000001311302185,0.0,0.8799999952316284,0.029999999329447746,0.019999999552965164,0.05000000074505806,0.05999999865889549,0.27,0.0,0.0,-0.1
343,Daniel James,Midfielder,Leeds,4.9,13,a,100,False,False,0,411,1.0,5,0.6666666666666666,0.5,9.666666666666666,6.206896551724138,0.0,0.0,0.0,0.0,5.0,0.3666666666666667,0.0,0.0,0.0,0.625,0.4814814814814815,6.25,0.0,0.0,3.0,0.1375,2.0,0.5,-1.0,6,0.1,181,544,0.46000000834465027,0.0,1.309999942779541,0.029999999329447746,0.019999999552965164,0.05000000074505806,0.07999999821186066,1.3,0.21,0.21,-0.1
344,Ilia Gruev,Midfielder,Leeds,5.0,13,a,100,False,False,0,411,1.0,5,0.0,0.0,0.0,0.0,0.0,0.0,0.0,0.0,0.0,0.0,0.0,0.0,0.0,0.0,0.0,0.0,0.0,0.0,0.0,0.0,0.0,0.5,0.0,6,0.0,47,18,0.33000001311302185,0.0,0.8799999952316284,0.029999999329447746,0.019999999552965164,0.05000000074505806,0.05999999865889549,0.27,0.0,0.1,-0.1
345,Tanaka Ao,Midfielder,Leeds,4.9,13,a,100,False,False,0,411,1.0,5,4.0,3.0,62.666666666666664,5.744680851063831,0.0,0.6666666666666666,0.3333333333333333,0.0,5.0,5.7,16.666666666666668,0.0,0.0,4.375,3.2592592592592595,59.125,0.0,0.75,4.25,4.825,3.0,0.5,0.0,6,0.3,2157,2213,2.130000114440918,0.3100000023841858,4.489999771118164,0.05000000074505806,0.11999999731779099,0.1599999964237213,0.07999999821186066,2.86,0.776,1.8,-0.1
346,Dominic Calvert-Lewin,Forward,Leeds,6.0,13,a,100,False,False,0,411,1.0,5,6.333333333333333,5.0,79.66666666666667,7.15481171548117,0.6666666666666666,0.3333333333333333,0.3333333333333333,1.3333333333333333,41.0,9.166666666666666,31.266666666666666,0.0,0.6666666666666666,6.375,5.037037037037037,79.0,0.625,0.5,44.5,9.525,4.0,0.5,0.0,6,24.8,91511,165860,3.0199999809265137,0.05000000074505806,6.110000133514404,0.2199999988079071,0.09000000357627869,0.28999999165534973,0.14000000059604645,3.28,0.918,2.85,-0.1
347,Lukas Nmecha,Forward,Leeds,5.4,13,a,100,False,False,0,411,1.0,5,2.0,1.5,16.666666666666668,10.799999999999999,0.0,0.3333333333333333,0.0,0.0,5.0,7.466666666666668,6.133333333333333,0.0,0.0,1.25,1.1481481481481484,12.875,0.0,0.125,3.0,3.1375,3.0,0.5,0.0,6,0.5,1968,3660,0.8199999928474426,0.0,3.130000114440918,0.12999999523162842,0.05000000074505806,0.029999999329447746,0.1899999976158142,1.87,0.307,0.42,-0.1
348,Joël Piroe,Forward,Leeds,5.0,13,u,0,False,False,0,411,1.0,5,0.0,0.0,0.0,0.0,0.0,0.0,0.0,0.0,0.0,0.0,0.0,0.0,0.0,0.0,0.0,0.0,0.0,0.0,0.0,0.0,0.0,0.5,0.0,6,0.1,0,416,0.3400000035762787,0.0,0.9100000262260437,0.09000000357627869,0.05000000074505806,0.029999999329447746,0.15000000596046448,0.64,0.0,0.0,-0.1
349,Mateo Joseph Fernández-Regatillo,Forward,Leeds,4.5,13,i,0,False,False,0,411,1.0,5,0.0,0.0,0.0,0.0,0.0,0.0,0.0,0.0,0.0,0.0,0.0,0.0,0.0,0.0,0.0,0.0,0.0,0.0,0.0,0.0,0.0,0.5,0.0,6,0.1,309,473,0.2800000011920929,0.0,0.5099999904632568,0.09000000357627869,0.05000000074505806,0.029999999329447746,0.15000000596046448,0.64,0.0,0.0,-0.1
385,James Trafford,Goalkeeper,Leeds,5.0,13,a,100,False,False,0,411,1.0,5,3.0,4.5,90.0,3.0,0.0,0.0,0.0,0.0,0.0,0.0,33.800000000000004,4.0,0.0,3.75,4.777777777777779,90.0,0.0,0.0,0.0,0.0,4.0,0.5,0.0,6,5.5,21715,14507,1.5199999809265137,0.05000000074505806,3.130000114440918,0.0,0.0,0.05000000074505806,0.05999999865889549,2.26,1.0,1.52,-0.1
598,Nico Elvedi,Defender,Leeds,4.5,13,a,100,False,False,0,411,1.0,5,2.3333333333333335,1.75,78.66666666666667,2.669491525423729,0.0,0.0,0.0,0.0,7.333333333333333,7.7,20.733333333333334,0.0,0.0,2.125,1.7037037037037037,74.5,0.0,0.0,7.25,5.862500000000001,3.0,0.5,0.0,6,0.1,221,227,2.240000009536743,0.05000000074505806,5.269999980926514,0.019999999552965164,0.029999999329447746,0.10999999940395355,0.07000000029802322,2.74,0.91,2.1,-0.1
603,Jayden Lienou,Defender,Leeds,4.0,13,a,100,False,False,0,411,1.0,5,0.0,0.0,0.0,0.0,0.0,0.0,0.0,0.0,0.0,0.0,0.0,0.0,0.0,0.0,0.0,0.0,0.0,0.0,0.0,0.0,0.0,0.5,0.0,6,0.1,233,506,0.27000001072883606,0.0,0.3199999928474426,0.019999999552965164,0.019999999552965164,0.10999999940395355,0.029999999329447746,0.21,0.0,0.08,-0.1
604,Alfie Cresswell,Midfielder,Leeds,4.5,13,a,100,False,False,0,411,1.0,5,0.0,0.0,0.0,0.0,0.0,0.0,0.0,0.0,0.0,0.0,0.0,0.0,0.0,0.0,0.0,0.0,0.0,0.0,0.0,0.0,0.0,0.5,0.0,6,0.1,299,875,0.25999999046325684,0.0,0.5,0.029999999329447746,0.019999999552965164,0.05000000074505806,0.05999999865889549,0.26,0.0,0.08,-0.1
625,Alex Cairns,Goalkeeper,Leeds,4.0,13,a,100,False,False,0,411,1.0,5,0.0,0.0,0.0,0.0,0.0,0.0,0.0,0.0,0.0,0.0,0.0,0.0,0.0,0.0,0.0,0.0,0.0,0.0,0.0,0.0,0.0,0.6666666666666666,0.0,6,0.2,823,762,0.029999999329447746,0.0,0.10000000149011612,0.0,0.0,0.019999999552965164,0.029999999329447746,0.03,0.0,0.01,-0.1
629,Michael Zetterer,Goalkeeper,Leeds,4.0,13,a,100,False,False,0,411,1.0,5,0.0,0.0,0.0,0.0,0.0,0.0,0.0,0.0,0.0,0.0,0.0,0.0,0.0,0.0,0.0,0.0,0.0,0.0,0.0,0.0,0.0,0.5,0.0,6,0.7,2975,2730,0.029999999329447746,0.0,0.10000000149011612,0.0,0.0,0.019999999552965164,0.029999999329447746,0.03,0.0,0.01,-0.1
641,Melvin Bard,Defender,Leeds,4.5,13,a,100,False,False,0,411,1.0,5,0.5,0.5,9.0,5.0,0.0,0.0,0.0,0.0,0.0,5.15,2.2,0.0,0.0,0.5,0.3333333333333333,9.0,0.0,0.0,0.0,5.15,1.0,0.5,0.0,6,0.0,95,79,1.0800000429153442,0.0,3.069999933242798,0.019999999552965164,0.019999999552965164,0.10999999940395355,0.029999999329447746,1.21,0.2,0.47,-0.1
648,Jean-Mattéo Bahoya,Midfielder,Leeds,5.0,13,a,100,False,False,0,411,1.0,5,0.0,0.0,0.0,0.0,0.0,0.0,0.0,0.0,0.0,0.0,0.0,0.0,0.0,0.0,0.0,0.0,0.0,0.0,0.0,0.0,0.0,0.5,0.0,6,0.0,105,172,0.33000001311302185,0.0,0.8799999952316284,0.029999999329447746,0.019999999552965164,0.05000000074505806,0.05999999865889549,0.27,0.0,0.1,-0.1
350,Alisson Becker,Goalkeeper,Liverpool,5.5,14,a,100,False,False,1,603,1.0,4,5.666666666666667,4.75,90.0,5.666666666666667,0.0,0.0,0.6666666666666666,1.0,0.0,0.0,19.666666666666668,3.0,0.3333333333333333,6.75,5.37037037037037,90.0,0.0,0.0,0.0,0.0,4.0,0.5,0.0,6,4.1,12689,11397,4.989999771118164,0.07000000029802322,6.360000133514404,0.0,0.0,0.41999998688697815,0.38999998569488525,4.09,1.0,4.99,-0.1
351,Giorgi Mamardashvili,Goalkeeper,Liverpool,4.9,14,a,100,False,False,1,603,1.0,4,0.0,0.0,0.0,0.0,0.0,0.0,0.0,0.0,0.0,0.0,0.0,0.0,0.0,0.0,0.0,0.0,0.0,0.0,0.0,0.0,0.0,0.5,0.0,6,0.1,249,602,0.14000000059604645,0.0,0.7099999785423279,0.0,0.0,0.029999999329447746,0.03999999910593033,0.04,0.0,0.04,-0.1
352,Freddie Woodman,Goalkeeper,Liverpool,4.0,14,a,100,False,False,1,603,1.0,4,0.0,0.0,0.0,0.0,0.0,0.0,0.0,0.0,0.0,0.0,0.0,0.0,0.0,0.0,0.0,0.0,0.0,0.0,0.0,0.0,0.0,0.5,0.0,6,1.0,767,2320,0.029999999329447746,0.0,0.10000000149011612,0.0,0.0,0.019999999552965164,0.029999999329447746,0.03,0.0,0.01,-0.1
353,Armin Pecsi,Goalkeeper,Liverpool,4.0,14,u,0,False,False,1,603,1.0,4,0.0,0.0,0.0,0.0,0.0,0.0,0.0,0.0,0.0,0.0,0.0,0.0,0.0,0.0,0.0,0.0,0.0,0.0,0.0,0.0,0.0,0.5,0.0,6,0.0,0,59,0.029999999329447746,0.0,0.10000000149011612,0.0,0.0,0.019999999552965164,0.029999999329447746,0.03,0.0,0.0,-0.1
354,Vitezslav Jaros,Goalkeeper,Liverpool,4.0,14,i,0,False,False,1,603,1.0,4,0.0,0.0,0.0,0.0,0.0,0.0,0.0,0.0,0.0,0.0,0.0,0.0,0.0,0.0,0.0,0.0,0.0,0.0,0.0,0.0,0.0,0.5,0.0,6,0.0,202,156,0.029999999329447746,0.0,0.10000000149011612,0.0,0.0,0.019999999552965164,0.029999999329447746,0.03,0.0,0.0,-0.1
355,Harvey Davies,Goalkeeper,Liverpool,4.0,14,a,100,False,False,1,603,1.0,4,0.0,0.0,0.0,0.0,0.0,0.0,0.0,0.0,0.0,0.0,0.0,0.0,0.0,0.0,0.0,0.0,0.0,0.0,0.0,0.0,0.0,0.5,0.0,6,0.2,284,459,0.029999999329447746,0.0,0.10000000149011612,0.0,0.0,0.019999999552965164,0.029999999329447746,0.03,0.0,0.01,-0.1
356,Virgil van Dijk,Defender,Liverpool,6.5,14,a,100,False,False,1,603,1.0,4,5.0,4.25,90.0,5.0,0.0,0.0,0.6666666666666666,0.0,0.6666666666666666,6.3,24.53333333333333,0.0,0.0,5.875,4.740740740740741,90.0,0.0,0.0,3.25,7.5875,4.0,0.5,0.0,6,16.2,20720,42792,3.200000047683716,0.05000000074505806,5.559999942779541,0.019999999552965164,0.029999999329447746,0.14000000059604645,0.23000000417232513,3.02,1.0,3.2,-0.1
357,Jeremie Frimpong,Defender,Liverpool,5.3,14,a,100,False,False,1,603,1.0,4,0.6666666666666666,0.5,29.333333333333332,2.0454545454545454,0.0,0.0,0.0,0.0,2.0,12.9,8.6,0.0,0.0,0.625,0.4814814814814815,29.0,0.0,0.0,2.75,18.9,3.0,0.5,-1.0,6,1.8,1578,12512,1.0399999618530273,0.0,3.359999895095825,0.019999999552965164,0.03999999910593033,0.10999999940395355,0.05999999865889549,1.3,0.456,0.64,-0.1
358,Milos Kerkez,Defender,Liverpool,5.3,14,a,100,False,False,1,603,1.0,4,2.3333333333333335,1.75,68.33333333333333,3.073170731707317,0.0,0.0,0.3333333333333333,0.0,0.0,10.4,15.866666666666667,0.0,0.3333333333333333,1.875,1.5925925925925926,65.0,0.0,0.0,1.5,9.7,4.0,0.5,0.0,6,2.2,2572,10179,1.7200000286102295,0.0,5.260000228881836,0.019999999552965164,0.019999999552965164,0.10999999940395355,0.07000000029802322,2.68,0.825,1.51,-0.1
359,Joe Gomez,Defender,Liverpool,4.9,14,a,100,False,False,1,603,1.0,4,0.0,0.0,0.0,0.0,0.0,0.0,0.0,0.0,0.0,0.0,0.0,0.0,0.0,0.0,0.0,0.0,0.0,0.0,0.0,0.0,0.0,0.5,-1.0,6,0.0,316,112,0.6499999761581421,0.0,1.7799999713897705,0.019999999552965164,0.019999999552965164,0.10999999940395355,0.03999999910593033,0.22,0.0,0.19,-0.1
360,Conor Bradley,Defender,Liverpool,5.0,14,i,0,False,False,1,603,1.0,4,0.0,0.0,0.0,0.0,0.0,0.0,0.0,0.0,0.0,0.0,0.0,0.0,0.0,0.0,0.0,0.0,0.0,0.0,0.0,0.0,0.0,0.5,0.0,6,0.0,54,80,0.7099999785423279,0.0,1.8300000429153442,0.019999999552965164,0.019999999552965164,0.10999999940395355,0.05999999865889549,0.24,0.0,0.0,-0.1
361,Wellity Lucky,Defender,Liverpool,4.0,14,a,100,False,False,1,603,1.0,4,0.0,0.0,0.0,0.0,0.0,0.0,0.0,0.0,0.0,0.0,0.0,0.0,0.0,0.0,0.0,0.0,0.0,0.0,0.0,0.0,0.0,0.5,0.0,6,0.1,286,559,0.30000001192092896,0.0,0.30000001192092896,0.019999999552965164,0.019999999552965164,0.10999999940395355,0.029999999329447746,0.2,0.0,0.09,-0.1
362,Jeremy Jacquet,Defender,Liverpool,5.0,14,a,100,False,False,1,603,1.0,4,5.666666666666667,4.5,85.33333333333333,5.976562500000001,0.0,0.0,0.6666666666666666,1.0,1.3333333333333333,10.3,24.599999999999998,0.0,0.3333333333333333,6.25,4.851851851851852,85.625,0.0,0.0,0.75,8.15,4.0,0.5,0.0,6,3.5,32825,13002,1.7200000286102295,0.05000000074505806,5.71999979019165,0.019999999552965164,0.14000000059604645,0.10999999940395355,0.15000000596046448,3.15,0.963,1.68,-0.1
363,Giovanni Leoni,Defender,Liverpool,4.0,14,i,0,False,False,1,603,1.0,4,0.0,0.0,0.0,0.0,0.0,0.0,0.0,0.0,0.0,0.0,0.0,0.0,0.0,0.0,0.0,0.0,0.0,0.0,0.0,0.0,0.0,0.5,0.0,6,0.0,65,174,0.30000001192092896,0.0,0.30000001192092896,0.019999999552965164,0.019999999552965164,0.10999999940395355,0.029999999329447746,0.2,0.0,0.0,-0.1
364,Kostas Tsimikas,Defender,Liverpool,4.9,14,a,100,False,False,1,603,1.0,4,0.6666666666666666,0.5,21.333333333333332,2.8125,0.0,0.0,0.0,0.0,3.0,0.9666666666666668,2.1333333333333333,0.0,0.0,0.625,0.4814814814814815,24.875,0.0,0.0,1.125,0.9625,2.0,0.5,0.0,6,0.1,90,387,0.9100000262260437,0.0,2.559999942779541,0.019999999552965164,0.019999999552965164,0.10999999940395355,0.029999999329447746,1.21,0.365,0.51,-0.1
365,Calvin Ramsay,Defender,Liverpool,4.0,14,u,0,False,False,1,603,1.0,4,0.0,0.0,0.0,0.0,0.0,0.0,0.0,0.0,0.0,0.0,0.0,0.0,0.0,0.0,0.0,0.0,0.0,0.0,0.0,0.0,0.0,0.5,0.0,6,0.1,0,464,0.30000001192092896,0.0,0.30000001192092896,0.019999999552965164,0.019999999552965164,0.10999999940395355,0.029999999329447746,0.2,0.0,0.0,-0.1
366,Florian Wirtz,Midfielder,Liverpool,7.3,14,a,100,False,False,1,603,1.0,4,3.3333333333333335,3.0,90.0,3.333333333333334,0.0,0.3333333333333333,0.6666666666666666,0.0,18.666666666666668,30.033333333333335,14.0,0.0,0.3333333333333333,3.0,2.851851851851852,86.5,0.0,0.125,17.875,29.675,4.0,0.5,-1.0,6,5.7,3230,41291,4.809999942779541,1.3700000047683716,9.210000038146973,0.15000000596046448,0.5799999833106995,0.17000000178813934,0.44999998807907104,5.12,1.0,4.81,-0.1
367,Cody Gakpo,Midfielder,Liverpool,7.2,14,d,75,False,False,1,603,1.0,4,5.666666666666667,7.25,63.333333333333336,8.052631578947368,0.0,1.0,0.3333333333333333,0.6666666666666666,8.666666666666666,23.933333333333334,24.53333333333333,0.0,0.0,5.375,7.074074074074074,57.5,0.125,0.625,12.125,19.049999999999997,4.0,0.5,0.0,6,12.4,50852,87083,3.0899999141693115,0.7599999904632568,6.639999866485596,0.17000000178813934,0.12999999523162842,0.1899999976158142,0.3400000035762787,3.79,0.782,1.96,-0.1
368,Dominik Szoboszlai,Midfielder,Liverpool,7.0,14,a,100,False,False,1,603,1.0,4,3.3333333333333335,4.5,90.0,3.333333333333334,0.0,0.0,0.6666666666666666,0.0,11.333333333333334,42.1,18.933333333333334,0.0,0.0,3.75,4.629629629629631,90.0,0.125,0.0,12.875,46.300000000000004,4.0,0.5,0.0,6,32.8,35032,208365,5.929999828338623,1.4299999475479126,12.220000267028809,0.15000000596046448,0.25999999046325684,0.17000000178813934,0.5,4.19,1.0,5.93,-0.1
369,Rio Ngumoha,Midfielder,Liverpool,5.7,14,a,100,False,False,1,603,1.0,4,0.6666666666666666,1.0,12.333333333333334,4.864864864864865,0.0,0.0,0.0,0.0,2.0,0.7000000000000001,0.6666666666666666,0.0,0.0,0.875,1.0740740740740744,19.125,0.0,0.0,2.875,1.3125,3.0,0.5,0.0,6,0.5,752,4180,1.409999966621399,0.009999999776482582,4.320000171661377,0.03999999910593033,0.029999999329447746,0.05999999865889549,0.07999999821186066,1.36,0.249,0.67,-0.1
370,Federico Chiesa,Midfielder,Liverpool,5.3,14,i,0,False,False,1,603,1.0,4,0.0,0.0,0.0,0.0,0.0,0.0,0.0,0.0,0.0,0.0,0.0,0.0,0.0,0.0,0.0,0.0,0.0,0.0,0.0,0.0,0.0,0.5,0.0,6,0.0,16,243,0.33000001311302185,0.0,0.9200000166893005,0.029999999329447746,0.019999999552965164,0.05999999865889549,0.05999999865889549,0.27,0.0,0.0,-0.1
371,Ryan Gravenberch,Midfielder,Liverpool,5.8,14,a,100,False,False,1,603,1.0,4,1.0,2.0,34.666666666666664,2.5961538461538463,0.0,0.0,0.0,0.0,0.6666666666666666,8.4,8.733333333333334,0.0,0.0,1.5,2.185185185185186,48.0,0.0,0.125,1.5,9.6375,4.0,0.5,0.0,6,1.1,1188,8921,1.659999966621399,0.11999999731779099,4.03000020980835,0.05000000074505806,0.029999999329447746,0.10000000149011612,0.09000000357627869,1.41,0.513,1.09,-0.1
372,Alexis Mac Allister,Midfielder,Liverpool,5.4,14,a,100,False,False,1,603,1.0,4,1.6666666666666667,1.5,63.0,2.380952380952381,0.0,0.0,0.3333333333333333,0.0,7.333333333333333,14.299999999999999,12.799999999999999,0.0,0.3333333333333333,1.375,1.3703703703703707,48.625,0.0,0.0,6.5,15.5375,4.0,0.5,0.0,6,1.3,3762,6749,2.0799999237060547,0.4399999976158142,4.579999923706055,0.029999999329447746,0.03999999910593033,0.18000000715255737,0.05999999865889549,2.52,0.779,1.76,-0.1
373,Curtis Jones,Midfielder,Liverpool,5.5,14,u,0,False,False,1,603,1.0,4,0.0,0.0,0.0,0.0,0.0,0.0,0.0,0.0,0.0,0.0,0.0,0.0,0.0,0.0,0.0,0.0,0.0,0.0,0.0,0.0,0.0,0.5,0.0,6,0.0,0,60,0.5299999713897705,0.0,1.909999966621399,0.03999999910593033,0.019999999552965164,0.07000000029802322,0.07999999821186066,0.34,0.0,0.0,-0.1
374,Endo Wataru,Midfielder,Liverpool,4.9,14,a,100,False,False,1,603,1.0,4,0.0,0.0,0.0,0.0,0.0,0.0,0.0,0.0,0.0,0.0,0.0,0.0,0.0,0.0,0.0,0.0,0.0,0.0,0.0,0.0,0.0,0.5,0.0,6,0.1,162,435,0.27000001072883606,0.0,0.7799999713897705,0.029999999329447746,0.019999999552965164,0.05000000074505806,0.05999999865889549,0.26,0.0,0.08,-0.1
375,Trey Nyoni,Midfielder,Liverpool,4.9,14,a,100,False,False,1,603,1.0,4,0.6666666666666666,0.5,6.333333333333333,9.473684210526315,0.0,0.0,0.0,0.0,0.0,0.7666666666666667,2.2,0.0,0.0,0.375,0.3703703703703704,3.125,0.0,0.0,0.0,0.30000000000000004,2.0,0.5,0.0,6,0.0,91,307,0.6800000071525574,0.0,1.3899999856948853,0.029999999329447746,0.019999999552965164,0.05000000074505806,0.05999999865889549,1.26,0.156,0.28,-0.1
376,Stefan Bajčetić Maquieira,Midfielder,Liverpool,5.0,14,u,0,False,False,1,603,1.0,4,0.0,0.0,0.0,0.0,0.0,0.0,0.0,0.0,0.0,0.0,0.0,0.0,0.0,0.0,0.0,0.0,0.0,0.0,0.0,0.0,0.0,0.5,0.0,6,0.0,0,2,0.33000001311302185,0.0,0.8999999761581421,0.029999999329447746,0.019999999552965164,0.05000000074505806,0.05999999865889549,0.27,0.0,0.0,-0.1
377,Victor Munoz,Midfielder,Liverpool,6.5,14,a,100,False,False,1,603,1.0,4,3.3333333333333335,3.5,70.66666666666667,4.245283018867924,0.3333333333333333,0.0,0.3333333333333333,0.0,24.0,7.5,15.466666666666669,0.0,0.3333333333333333,2.5,3.074074074074075,59.875,0.125,0.125,25.375,4.987500000000001,4.0,0.5,0.0,6,0.9,1405,11308,3.0299999713897705,0.5799999833106995,6.869999885559082,0.10000000149011612,0.019999999552965164,0.18000000715255737,0.09000000357627869,2.86,0.844,2.7,-0.1
378,James McConnell,Midfielder,Liverpool,4.4,14,a,100,False,False,1,603,1.0,4,0.0,0.0,0.0,0.0,0.0,0.0,0.0,0.0,0.0,0.0,0.0,0.0,0.0,0.0,0.0,0.0,0.0,0.0,0.0,0.0,0.0,0.5,-1.0,6,0.2,1047,1475,0.25999999046325684,0.0,0.4699999988079071,0.029999999329447746,0.019999999552965164,0.05000000074505806,0.05999999865889549,0.26,0.0,0.08,-0.1
379,Alexander Isak,Forward,Liverpool,9.1,14,d,75,False,False,1,603,1.0,4,7.666666666666667,6.25,81.0,8.518518518518519,1.0,0.0,0.6666666666666666,1.6666666666666667,36.666666666666664,6.500000000000001,34.06666666666667,0.0,0.0,5.5,5.333333333333334,83.25,0.625,0.0,36.75,6.112500000000001,4.0,0.5,0.0,6,22.4,114210,79389,5.070000171661377,0.05000000074505806,6.739999771118164,0.28999999165534973,0.07999999821186066,0.3499999940395355,0.23999999463558197,3.65,0.929,3.61,-0.1
380,Hugo Ekitiké,Forward,Liverpool,7.4,14,i,0,False,False,1,603,1.0,4,0.0,0.0,0.0,0.0,0.0,0.0,0.0,0.0,0.0,0.0,0.0,0.0,0.0,0.0,0.0,0.0,0.0,0.0,0.0,0.0,0.0,0.5,0.0,6,0.1,363,814,1.7899999618530273,0.0,3.5299999713897705,0.2199999988079071,0.05999999865889549,0.18000000715255737,0.15000000596046448,1.21,0.0,0.0,-0.1
381,Lewis Koumas,Midfielder,Liverpool,5.0,14,a,100,False,False,1,603,1.0,4,0.3333333333333333,0.5,0.3333333333333333,90.0,0.0,0.0,0.0,0.0,0.0,0.0,0.0,0.0,0.0,0.375,0.5185185185185187,1.75,0.0,0.0,0.875,0.0625,2.0,0.5,0.0,6,0.0,151,188,0.5099999904632568,0.0,2.140000104904175,0.05999999865889549,0.019999999552965164,0.05000000074505806,0.07999999821186066,0.41,0.02,0.16,-0.1
382,Jayden Danns,Forward,Liverpool,4.5,14,a,100,False,False,1,603,1.0,4,0.0,0.0,0.0,0.0,0.0,0.0,0.0,0.0,0.0,0.0,0.0,0.0,0.0,0.0,0.0,0.0,0.0,0.0,0.0,0.0,0.0,0.5,0.0,6,0.2,3411,2340,0.27000001072883606,0.0,0.44999998807907104,0.09000000357627869,0.05000000074505806,0.05000000074505806,0.15000000596046448,0.65,0.0,0.08,-0.1
383,Harvey Elliott,Midfielder,Liverpool,5.4,14,u,0,False,False,1,603,1.0,4,0.0,0.0,0.0,0.0,0.0,0.0,0.0,0.0,0.0,0.0,0.0,0.0,0.0,0.0,0.0,0.0,0.0,0.0,0.0,0.0,0.0,0.5,0.0,6,0.0,0,223,0.38999998569488525,0.0,0.9599999785423279,0.029999999329447746,0.019999999552965164,0.07000000029802322,0.05999999865889549,0.27,0.0,0.0,-0.1
579,Ronald Araujo,Defender,Liverpool,5.4,14,a,100,False,False,1,603,1.0,4,4.666666666666667,3.75,58.0,7.241379310344827,0.0,0.0,0.6666666666666666,0.0,1.3333333333333333,2.1666666666666665,11.866666666666667,0.0,0.3333333333333333,5.125,4.074074074074074,62.125,0.0,0.0,1.5,1.9375,4.0,0.5,0.0,6,3.0,16404,10227,1.5499999523162842,0.0,5.409999847412109,0.019999999552965164,0.009999999776482582,0.10999999940395355,0.10000000149011612,1.27,0.735,1.26,-0.1
627,Bradley Barcola,Midfielder,Liverpool,8.0,14,a,100,False,False,1,603,1.0,4,2.0,2.0,48.5,3.711340206185567,0.0,0.0,0.5,0.0,5.0,12.05,4.3,0.0,0.0,2.0,1.6666666666666667,48.5,0.0,0.0,5.0,12.05,2.0,0.5,0.0,6,1.9,10336,18531,3.319999933242798,0.5899999737739563,7.78000020980835,0.05000000074505806,0.20000000298023224,0.14000000059604645,0.15000000596046448,1.98,0.649,2.5,-0.1
155,Enzo Fernández,Midfielder,Man City,6.9,15,a,100,False,False,0,38,1.0,4,1.6666666666666667,1.5,52.0,2.884615384615385,0.0,0.0,0.6666666666666666,0.0,11.0,13.199999999999998,6.866666666666667,0.0,0.3333333333333333,1.875,1.6296296296296298,62.375,0.0,0.0,12.0,16.575,3.0,0.5,0.0,6,3.6,30262,14106,3.0899999141693115,0.4699999988079071,8.529999732971191,0.07999999821186066,0.03999999910593033,0.14000000059604645,0.2800000011920929,1.8,0.681,2.4,-0.1
237,Iliman Ndiaye,Midfielder,Man City,5.8,15,a,100,False,False,0,38,1.0,4,2.6666666666666665,4.25,73.66666666666667,3.2579185520361986,0.0,0.0,0.3333333333333333,0.0,7.333333333333333,11.399999999999999,9.799999999999999,0.0,0.0,2.875,4.25925925925926,66.5,0.0,0.125,10.75,12.1625,4.0,0.5,0.0,6,6.7,6825,67465,3.3499999046325684,0.5199999809265137,6.059999942779541,0.07999999821186066,0.029999999329447746,0.12999999523162842,0.10000000149011612,2.72,0.869,3.04,-0.1
384,Gianluigi Donnarumma,Goalkeeper,Man City,5.5,15,a,100,False,False,0,38,1.0,4,4.666666666666667,4.25,90.0,4.666666666666667,0.0,0.0,0.6666666666666666,0.0,0.0,0.0,18.066666666666666,2.3333333333333335,0.0,5.625,4.777777777777778,90.0,0.0,0.0,0.0,0.0,4.0,0.5,0.0,6,7.6,10470,29749,5.380000114440918,0.07000000029802322,8.210000038146973,0.0,0.0,0.44999998807907104,0.4699999988079071,4.26,1.0,5.38,-0.1
386,Marcus Bettinelli,Goalkeeper,Man City,4.5,15,a,100,False,False,0,38,1.0,4,0.0,0.0,0.0,0.0,0.0,0.0,0.0,0.0,0.0,0.0,0.0,0.0,0.0,0.0,0.0,0.0,0.0,0.0,0.0,0.0,0.0,0.5,0.0,6,0.0,51,87,0.20000000298023224,0.0,0.8100000023841858,0.0,0.0,0.019999999552965164,0.05000000074505806,0.05,0.0,0.06,-0.1
387,Nico O'Reilly,Defender,Man City,6.3,15,a,100,False,False,0,38,1.0,4,1.0,1.25,32.0,2.8125,0.0,0.0,0.0,0.0,1.6666666666666667,2.766666666666667,1.2,0.0,0.0,1.0,1.2222222222222223,22.75,0.0,0.0,2.0,5.0249999999999995,3.0,0.5,0.0,6,10.9,5207,69338,1.4600000381469727,0.0,5.570000171661377,0.029999999329447746,0.03999999910593033,0.12999999523162842,0.09000000357627869,1.37,0.485,0.93,-0.1
388,Marc Guéhi,Defender,Man City,6.0,15,a,100,False,False,0,38,1.0,4,5.333333333333333,6.5,90.0,5.333333333333333,0.0,0.0,0.6666666666666666,0.6666666666666666,1.3333333333333333,8.666666666666666,23.2,0.0,0.0,6.5,7.037037037037039,90.0,0.125,0.0,5.0,6.8625,4.0,0.5,0.0,6,18.2,23047,49942,2.9100000858306885,0.05000000074505806,5.889999866485596,0.019999999552965164,0.05000000074505806,0.10999999940395355,0.17000000178813934,2.88,1.0,2.91,-0.1
389,Matheus Nunes,Defender,Man City,5.9,15,a,100,False,False,0,38,1.0,4,3.0,2.5,30.0,9.0,0.0,0.0,0.3333333333333333,0.3333333333333333,0.0,0.5,10.4,0.0,0.0,4.625,3.2962962962962963,49.125,0.0,0.0,0.5,0.9375,2.0,0.5,0.0,6,1.0,1612,2853,2.430000066757202,0.0,5.590000152587891,0.029999999329447746,0.029999999329447746,0.10999999940395355,0.10000000149011612,1.38,0.463,1.52,-0.1
390,Rúben dos Santos Gato Alves Dias,Defender,Man City,5.5,15,a,100,False,False,0,38,1.0,4,4.666666666666667,4.0,90.0,4.666666666666667,0.0,0.0,0.6666666666666666,0.0,12.333333333333334,9.700000000000001,21.666666666666668,0.0,0.0,5.0,4.222222222222223,90.0,0.0,0.0,5.625,6.775,4.0,0.5,0.0,6,1.9,4572,8921,2.190000057220459,0.05000000074505806,5.920000076293945,0.019999999552965164,0.03999999910593033,0.10999999940395355,0.10999999940395355,2.79,1.0,2.19,-0.1
391,Joško Gvardiol,Defender,Man City,5.7,15,a,100,False,False,0,38,1.0,4,8.0,8.25,84.66666666666667,8.503937007874015,0.0,0.6666666666666666,0.6666666666666666,1.6666666666666667,4.333333333333333,12.933333333333335,20.933333333333334,0.0,0.3333333333333333,9.25,8.851851851851853,88.0,0.125,0.625,6.125,7.7875000000000005,4.0,0.5,1.0,6,26.8,144383,52652,3.559999942779541,0.05000000074505806,7.079999923706055,0.019999999552965164,0.12999999523162842,0.10999999940395355,0.25,3.21,0.958,3.46,-0.1
392,Rayan Aït-Nouri,Defender,Man City,5.3,15,a,100,False,False,0,38,1.0,4,0.0,0.0,0.0,0.0,0.0,0.0,0.0,0.0,0.0,0.0,0.0,0.0,0.0,0.0,0.0,0.0,0.0,0.0,0.0,0.0,0.0,0.5,0.0,6,0.4,515,2135,0.800000011920929,0.0,3.759999990463257,0.029999999329447746,0.019999999552965164,0.10999999940395355,0.07000000029802322,0.3,0.0,0.24,-0.1
393,Abdukodir Khusanov,Defender,Man City,5.4,15,a,100,False,False,0,38,1.0,4,2.3333333333333335,2.25,59.333333333333336,3.539325842696629,0.0,0.0,0.3333333333333333,0.0,1.3333333333333333,3.0666666666666664,11.533333333333333,0.0,0.3333333333333333,1.75,2.0,44.75,0.0,0.0,0.5,2.0625,3.0,0.5,-1.0,6,1.4,1372,8852,2.0399999618530273,0.0,5.880000114440918,0.029999999329447746,0.019999999552965164,0.10999999940395355,0.05000000074505806,1.29,0.747,1.68,-0.1
394,Max Alleyne,Defender,Man City,5.0,15,u,0,False,False,0,38,1.0,4,0.0,0.0,0.0,0.0,0.0,0.0,0.0,0.0,0.0,0.0,0.0,0.0,0.0,0.0,0.0,0.0,0.0,0.0,0.0,0.0,0.0,0.5,0.0,6,0.0,0,20,0.800000011920929,0.0,3.759999990463257,0.029999999329447746,0.019999999552965164,0.10999999940395355,0.07000000029802322,0.3,0.0,0.0,-0.1
395,Rico Lewis,Defender,Man City,4.4,15,a,100,False,False,0,38,1.0,4,0.0,0.25,0.0,0.0,0.0,0.0,0.0,0.0,0.0,0.0,0.0,0.0,0.0,0.125,0.2962962962962964,7.0,0.0,0.0,4.875,0.475,1.0,0.5,0.0,6,0.2,296,1187,0.8500000238418579,0.0,4.170000076293945,0.029999999329447746,0.019999999552965164,0.10999999940395355,0.03999999910593033,0.27,0.0,0.26,-0.1
396,Vitor de Oliveira Nunes dos Reis,Defender,Man City,4.5,15,a,100,False,False,0,38,1.0,4,0.3333333333333333,0.25,0.3333333333333333,90.0,0.0,0.0,0.0,0.0,0.0,0.3,0.39999999999999997,0.0,0.0,0.125,0.14814814814814817,0.125,0.0,0.0,0.0,0.1125,1.0,0.5,0.0,6,0.0,70,148,0.8100000023841858,0.0,4.809999942779541,0.029999999329447746,0.029999999329447746,0.10999999940395355,0.03999999910593033,0.31,0.02,0.25,-0.1
397,Antoine Semenyo,Midfielder,Man City,8.4,15,d,75,False,False,0,38,1.0,4,4.666666666666667,4.0,90.0,4.666666666666667,0.0,0.6666666666666666,0.6666666666666666,0.0,19.0,35.0,18.000000000000004,0.0,0.0,3.875,3.666666666666667,90.0,0.0,0.375,14.625,26.0125,4.0,0.5,0.0,6,15.3,124508,63734,6.099999904632568,1.3700000047683716,10.34000015258789,0.28999999165534973,0.6399999856948853,0.17000000178813934,0.6499999761581421,6.18,1.0,4.57,-0.1
398,Phil Foden,Midfielder,Man City,6.9,15,s,0,False,False,0,38,1.0,4,2.6666666666666665,2.25,45.333333333333336,5.2941176470588225,0.0,0.6666666666666666,0.0,0.3333333333333333,10.0,24.233333333333334,15.733333333333333,0.0,0.0,0.5,1.185185185185186,38.375,0.0,0.25,8.75,21.675,4.0,0.5,-1.0,6,1.8,204,27819,2.5,0.0,4.96999979019165,0.05999999865889549,0.05999999865889549,0.1599999964237213,0.1599999964237213,1.66,0.619,0.0,-0.1
399,Rayan Cherki,Midfielder,Man City,7.8,15,a,100,False,False,0,38,1.0,4,6.0,6.5,63.666666666666664,8.481675392670157,0.6666666666666666,0.0,0.3333333333333333,1.0,25.666666666666668,35.53333333333333,27.933333333333334,0.0,0.3333333333333333,4.0,5.4444444444444455,52.25,0.25,0.25,14.625,28.425,4.0,0.5,0.0,6,28.4,120104,87087,4.369999885559082,0.550000011920929,9.239999771118164,0.2199999988079071,0.38999998569488525,0.18000000715255737,0.6100000143051147,5.06,0.785,3.71,-0.1
400,Jérémy Doku,Midfielder,Man City,7.4,15,a,100,False,False,0,38,1.0,4,0.0,0.0,0.0,0.0,0.0,0.0,0.0,0.0,0.0,0.0,0.0,0.0,0.0,0.0,0.0,0.0,0.0,0.0,0.0,0.0,0.0,0.5,0.0,6,0.7,4191,1994,0.8399999737739563,0.0,3.9700000286102295,0.07000000029802322,0.07999999821186066,0.07000000029802322,0.1599999964237213,0.76,0.0,0.25,-0.1
402,Rodrigo 'Rodri' Hernandez Cascante,Midfielder,Man City,6.5,15,u,0,False,False,0,38,1.0,4,0.0,0.0,0.0,0.0,0.0,0.0,0.0,0.0,0.0,0.0,0.0,0.0,0.0,0.0,0.0,0.0,0.0,0.0,0.0,0.0,0.0,0.5,0.0,6,0.0,0,25,0.5699999928474426,0.0,2.0399999618530273,0.05000000074505806,0.019999999552965164,0.07000000029802322,0.09000000357627869,0.42,0.0,0.0,-0.1
404,Tijjani Reijnders,Midfielder,Man City,6.0,15,u,0,False,False,0,38,1.0,4,0.0,0.0,0.0,0.0,0.0,0.0,0.0,0.0,0.0,0.0,0.0,0.0,0.0,0.0,0.0,0.0,0.0,0.0,0.0,0.0,0.0,0.5,0.0,6,0.0,0,96,0.550000011920929,0.0,1.7100000381469727,0.05000000074505806,0.019999999552965164,0.05999999865889549,0.09000000357627869,0.41,0.0,0.0,-0.1
406,Mateo Kovačić,Midfielder,Man City,5.4,15,a,100,False,False,0,38,1.0,4,0.3333333333333333,0.5,5.0,6.0,0.0,0.0,0.0,0.0,0.0,1.0333333333333334,0.6666666666666666,0.0,0.0,0.25,0.44444444444444453,5.25,0.0,0.0,0.0,0.65,2.0,0.5,0.0,6,0.1,104,449,0.699999988079071,0.15000000596046448,1.559999942779541,0.029999999329447746,0.019999999552965164,0.05000000074505806,0.05999999865889549,1.28,0.132,0.27,-0.1
407,Claudio Echeverri,Midfielder,Man City,4.9,15,u,0,False,False,0,38,1.0,4,0.0,0.0,0.0,0.0,0.0,0.0,0.0,0.0,0.0,0.0,0.0,0.0,0.0,0.0,0.0,0.0,0.0,0.0,0.0,0.0,0.0,0.5,0.0,6,0.0,0,51,0.27000001072883606,0.0,0.7300000190734863,0.029999999329447746,0.019999999552965164,0.05000000074505806,0.05999999865889549,0.27,0.0,0.0,-0.1
408,Kalvin Phillips,Midfielder,Man City,5.0,15,u,0,False,False,0,38,1.0,4,0.0,0.0,0.0,0.0,0.0,0.0,0.0,0.0,0.0,0.0,0.0,0.0,0.0,0.0,0.0,0.0,0.0,0.0,0.0,0.0,0.0,0.5,0.0,6,0.0,0,12,0.33000001311302185,0.0,1.0099999904632568,0.029999999329447746,0.019999999552965164,0.05000000074505806,0.05999999865889549,0.28,0.0,0.0,-0.1
409,Divine Mukasa,Midfielder,Man City,4.5,15,u,0,False,False,0,38,1.0,4,0.0,0.0,0.0,0.0,0.0,0.0,0.0,0.0,0.0,0.0,0.0,0.0,0.0,0.0,0.0,0.0,0.0,0.0,0.0,0.0,0.0,0.5,0.0,6,0.1,0,582,0.25999999046325684,0.0,0.47999998927116394,0.029999999329447746,0.019999999552965164,0.05000000074505806,0.05999999865889549,0.27,0.0,0.0,-0.1
410,Jeremy Monga,Midfielder,Man City,4.9,15,u,0,False,False,0,38,1.0,4,0.0,0.0,0.0,0.0,0.0,0.0,0.0,0.0,0.0,0.0,0.0,0.0,0.0,0.0,0.0,0.0,0.0,0.0,0.0,0.0,0.0,0.5,0.0,6,0.0,0,50,0.27000001072883606,0.0,0.7300000190734863,0.029999999329447746,0.019999999552965164,0.05000000074505806,0.05999999865889549,0.27,0.0,0.0,-0.1
411,Erling Haaland,Forward,Man City,15.6,15,a,100,False,False,0,38,1.0,4,10.333333333333334,8.25,90.0,10.333333333333334,1.3333333333333333,0.0,0.6666666666666666,3.0,50.333333333333336,5.1000000000000005,50.6,0.0,0.0,8.625,7.518518518518519,90.0,1.0,0.0,46.875,4.8625,4.0,0.5,1.0,6,73.8,76628,19305,7.260000228881836,0.05000000074505806,9.170000076293945,0.9599999785423279,0.07999999821186066,0.23999999463558197,0.25,6.32,1.0,7.26,-0.1
481,Elliot Anderson,Midfielder,Man City,6.3,15,a,100,False,False,0,38,1.0,4,3.6666666666666665,3.25,87.0,3.793103448275862,0.0,0.0,0.6666666666666666,0.0,6.0,17.2,22.266666666666666,0.0,0.3333333333333333,3.875,3.3703703703703707,85.375,0.0,0.0,2.875,13.8,4.0,0.5,0.0,6,4.0,7650,27278,4.96999979019165,1.0700000524520874,6.329999923706055,0.15000000596046448,0.3400000035762787,0.11999999731779099,0.4000000059604645,4.29,0.977,4.89,-0.1
587,Gerónimo Rulli,Goalkeeper,Man City,5.0,15,a,100,False,False,0,38,1.0,4,0.0,0.0,0.0,0.0,0.0,0.0,0.0,0.0,0.0,0.0,0.0,0.0,0.0,0.0,0.0,0.0,0.0,0.0,0.0,0.0,0.0,0.5,0.0,6,0.0,69,101,0.25999999046325684,0.0,2.369999885559082,0.0,0.0,0.03999999910593033,0.07999999821186066,0.08,0.0,0.08,-0.1
616,Ayyoub Bouaddi,Midfielder,Man City,5.5,15,a,100,False,False,0,38,1.0,4,0.6666666666666666,0.6666666666666666,7.333333333333333,8.181818181818182,0.0,0.0,0.0,0.0,0.0,1.5999999999999999,4.333333333333333,0.0,0.0,0.5,0.6666666666666667,5.5,0.0,0.0,0.0,1.2,2.0,0.3333333333333333,0.0,6,0.2,824,2089,0.9599999785423279,0.14000000059604645,2.7100000381469727,0.03999999910593033,0.019999999552965164,0.05000000074505806,0.07999999821186066,1.35,0.173,0.4,-0.1
621,Ryan McAidoo,Midfielder,Man City,4.5,15,a,100,False,False,0,38,1.0,4,0.6666666666666666,0.6666666666666666,3.6666666666666665,16.363636363636363,0.0,0.0,0.0,0.0,1.0,0.16666666666666666,1.7333333333333334,0.0,0.0,0.5,0.6666666666666667,2.75,0.0,0.0,0.75,0.125,2.0,0.3333333333333333,0.0,6,0.1,190,1071,0.46000000834465027,0.18000000715255737,1.3899999856948853,0.029999999329447746,0.019999999552965164,0.05000000074505806,0.05999999865889549,1.27,0.106,0.17,-0.1
622,Kaden Braithwaite,Defender,Man City,4.0,15,a,100,False,False,0,38,1.0,4,0.3333333333333333,0.3333333333333333,0.3333333333333333,90.0,0.0,0.0,0.0,0.0,0.0,0.26666666666666666,0.19999999999999998,0.0,0.0,0.25,0.44444444444444453,0.25,0.0,0.0,0.0,0.2,1.0,0.3333333333333333,0.0,6,0.2,566,1617,0.5099999904632568,0.0,2.0899999141693115,0.019999999552965164,0.019999999552965164,0.10999999940395355,0.03999999910593033,0.24,0.02,0.16,-0.1
628,Allan Andrade Elias,Midfielder,Man City,6.0,15,a,100,False,False,0,38,1.0,4,0.0,0.0,0.0,0.0,0.0,0.0,0.0,0.0,0.0,0.0,0.0,0.0,0.0,0.0,0.0,0.0,0.0,0.0,0.0,0.0,0.0,0.5,0.0,6,0.0,219,159,0.550000011920929,0.0,1.7100000381469727,0.05000000074505806,0.019999999552965164,0.05999999865889549,0.09000000357627869,0.41,0.0,0.17,-0.1
653,Floyd Samba,Midfielder,Man City,4.5,15,a,100,False,False,0,38,1.0,4,0.0,0.0,0.0,0.0,0.0,0.0,0.0,0.0,0.0,0.0,0.0,0.0,0.0,0.0,0.0,0.0,0.0,0.0,0.0,0.0,0.0,0.5,0.0,6,0.0,241,485,0.25999999046325684,0.0,0.47999998927116394,0.029999999329447746,0.019999999552965164,0.05000000074505806,0.05999999865889549,0.27,0.0,0.08,-0.1
43,Youri Tielemans,Midfielder,Man Utd,5.8,16,a,100,False,False,1,532,1.0,2,2.6666666666666665,2.5,82.0,2.9268292682926824,0.0,0.0,0.0,0.0,11.0,26.333333333333332,21.333333333333332,0.0,0.0,2.25,2.2962962962962967,75.0,0.0,0.0,7.25,18.825,4.0,0.5,-1.0,6,1.5,3055,10518,4.53000020980835,0.9900000095367432,7.590000152587891,0.11999999731779099,0.38999998569488525,0.18000000715255737,0.28999999165534973,4.21,0.937,4.33,-0.1
131,Carlos Baleba,Midfielder,Man Utd,4.9,16,a,100,False,False,1,532,1.0,2,0.0,0.0,0.0,0.0,0.0,0.0,0.0,0.0,0.0,0.0,0.0,0.0,0.0,0.0,0.0,0.0,0.0,0.0,0.0,0.0,0.0,0.75,-1.0,6,0.1,1233,711,0.27000001072883606,0.0,0.699999988079071,0.029999999329447746,0.019999999552965164,0.05000000074505806,0.05999999865889549,0.26,0.0,0.08,-0.1
162,Andrey Nascimento dos Santos,Midfielder,Man Utd,4.8,16,a,100,False,False,1,532,1.0,2,0.6666666666666666,1.0,5.333333333333333,11.25,0.0,0.0,0.0,0.0,2.0,0.4333333333333333,4.466666666666667,0.0,0.0,0.625,0.9629629629629632,11.0,0.0,0.0,1.75,0.7625000000000001,3.0,0.5,-1.0,6,0.6,1019,4840,0.6299999952316284,0.019999999552965164,1.5800000429153442,0.029999999329447746,0.019999999552965164,0.05000000074505806,0.05999999865889549,1.27,0.138,0.25,-0.1
325,Karl Darlow,Goalkeeper,Man Utd,4.5,16,d,75,False,False,1,532,1.0,2,0.0,0.0,0.0,0.0,0.0,0.0,0.0,0.0,0.0,0.0,0.0,0.0,0.0,0.0,0.0,0.0,0.0,0.0,0.0,0.0,0.0,0.5,0.0,6,0.0,58,209,0.10000000149011612,0.0,0.4099999964237213,0.0,0.0,0.019999999552965164,0.029999999329447746,0.03,0.0,0.02,-0.1
412,Senne Lammens,Goalkeeper,Man Utd,4.9,16,a,100,False,False,1,532,1.0,2,2.0,1.75,90.0,2.0,0.0,0.0,0.0,0.0,0.0,0.0,21.799999999999997,2.6666666666666665,0.0,1.875,1.7037037037037042,90.0,0.0,0.0,0.0,0.0,4.0,0.5,-1.0,6,9.9,6545,47749,3.2699999809265137,0.0,5.5,0.0,0.0,0.1899999976158142,0.17000000178813934,2.93,1.0,3.27,-0.1
413,Altay Bayındır,Goalkeeper,Man Utd,4.5,16,u,0,False,False,1,532,1.0,2,0.0,0.0,0.0,0.0,0.0,0.0,0.0,0.0,0.0,0.0,0.0,0.0,0.0,0.0,0.0,0.0,0.0,0.0,0.0,0.0,0.0,0.5,0.0,6,0.0,0,36,0.10000000149011612,0.0,0.4099999964237213,0.0,0.0,0.019999999552965164,0.029999999329447746,0.03,0.0,0.0,-0.1
414,Tom Heaton,Goalkeeper,Man Utd,4.0,16,i,0,False,False,1,532,1.0,2,0.0,0.0,0.0,0.0,0.0,0.0,0.0,0.0,0.0,0.0,0.0,0.0,0.0,0.0,0.0,0.0,0.0,0.0,0.0,0.0,0.0,0.5,0.0,6,0.1,189,261,0.029999999329447746,0.0,0.10000000149011612,0.0,0.0,0.019999999552965164,0.029999999329447746,0.03,0.0,0.0,-0.1
415,Patrick Dorgu,Midfielder,Man Utd,5.8,16,d,75,False,False,1,532,1.0,2,2.0,1.5,40.0,4.5,0.0,0.0,0.0,0.0,15.0,10.566666666666666,10.266666666666667,0.0,0.0,2.375,1.7037037037037037,56.875,0.0,0.0,9.375,11.2875,4.0,0.5,0.0,6,0.5,1025,3977,2.9000000953674316,0.38999998569488525,6.449999809265137,0.05999999865889549,0.03999999910593033,0.14000000059604645,0.09000000357627869,1.52,0.567,1.52,-0.1
416,Matthijs de Ligt,Defender,Man Utd,5.0,16,i,0,False,False,1,532,1.0,2,0.0,0.0,0.0,0.0,0.0,0.0,0.0,0.0,0.0,0.0,0.0,0.0,0.0,0.0,0.0,0.0,0.0,0.0,0.0,0.0,0.0,0.5,0.0,6,0.0,70,128,0.7099999785423279,0.0,1.8300000429153442,0.019999999552965164,0.019999999552965164,0.10999999940395355,0.05999999865889549,0.24,0.0,0.0,-0.1
417,Diogo Dalot Teixeira,Defender,Man Utd,4.9,16,a,100,False,False,1,532,1.0,2,1.6666666666666667,1.5,82.0,1.8292682926829267,0.0,0.0,0.0,0.0,14.0,27.133333333333336,9.133333333333335,0.0,0.3333333333333333,1.625,1.4814814814814816,76.125,0.0,0.0,7.125,20.6125,4.0,0.5,0.0,6,1.6,1213,7380,1.5800000429153442,0.0,4.880000114440918,0.029999999329447746,0.019999999552965164,0.10999999940395355,0.07000000029802322,2.77,0.937,1.51,-0.1
418,Harry Maguire,Defender,Man Utd,4.8,16,a,100,False,False,1,532,1.0,2,2.3333333333333335,2.0,90.0,2.3333333333333335,0.0,0.3333333333333333,0.0,0.0,6.333333333333333,1.4666666666666668,14.466666666666667,0.0,0.6666666666666666,1.625,1.6666666666666667,90.0,0.0,0.125,9.125,4.8875,4.0,0.5,0.0,6,8.6,4188,73815,1.75,0.0,5.320000171661377,0.029999999329447746,0.019999999552965164,0.10999999940395355,0.09000000357627869,2.78,1.0,1.75,-0.1
419,Lisandro Martínez,Defender,Man Utd,5.0,16,a,100,False,False,1,532,1.0,2,2.0,1.5,90.0,2.0,0.0,0.0,0.0,0.0,3.3333333333333335,1.8333333333333333,18.0,0.0,0.0,1.875,1.4814814814814816,78.75,0.0,0.0,3.875,2.0,3.0,0.5,0.0,6,1.3,3597,6314,2.4100000858306885,0.0,5.03000020980835,0.019999999552965164,0.029999999329447746,0.10999999940395355,0.07999999821186066,2.74,1.0,2.41,-0.1
420,Leny Yoro,Defender,Man Utd,4.8,16,a,100,False,False,1,532,1.0,2,0.6666666666666666,0.5,7.333333333333333,8.181818181818182,0.0,0.0,0.0,0.0,0.6666666666666666,0.7999999999999999,2.6,0.0,0.0,0.375,0.3703703703703704,3.5,0.0,0.0,0.5,0.375,2.0,0.5,0.0,6,0.5,456,2131,0.8799999952316284,0.0,2.4000000953674316,0.019999999552965164,0.019999999552965164,0.10999999940395355,0.029999999329447746,1.21,0.173,0.37,-0.1
421,Ayden Heaven,Defender,Man Utd,4.4,16,a,100,False,False,1,532,1.0,2,0.0,0.25,0.0,0.0,0.0,0.0,0.0,0.0,0.0,0.0,0.0,0.0,0.0,0.125,0.2962962962962964,11.25,0.0,0.0,1.375,0.325,1.0,0.5,0.0,6,0.3,231,1446,0.8100000023841858,0.0,1.6699999570846558,0.019999999552965164,0.019999999552965164,0.10999999940395355,0.029999999329447746,0.21,0.0,0.24,-0.1
422,Noussair Mazraoui,Defender,Man Utd,4.4,16,a,100,False,False,1,532,1.0,2,0.6666666666666666,0.75,6.0,10.0,0.0,0.0,0.0,0.0,0.6666666666666666,0.6,1.2,0.0,0.0,0.5,0.6666666666666667,12.25,0.0,0.0,1.625,3.9625,3.0,0.5,0.0,6,0.5,568,2829,1.0,0.0,2.6500000953674316,0.019999999552965164,0.019999999552965164,0.11999999731779099,0.029999999329447746,1.21,0.15,0.41,-0.1
423,Luke Shaw,Defender,Man Utd,4.3,16,a,100,False,False,1,532,1.0,2,2.0,1.75,54.0,3.333333333333333,0.0,0.3333333333333333,0.0,0.0,2.3333333333333335,8.8,20.266666666666666,0.0,0.3333333333333333,1.375,1.4814814814814816,42.75,0.0,0.25,2.0,13.8,3.0,0.5,0.0,6,7.7,3489,75596,1.809999942779541,0.05000000074505806,4.78000020980835,0.019999999552965164,0.019999999552965164,0.10999999940395355,0.05000000074505806,1.24,0.699,1.43,-0.1
424,Harry Amass,Defender,Man Utd,4.0,16,a,100,False,False,1,532,1.0,2,0.0,0.0,0.0,0.0,0.0,0.0,0.0,0.0,0.0,0.0,0.0,0.0,0.0,0.0,0.0,0.0,0.0,0.0,0.0,0.0,0.0,0.5,0.0,6,0.2,412,772,0.30000001192092896,0.0,0.30000001192092896,0.019999999552965164,0.019999999552965164,0.10999999940395355,0.029999999329447746,0.21,0.0,0.09,-0.1
425,Tyler Fredricson,Defender,Man Utd,4.0,16,u,0,False,False,1,532,1.0,2,0.0,0.0,0.0,0.0,0.0,0.0,0.0,0.0,0.0,0.0,0.0,0.0,0.0,0.0,0.0,0.0,0.0,0.0,0.0,0.0,0.0,0.5,0.0,6,0.0,0,47,0.30000001192092896,0.0,0.30000001192092896,0.019999999552965164,0.019999999552965164,0.10999999940395355,0.029999999329447746,0.21,0.0,0.0,-0.1
426,Bruno Borges Fernandes,Midfielder,Man Utd,11.9,16,a,100,False,False,1,532,1.0,2,9.0,7.25,90.0,9.0,1.0,0.3333333333333333,0.0,1.0,29.0,42.5,50.93333333333334,0.0,0.0,4.625,5.1111111111111125,90.0,0.375,0.125,17.375,38.837500000000006,4.0,0.5,0.0,6,38.5,42075,193758,4.690000057220459,1.4500000476837158,10.359999656677246,0.14000000059604645,0.4399999976158142,0.2199999988079071,0.5,4.74,1.0,4.69,-0.1
427,Bryan Mbeumo,Midfielder,Man Utd,7.9,16,a,100,False,False,1,532,1.0,2,7.0,5.75,90.0,7.0,0.6666666666666666,0.3333333333333333,0.0,1.0,25.666666666666668,29.933333333333326,32.2,0.0,0.3333333333333333,4.625,4.666666666666667,90.0,0.375,0.125,27.0,28.75,4.0,0.5,0.0,6,20.6,35519,127490,4.869999885559082,1.3899999856948853,11.220000267028809,0.1599999964237213,0.699999988079071,0.23000000417232513,0.49000000953674316,5.64,1.0,4.87,-0.1
428,Matheus Santos Carneiro da Cunha,Midfielder,Man Utd,7.9,16,a,100,False,False,1,532,1.0,2,4.666666666666667,4.0,79.33333333333333,5.294117647058824,0.0,0.6666666666666666,0.3333333333333333,0.3333333333333333,17.666666666666668,16.03333333333333,8.399999999999999,0.0,0.0,3.125,3.25925925925926,82.0,0.0,0.25,17.875,15.675,4.0,0.5,0.0,6,5.8,21164,21120,4.320000171661377,1.149999976158142,7.650000095367432,0.10999999940395355,0.47999998927116394,0.2199999988079071,0.15000000596046448,4.38,0.915,4.06,-0.1
429,Marcus Rashford,Midfielder,Man Utd,7.0,16,d,75,False,False,1,532,1.0,2,2.3333333333333335,2.0,76.66666666666667,2.739130434782609,0.0,0.0,0.3333333333333333,0.0,31.666666666666668,20.3,8.4,0.0,0.0,2.125,1.925925925925926,73.75,0.0,0.0,24.25,20.5375,4.0,0.5,0.0,6,1.5,4126,17260,3.299999952316284,1.1799999475479126,7.860000133514404,0.11999999731779099,0.10999999940395355,0.1899999976158142,0.14000000059604645,3.27,0.894,2.29,-0.1
430,Mason Mount,Midfielder,Man Utd,5.4,16,a,100,False,False,1,532,1.0,2,0.0,0.0,0.0,0.0,0.0,0.0,0.0,0.0,0.0,0.0,0.0,0.0,0.0,0.0,0.0,0.0,0.0,0.0,0.0,0.0,0.0,0.5,0.0,6,0.0,176,198,0.38999998569488525,0.0,0.9599999785423279,0.029999999329447746,0.019999999552965164,0.07000000029802322,0.05999999865889549,0.27,0.0,0.12,-0.1
431,Amad Diallo,Midfielder,Man Utd,5.7,16,i,0,False,False,1,532,1.0,2,0.0,0.0,0.0,0.0,0.0,0.0,0.0,0.0,0.0,0.0,0.0,0.0,0.0,0.0,0.0,0.0,0.0,0.0,0.0,0.0,0.0,0.5,-1.0,6,0.3,123,1775,0.5600000023841858,0.0,1.6399999856948853,0.03999999910593033,0.019999999552965164,0.07000000029802322,0.07999999821186066,0.35,0.0,0.0,-0.1
432,Kobbie Mainoo,Midfielder,Man Utd,5.5,16,d,75,False,False,1,532,1.0,2,5.666666666666667,4.5,84.0,6.071428571428572,0.0,0.3333333333333333,0.0,0.6666666666666666,3.3333333333333335,22.96666666666667,23.066666666666666,0.0,0.0,4.875,4.222222222222223,78.5,0.0,0.25,1.875,25.9375,4.0,0.5,0.0,6,1.6,7568,14687,3.809999942779541,0.8799999952316284,5.090000152587891,0.17000000178813934,0.15000000596046448,0.2199999988079071,0.2800000011920929,3.82,0.953,2.76,-0.1
433,Manuel Ugarte Ribeiro,Midfielder,Man Utd,5.0,16,i,0,False,False,1,532,1.0,2,0.0,0.0,0.0,0.0,0.0,0.0,0.0,0.0,0.0,0.0,0.0,0.0,0.0,0.0,0.0,0.0,0.0,0.0,0.0,0.0,0.0,0.5,0.0,6,0.0,23,24,0.33000001311302185,0.0,0.8999999761581421,0.029999999329447746,0.019999999552965164,0.05000000074505806,0.05999999865889549,0.27,0.0,0.0,-0.1
434,Jack Fletcher,Midfielder,Man Utd,4.9,16,a,100,False,False,1,532,1.0,2,0.0,0.0,0.0,0.0,0.0,0.0,0.0,0.0,0.0,0.0,0.0,0.0,0.0,0.0,0.0,0.0,0.0,0.0,0.0,0.0,0.0,0.5,0.0,6,0.0,42,57,0.27000001072883606,0.0,0.7799999713897705,0.029999999329447746,0.019999999552965164,0.05000000074505806,0.05999999865889549,0.26,0.0,0.08,-0.1
435,Shea Lacey,Midfielder,Man Utd,4.9,16,a,100,False,False,1,532,1.0,2,0.0,0.25,0.0,0.0,0.0,0.0,0.0,0.0,0.0,0.0,0.0,0.0,0.0,0.125,0.2962962962962964,1.25,0.0,0.0,0.0,0.075,1.0,0.5,0.0,6,0.1,369,350,0.27000001072883606,0.0,0.7799999713897705,0.029999999329447746,0.019999999552965164,0.05000000074505806,0.05999999865889549,0.26,0.0,0.08,-0.1
436,Toby Collyer,Midfielder,Man Utd,5.0,16,u,0,False,False,1,532,1.0,2,0.0,0.0,0.0,0.0,0.0,0.0,0.0,0.0,0.0,0.0,0.0,0.0,0.0,0.0,0.0,0.0,0.0,0.0,0.0,0.0,0.0,0.5,0.0,6,0.0,0,44,0.33000001311302185,0.0,0.8999999761581421,0.029999999329447746,0.019999999552965164,0.05000000074505806,0.05999999865889549,0.27,0.0,0.0,-0.1
437,Bendito Mantato,Midfielder,Man Utd,4.4,16,a,100,False,False,1,532,1.0,2,0.0,0.0,0.0,0.0,0.0,0.0,0.0,0.0,0.0,0.0,0.0,0.0,0.0,0.0,0.0,0.0,0.0,0.0,0.0,0.0,0.0,0.5,0.0,6,0.2,401,839,0.25999999046325684,0.0,0.5299999713897705,0.029999999329447746,0.019999999552965164,0.05000000074505806,0.05999999865889549,0.26,0.0,0.08,-0.1
438,Tyler Fletcher,Midfielder,Man Utd,4.4,16,a,100,False,False,1,532,1.0,2,0.0,0.0,0.0,0.0,0.0,0.0,0.0,0.0,0.0,0.0,0.0,0.0,0.0,0.0,0.0,0.0,0.0,0.0,0.0,0.0,0.0,0.5,-1.0,6,0.3,2537,2074,0.25999999046325684,0.0,0.4699999988079071,0.029999999329447746,0.019999999552965164,0.05000000074505806,0.05999999865889549,0.26,0.0,0.08,-0.1
439,Benjamin Sesko,Forward,Man Utd,7.0,16,d,75,False,False,1,532,1.0,2,2.3333333333333335,2.0,17.666666666666668,11.88679245283019,0.3333333333333333,0.0,0.0,0.0,9.0,3.8000000000000003,11.533333333333333,0.0,0.0,2.0,1.8888888888888888,20.625,0.25,0.0,8.625,1.775,4.0,0.5,0.0,6,1.6,6580,23577,2.2899999618530273,0.05000000074505806,6.050000190734863,0.3199999928474426,0.07999999821186066,0.18000000715255737,0.15000000596046448,2.67,0.32,0.9,-0.1
440,Joshua Zirkzee,Forward,Man Utd,5.3,16,a,100,False,False,1,532,1.0,2,0.3333333333333333,0.25,2.3333333333333335,12.857142857142856,0.0,0.0,0.0,0.0,0.0,1.5999999999999999,1.4666666666666668,0.0,0.0,0.5,0.3333333333333333,3.5,0.0,0.0,0.0,2.4,1.0,0.5,0.0,6,0.4,1901,3079,0.5899999737739563,0.0,1.4500000476837158,0.05999999865889549,0.05000000074505806,0.10000000149011612,0.15000000596046448,1.55,0.078,0.21,-0.1
441,Chido Obi,Forward,Man Utd,4.5,16,u,0,False,False,1,532,1.0,2,0.0,0.0,0.0,0.0,0.0,0.0,0.0,0.0,0.0,0.0,0.0,0.0,0.0,0.0,0.0,0.0,0.0,0.0,0.0,0.0,0.0,0.5,0.0,6,0.9,0,11110,0.27000001072883606,0.0,0.47999998927116394,0.09000000357627869,0.05000000074505806,0.05000000074505806,0.15000000596046448,0.64,0.0,0.0,-0.1
405,Nico González Iglesias,Midfielder,Newcastle,5.5,17,a,100,False,False,0,555,1.0,2,1.6666666666666667,1.25,54.666666666666664,2.7439024390243905,0.0,0.0,0.3333333333333333,0.0,0.6666666666666666,14.0,4.466666666666667,0.0,0.3333333333333333,1.25,1.0740740740740742,36.75,0.0,0.0,0.5,6.8374999999999995,3.0,0.5,0.0,6,0.2,584,1821,1.690000057220459,0.14000000059604645,3.75,0.03999999910593033,0.029999999329447746,0.18000000715255737,0.07999999821186066,1.37,0.705,1.34,-0.1
442,Nick Pope,Goalkeeper,Newcastle,4.9,17,a,100,False,False,0,555,1.0,2,0.0,0.0,0.0,0.0,0.0,0.0,0.0,0.0,0.0,0.0,0.0,0.0,0.0,0.0,0.0,0.0,0.0,0.0,0.0,0.0,0.0,0.5,0.0,6,0.9,846,3065,0.14000000059604645,0.0,0.7099999785423279,0.0,0.0,0.029999999329447746,0.03999999910593033,0.04,0.0,0.04,-0.1
443,Mark Gillespie,Goalkeeper,Newcastle,4.5,17,a,100,False,False,0,555,1.0,2,0.0,0.0,0.0,0.0,0.0,0.0,0.0,0.0,0.0,0.0,0.0,0.0,0.0,0.0,0.0,0.0,0.0,0.0,0.0,0.0,0.0,0.5,0.0,6,0.0,43,87,0.10000000149011612,0.0,0.4099999964237213,0.0,0.0,0.019999999552965164,0.029999999329447746,0.03,0.0,0.03,-0.1
444,Ewen Jaouen,Goalkeeper,Newcastle,4.4,17,d,50,False,False,0,555,1.0,2,0.0,0.0,0.0,0.0,0.0,0.0,0.0,0.0,0.0,0.0,0.0,0.0,0.0,0.0,0.0,0.0,0.0,0.0,0.0,0.0,0.0,0.5,0.0,6,0.0,20,116,0.029999999329447746,0.0,0.10000000149011612,0.0,0.0,0.019999999552965164,0.029999999329447746,0.03,0.0,0.0,-0.1
445,Malick Thiaw,Defender,Newcastle,5.0,17,a,100,False,False,0,555,1.0,2,2.3333333333333335,2.5,90.0,2.3333333333333335,0.0,0.0,0.3333333333333333,0.0,0.6666666666666666,4.9,12.333333333333334,0.0,0.0,1.875,2.2222222222222223,90.0,0.0,0.0,0.5,3.7375000000000003,4.0,0.5,0.0,6,2.2,8354,9794,2.259999990463257,0.0,5.800000190734863,0.029999999329447746,0.019999999552965164,0.10999999940395355,0.09000000357627869,2.77,1.0,2.26,-0.1
446,Fabian Schär,Defender,Newcastle,4.9,17,a,100,False,False,0,555,1.0,2,0.0,0.25,0.0,0.0,0.0,0.0,0.0,0.0,0.0,0.0,0.0,0.0,0.0,0.125,0.2962962962962964,0.125,0.0,0.0,0.0,0.0,1.0,0.5,-1.0,6,0.2,536,889,0.6399999856948853,0.0,1.7999999523162842,0.019999999552965164,0.019999999552965164,0.10999999940395355,0.03999999910593033,0.22,0.0,0.19,-0.1
447,Sven Botman,Defender,Newcastle,5.0,17,a,100,False,False,0,555,1.0,2,2.6666666666666665,2.75,90.0,2.6666666666666665,0.0,0.0,0.3333333333333333,0.0,2.0,1.0000000000000002,22.8,0.0,0.3333333333333333,2.25,2.518518518518519,90.0,0.0,0.0,1.25,0.6375000000000001,4.0,0.5,0.0,6,0.7,4637,2936,2.819999933242798,0.05000000074505806,6.869999885559082,0.019999999552965164,0.029999999329447746,0.10999999940395355,0.10000000149011612,2.77,1.0,2.82,-0.1
448,Dan Burn,Defender,Newcastle,4.8,17,i,0,False,False,0,555,1.0,2,0.0,0.0,0.0,0.0,0.0,0.0,0.0,0.0,0.0,0.0,0.0,0.0,0.0,0.0,0.0,0.0,0.0,0.0,0.0,0.0,0.0,0.5,0.0,6,0.7,109,5679,0.5299999713897705,0.0,1.7999999523162842,0.019999999552965164,0.019999999552965164,0.10999999940395355,0.029999999329447746,0.21,0.0,0.0,-0.1
449,Lewis Hall,Defender,Newcastle,5.3,17,a,100,False,False,0,555,1.0,2,5.0,4.5,89.66666666666667,5.018587360594795,0.0,0.3333333333333333,0.3333333333333333,1.0,4.666666666666667,14.866666666666667,29.333333333333332,0.0,0.0,2.75,3.4074074074074074,89.75,0.0,0.25,4.75,10.612499999999999,4.0,0.5,0.0,6,17.3,241986,19731,2.8499999046325684,0.05000000074505806,6.460000038146973,0.019999999552965164,0.17000000178813934,0.10999999940395355,0.1899999976158142,3.28,0.997,2.84,-0.1
450,Tino Livramento,Defender,Newcastle,4.9,17,d,75,False,False,0,555,1.0,2,1.3333333333333333,1.0,11.0,10.909090909090908,0.0,0.3333333333333333,0.0,0.0,1.3333333333333333,1.2666666666666666,1.6666666666666667,0.0,0.3333333333333333,1.75,1.2222222222222223,16.25,0.0,0.5,2.0,1.9,2.0,0.5,0.0,6,0.1,436,1466,1.2699999809265137,0.0,3.509999990463257,0.019999999552965164,0.019999999552965164,0.10999999940395355,0.029999999329447746,1.21,0.23,0.44,-0.1
451,Alex Murphy,Defender,Newcastle,4.0,17,u,0,False,False,0,555,1.0,2,0.0,0.0,0.0,0.0,0.0,0.0,0.0,0.0,0.0,0.0,0.0,0.0,0.0,0.0,0.0,0.0,0.0,0.0,0.0,0.0,0.0,0.5,0.0,6,0.1,0,285,0.27000001072883606,0.0,0.3199999928474426,0.019999999552965164,0.019999999552965164,0.10999999940395355,0.029999999329447746,0.21,0.0,0.0,-0.1
453,Harvey Barnes,Midfielder,Newcastle,6.1,17,a,100,False,False,0,555,1.0,2,5.666666666666667,4.75,90.0,5.666666666666667,0.3333333333333333,0.3333333333333333,0.3333333333333333,0.6666666666666666,20.0,13.9,17.466666666666665,0.0,0.0,4.625,4.370370370370371,90.0,0.25,0.25,22.75,12.162500000000001,4.0,0.5,0.0,6,5.7,156288,17206,4.949999809265137,1.0,9.390000343322754,0.2199999988079071,0.20999999344348907,0.23999999463558197,0.7300000190734863,4.72,1.0,4.95,-0.1
454,Anthony Elanga,Midfielder,Newcastle,6.1,17,i,0,False,False,0,555,1.0,2,3.0,4.5,52.333333333333336,5.159235668789808,0.3333333333333333,0.0,0.3333333333333333,0.0,11.0,15.700000000000001,15.066666666666665,0.0,0.3333333333333333,2.375,4.074074074074075,38.5,0.25,0.0,8.125,10.3,3.0,0.5,0.0,6,4.5,321,164637,2.0,0.18000000715255737,5.559999942779541,0.07999999821186066,0.029999999329447746,0.1599999964237213,0.12999999523162842,1.61,0.684,0.0,-0.1
456,Jacob Ramsey,Midfielder,Newcastle,4.9,17,i,0,False,False,0,555,1.0,2,2.3333333333333335,1.75,11.666666666666666,18.0,0.3333333333333333,0.0,0.0,0.0,5.666666666666667,1.6666666666666667,10.866666666666667,0.0,0.0,1.625,1.4814814814814816,12.0,0.25,0.0,4.75,0.8875,3.0,0.5,0.0,6,0.2,61,4659,0.8199999928474426,0.0,2.440000057220459,0.029999999329447746,0.18000000715255737,0.07000000029802322,0.05999999865889549,1.76,0.239,0.0,-0.1
457,Jacob Murphy,Midfielder,Newcastle,5.9,17,a,100,False,False,0,555,1.0,2,0.6666666666666666,0.5,25.666666666666668,2.3376623376623376,0.0,0.0,0.0,0.0,1.3333333333333333,2.3666666666666667,1.2,0.0,0.3333333333333333,0.375,0.3703703703703704,34.0,0.0,0.0,1.5,2.325,4.0,0.5,0.0,6,0.1,934,753,1.2799999713897705,0.0,3.140000104904175,0.05000000074505806,0.019999999552965164,0.07000000029802322,0.09000000357627869,1.4,0.416,0.76,-0.1
458,Joelinton Cássio Apolinário de Lira,Midfielder,Newcastle,5.4,17,i,0,False,False,0,555,1.0,2,0.0,0.0,0.0,0.0,0.0,0.0,0.0,0.0,0.0,0.0,0.0,0.0,0.0,0.0,0.0,0.0,0.0,0.0,0.0,0.0,0.0,0.5,0.0,6,0.0,16,77,0.38999998569488525,0.0,0.9599999785423279,0.029999999329447746,0.019999999552965164,0.05999999865889549,0.05999999865889549,0.27,0.0,0.0,-0.1
459,Lewis Miley,Midfielder,Newcastle,5.5,17,a,100,False,False,0,555,1.0,2,1.6666666666666667,2.0,77.0,1.9480519480519483,0.0,0.0,0.3333333333333333,0.0,0.6666666666666666,6.766666666666666,7.0,0.0,0.0,1.25,1.777777777777778,75.625,0.0,0.0,0.875,7.0375,4.0,0.5,0.0,6,0.1,467,447,2.390000104904175,0.38999998569488525,4.989999771118164,0.05000000074505806,0.03999999910593033,0.18000000715255737,0.07999999821186066,2.63,0.897,2.22,-0.1
460,Joe Willock,Midfielder,Newcastle,5.0,17,a,100,False,False,0,555,1.0,2,2.0,3.0,54.666666666666664,3.2926829268292686,0.0,0.0,0.3333333333333333,0.0,12.333333333333334,6.6000000000000005,4.533333333333333,0.0,0.0,2.125,3.000000000000001,44.5,0.125,0.0,13.875,9.475000000000001,4.0,0.5,0.0,6,0.6,9479,2644,1.9600000381469727,0.25,6.110000133514404,0.10999999940395355,0.03999999910593033,0.1599999964237213,0.05999999865889549,1.73,0.705,1.56,-0.1
461,Bazoumana Touré,Midfielder,Newcastle,5.8,17,a,100,False,False,0,555,1.0,2,2.3333333333333335,1.75,11.333333333333334,18.52941176470588,0.3333333333333333,0.0,0.0,0.0,7.0,1.7666666666666666,12.200000000000001,0.0,0.0,3.125,2.1481481481481484,16.625,0.5,0.0,10.5,2.65,2.0,0.5,0.0,6,0.1,317,837,1.940000057220459,0.0,4.340000152587891,0.07999999821186066,0.03999999910593033,0.05000000074505806,0.09000000357627869,1.61,0.234,0.9,-0.1
462,Sean Steur,Midfielder,Newcastle,4.9,17,a,100,False,False,0,555,1.0,2,1.3333333333333333,1.25,34.333333333333336,3.495145631067961,0.0,0.0,0.0,0.0,0.0,6.8999999999999995,6.333333333333333,0.0,0.0,1.5,1.3333333333333335,48.0,0.0,0.0,0.0,10.375,4.0,0.5,0.0,6,0.1,261,374,1.7699999809265137,0.12999999523162842,3.359999895095825,0.029999999329447746,0.03999999910593033,0.14000000059604645,0.05999999865889549,1.33,0.509,1.16,-0.1
463,Nick Woltemade,Forward,Newcastle,5.9,17,u,0,False,False,0,555,1.0,2,1.3333333333333333,1.0,6.333333333333333,18.94736842105263,0.0,0.3333333333333333,0.0,0.0,3.6666666666666665,3.5,6.066666666666666,0.0,0.0,0.5,0.5925925925925927,2.375,0.0,0.125,1.375,1.3125,1.0,0.5,0.0,6,0.5,0,3605,1.7999999523162842,0.0,3.200000047683716,0.20000000298023224,0.05000000074505806,0.1599999964237213,0.15000000596046448,2.12,0.156,0.0,-0.1
464,Yoane Wissa,Forward,Newcastle,6.2,17,a,100,False,False,0,555,1.0,2,3.6666666666666665,3.75,87.0,3.793103448275862,0.3333333333333333,0.0,0.3333333333333333,0.6666666666666666,19.333333333333332,13.033333333333333,12.600000000000001,0.0,0.3333333333333333,2.75,3.25925925925926,88.875,0.125,0.125,15.25,15.9,4.0,0.5,0.0,6,18.7,84871,138774,4.769999980926514,0.05000000074505806,8.170000076293945,0.3400000035762787,0.15000000596046448,0.20000000298023224,0.15000000596046448,3.96,0.977,4.69,-0.1
465,William Osula,Forward,Newcastle,5.8,17,i,0,False,False,0,555,1.0,2,0.0,1.0,0.0,0.0,0.0,0.0,0.0,0.0,0.0,0.0,0.0,0.0,0.0,0.5,1.1851851851851856,6.875,0.0,0.125,1.0,1.7125,1.0,0.5,0.0,6,0.3,122,2311,1.75,0.0,3.319999933242798,0.2199999988079071,0.05999999865889549,0.11999999731779099,0.15000000596046448,1.22,0.0,0.0,-0.1
466,Sean Neave,Forward,Newcastle,4.5,17,u,0,False,False,0,555,1.0,2,0.0,0.0,0.0,0.0,0.0,0.0,0.0,0.0,0.0,0.0,0.0,0.0,0.0,0.0,0.0,0.0,0.0,0.0,0.0,0.0,0.0,0.5,0.0,6,0.5,0,3813,0.27000001072883606,0.0,0.46000000834465027,0.09000000357627869,0.05000000074505806,0.029999999329447746,0.15000000596046448,0.64,0.0,0.0,-0.1
559,Aladji Bamba,Midfielder,Newcastle,4.9,17,a,100,False,False,0,555,1.0,2,0.3333333333333333,0.5,3.3333333333333335,9.0,0.0,0.0,0.0,0.0,0.0,0.09999999999999999,0.4666666666666666,0.0,0.0,0.625,0.6296296296296298,6.75,0.0,0.0,0.0,0.15,2.0,0.5,0.0,6,0.1,125,484,0.41999998688697815,0.0,1.309999942779541,0.029999999329447746,0.019999999552965164,0.05000000074505806,0.05999999865889549,1.26,0.1,0.16,-0.1
567,Lukás Hornícek,Goalkeeper,Newcastle,5.0,17,a,100,False,False,0,555,1.0,2,3.3333333333333335,2.75,90.0,3.333333333333334,0.0,0.0,0.3333333333333333,0.0,0.0,0.0,32.46666666666667,3.6666666666666665,0.0,2.0,2.111111111111111,90.0,0.0,0.0,0.0,0.0,4.0,0.5,0.0,6,1.5,7016,4830,1.5800000429153442,0.07000000029802322,3.130000114440918,0.0,0.0,0.05000000074505806,0.05999999865889549,2.28,1.0,1.58,-0.1
593,Amar Dedic,Defender,Newcastle,4.5,17,i,0,False,False,0,555,1.0,2,4.0,3.25,79.0,4.556962025316456,0.0,0.3333333333333333,0.3333333333333333,0.6666666666666666,3.3333333333333335,13.166666666666664,17.866666666666667,0.0,0.0,1.75,2.1481481481481484,73.5,0.0,0.125,3.125,6.9,4.0,0.5,0.0,6,1.8,254,36912,1.9600000381469727,0.0,6.559999942779541,0.019999999552965164,0.07000000029802322,0.10999999940395355,0.07999999821186066,2.86,0.913,0.0,-0.1
609,Leo Shahar,Defender,Newcastle,4.0,17,u,0,False,False,0,555,1.0,2,0.0,0.0,0.0,0.0,0.0,0.0,0.0,0.0,0.0,0.0,0.0,0.0,0.0,0.0,0.0,0.0,0.0,0.0,0.0,0.0,0.0,0.5,0.0,6,0.2,0,1837,0.27000001072883606,0.0,0.3199999928474426,0.019999999552965164,0.019999999552965164,0.10999999940395355,0.029999999329447746,0.21,0.0,0.0,-0.1
634,Matias Fernandez-Pardo,Forward,Newcastle,6.0,17,a,100,False,False,0,555,1.0,2,1.0,1.0,42.0,2.142857142857143,0.0,0.0,0.0,0.0,5.0,5.8500000000000005,1.1,0.0,0.0,1.0,1.0,42.0,0.0,0.0,5.0,5.8500000000000005,2.0,0.5,0.0,6,0.1,1929,1381,3.059999942779541,0.0,5.480000019073486,0.3700000047683716,0.05000000074505806,0.15000000596046448,0.15000000596046448,2.78,0.587,2.17,-0.1
659,Mason Miley,Midfielder,Newcastle,4.5,17,a,100,False,False,0,555,1.0,2,0.0,0.0,0.0,0.0,0.0,0.0,0.0,0.0,0.0,0.0,0.0,0.0,0.0,0.0,0.0,0.0,0.0,0.0,0.0,0.0,0.0,0.5,0.0,6,0.0,1391,636,0.25999999046325684,0.0,0.5299999713897705,0.029999999329447746,0.019999999552965164,0.05000000074505806,0.05999999865889549,0.26,0.0,0.08,-0.1
663,Miodrag Pivas,Defender,Newcastle,4.0,17,a,100,False,False,0,555,1.0,2,,,,0.0,,,,,,,,,,,,,,,,,,,0.0,6,0.0,386,56,0.41999998688697815,0.0,0.75,0.019999999552965164,0.019999999552965164,0.10999999940395355,0.029999999329447746,0.21,,,-0.1
664,Vakhtang Salia,Forward,Newcastle,4.5,17,a,100,False,False,0,555,1.0,2,,,,0.0,,,,,,,,,,,,,,,,,,,0.0,6,0.1,9414,1509,0.3199999928474426,0.0,0.8199999928474426,0.09000000357627869,0.05000000074505806,0.05000000074505806,0.15000000596046448,0.64,,,-0.1
665,Michael Mills,Midfielder,Newcastle,4.5,17,a,100,False,False,0,555,1.0,2,,,,0.0,,,,,,,,,,,,,,,,,,,0.0,6,0.0,159,28,0.4300000071525574,0.029999999329447746,0.9900000095367432,0.029999999329447746,0.019999999552965164,0.07999999821186066,0.05999999865889549,0.29,,,-0.1
666,Kyran Thompson,Midfielder,Newcastle,4.5,17,a,100,False,False,0,555,1.0,2,,,,0.0,,,,,,,,,,,,,,,,,,,0.0,6,0.0,230,35,0.4300000071525574,0.029999999329447746,0.9900000095367432,0.029999999329447746,0.019999999552965164,0.07999999821186066,0.05999999865889549,0.29,,,-0.1
167,Liam Delap,Forward,Nott'm Forest,5.6,18,a,100,False,False,0,101,1.0,3,2.6666666666666665,2.0,62.333333333333336,3.8502673796791442,0.3333333333333333,0.0,0.3333333333333333,0.0,16.666666666666668,14.5,11.666666666666666,0.0,0.3333333333333333,3.125,2.259259259259259,66.25,0.5,0.0,21.125,12.7625,3.0,0.25,0.0,6,2.7,24677,28293,4.289999961853027,0.05000000074505806,9.050000190734863,0.4000000059604645,0.15000000596046448,0.25,0.15000000596046448,4.23,0.773,3.61,-0.1
201,Daniel Muñoz Mejía,Defender,Nott'm Forest,5.4,18,a,100,False,False,0,101,1.0,3,1.0,0.75,40.333333333333336,2.2314049586776856,0.0,0.0,0.0,0.0,14.333333333333334,18.9,11.333333333333334,0.0,0.0,1.25,0.8888888888888888,59.5,0.0,0.0,23.125,28.375,3.0,0.5,0.0,6,5.7,7676,29449,2.049999952316284,0.0,4.96999979019165,0.019999999552965164,0.019999999552965164,0.10999999940395355,0.09000000357627869,1.27,0.57,1.43,-0.1
467,Matz Sels,Goalkeeper,Nott'm Forest,5.0,18,a,100,False,False,0,101,1.0,3,3.3333333333333335,3.0,90.0,3.333333333333334,0.0,0.0,0.3333333333333333,0.0,0.0,0.0,18.0,2.3333333333333335,0.0,3.375,3.074074074074075,90.0,0.0,0.0,0.0,0.0,4.0,0.5,0.0,6,1.6,1942,5983,2.5299999713897705,0.07000000029802322,6.070000171661377,0.0,0.0,0.23000000417232513,0.11999999731779099,3.06,1.0,2.53,-0.1
468,John Victor Maciel Furtado,Goalkeeper,Nott'm Forest,4.5,18,a,100,False,False,0,101,1.0,3,0.0,0.0,0.0,0.0,0.0,0.0,0.0,0.0,0.0,0.0,0.0,0.0,0.0,0.0,0.0,0.0,0.0,0.0,0.0,0.0,0.0,0.5,0.0,6,0.1,60,151,0.20000000298023224,0.0,0.8100000023841858,0.0,0.0,0.019999999552965164,0.029999999329447746,0.03,0.0,0.06,-0.1
469,Neco Williams,Defender,Nott'm Forest,5.0,18,a,100,False,False,0,101,1.0,3,5.0,4.25,90.0,5.0,0.0,0.3333333333333333,0.3333333333333333,0.3333333333333333,6.666666666666667,18.7,18.2,0.0,0.0,3.75,3.7037037037037037,90.0,0.0,0.125,7.5,16.5625,4.0,0.5,0.0,6,8.7,10781,45912,1.850000023841858,0.0,6.690000057220459,0.019999999552965164,0.029999999329447746,0.10999999940395355,0.10999999940395355,2.77,1.0,1.85,-0.1
470,Felipe Rodrigues da Silva,Defender,Nott'm Forest,5.0,18,u,0,False,False,0,101,1.0,3,0.0,0.0,0.0,0.0,0.0,0.0,0.0,0.0,0.0,0.0,0.0,0.0,0.0,0.0,0.0,0.0,0.0,0.0,0.0,0.0,0.0,0.5,0.0,6,0.0,0,114,0.7099999785423279,0.0,1.899999976158142,0.019999999552965164,0.019999999552965164,0.10999999940395355,0.05999999865889549,0.24,0.0,0.0,-0.1
471,Nikola Milenković,Defender,Nott'm Forest,5.4,18,i,0,False,False,0,101,1.0,3,3.3333333333333335,3.0,60.0,5.0,0.0,0.0,0.3333333333333333,0.0,0.6666666666666666,0.26666666666666666,15.200000000000001,0.0,0.3333333333333333,2.375,2.592592592592593,45.0,0.0,0.0,2.25,0.275,3.0,0.5,0.0,6,1.0,64,11961,2.0,0.0,6.570000171661377,0.019999999552965164,0.07999999821186066,0.10999999940395355,0.09000000357627869,2.9,0.753,0.0,-0.1
472,Murillo Costa dos Santos,Defender,Nott'm Forest,5.5,18,a,100,False,False,0,101,1.0,3,5.0,4.75,89.66666666666667,5.018587360594795,0.0,0.3333333333333333,0.3333333333333333,0.0,6.0,4.133333333333334,20.666666666666668,0.0,0.3333333333333333,5.625,5.111111111111112,89.75,0.0,0.5,3.5,9.025,4.0,0.5,0.0,6,2.1,8083,7972,2.009999990463257,0.05000000074505806,6.239999771118164,0.019999999552965164,0.07000000029802322,0.10999999940395355,0.10999999940395355,2.9,0.997,2.01,-0.1
473,Ola Aina,Defender,Nott'm Forest,4.4,18,a,100,False,False,0,101,1.0,3,1.0,2.0,77.66666666666667,1.1587982832618027,0.0,0.0,0.0,0.0,1.3333333333333333,5.8999999999999995,14.066666666666668,0.0,0.3333333333333333,1.875,2.370370370370371,79.25,0.0,0.0,1.875,7.3625,4.0,0.5,0.0,6,2.4,1044,20027,1.649999976158142,0.0,5.849999904632568,0.029999999329447746,0.019999999552965164,0.10999999940395355,0.05999999865889549,2.74,0.902,1.54,-0.1
474,Jair Paula da Cunha Filho,Defender,Nott'm Forest,4.5,18,a,100,False,False,0,101,1.0,3,3.0,2.5,60.0,4.5,0.0,0.0,0.3333333333333333,0.0,0.3333333333333333,0.3666666666666667,11.533333333333331,0.0,0.0,2.25,2.2222222222222223,45.0,0.0,0.0,0.25,0.3875,3.0,0.5,0.0,6,0.2,236,628,1.5700000524520874,0.0,5.300000190734863,0.019999999552965164,0.019999999552965164,0.10999999940395355,0.05999999865889549,2.67,0.753,1.3,-0.1
475,Nicolò Savona,Defender,Nott'm Forest,4.5,18,i,0,False,False,0,101,1.0,3,0.0,0.0,0.0,0.0,0.0,0.0,0.0,0.0,0.0,0.0,0.0,0.0,0.0,0.0,0.0,0.0,0.0,0.0,0.0,0.0,0.0,0.5,0.0,6,0.0,20,20,0.5699999928474426,0.0,1.7999999523162842,0.019999999552965164,0.019999999552965164,0.10999999940395355,0.029999999329447746,0.21,0.0,0.0,-0.1
476,Omar Richards,Defender,Nott'm Forest,4.0,18,a,100,False,False,0,101,1.0,3,0.0,0.0,0.0,0.0,0.0,0.0,0.0,0.0,0.0,0.0,0.0,0.0,0.0,0.0,0.0,0.0,0.0,0.0,0.0,0.0,0.0,0.5,0.0,6,0.2,290,715,0.25,0.0,0.3100000023841858,0.019999999552965164,0.019999999552965164,0.10999999940395355,0.029999999329447746,0.21,0.0,0.08,-0.1
477,Zach Abbott,Defender,Nott'm Forest,4.0,18,u,0,False,False,0,101,1.0,3,0.0,0.0,0.0,0.0,0.0,0.0,0.0,0.0,0.0,0.0,0.0,0.0,0.0,0.0,0.0,0.0,0.0,0.0,0.0,0.0,0.0,0.5,0.0,6,0.1,0,805,0.25,0.0,0.3100000023841858,0.019999999552965164,0.019999999552965164,0.10999999940395355,0.029999999329447746,0.21,0.0,0.0,-0.1
478,Luca Netz,Defender,Nott'm Forest,4.4,18,a,100,False,False,0,101,1.0,3,0.3333333333333333,0.5,1.3333333333333333,22.5,0.0,0.0,0.0,0.0,0.0,0.0,0.6666666666666666,0.0,0.0,0.25,0.44444444444444453,2.5,0.0,0.0,0.0,0.1125,2.0,0.5,-1.0,6,0.0,54,115,0.949999988079071,0.0,2.109999895095825,0.019999999552965164,0.019999999552965164,0.10999999940395355,0.029999999329447746,1.21,0.052,0.32,-0.1
479,Tyler Bindon,Defender,Nott'm Forest,4.0,18,u,0,False,False,0,101,1.0,3,0.0,0.0,0.0,0.0,0.0,0.0,0.0,0.0,0.0,0.0,0.0,0.0,0.0,0.0,0.0,0.0,0.0,0.0,0.0,0.0,0.0,0.5,0.0,6,0.1,0,512,0.25,0.0,0.3100000023841858,0.019999999552965164,0.019999999552965164,0.10999999940395355,0.029999999329447746,0.21,0.0,0.0,-0.1
480,Morgan Gibbs-White,Midfielder,Nott'm Forest,8.0,18,a,100,False,False,0,101,1.0,3,8.0,6.5,90.0,8.0,0.3333333333333333,0.6666666666666666,0.3333333333333333,2.0,18.666666666666668,38.0,33.666666666666664,0.0,0.0,6.625,5.851851851851852,90.0,0.125,0.625,20.375,52.725,4.0,0.5,1.0,6,15.7,64085,80620,5.210000038146973,1.2899999618530273,7.599999904632568,0.5299999713897705,0.6600000262260437,0.18000000715255737,0.4300000071525574,7.21,1.0,5.21,-0.1
482,Callum Hudson-Odoi,Midfielder,Nott'm Forest,5.8,18,a,100,False,False,0,101,1.0,3,0.3333333333333333,0.25,0.3333333333333333,90.0,0.0,0.0,0.0,0.0,0.0,0.09999999999999999,0.0,0.0,0.0,0.125,0.14814814814814817,0.125,0.0,0.0,0.0,0.0375,1.0,0.5,-1.0,6,0.1,253,1140,0.949999988079071,0.0,3.200000047683716,0.07000000029802322,0.019999999552965164,0.05000000074505806,0.09000000357627869,0.5,0.02,0.3,-0.1
483,Dan Ndoye,Midfielder,Nott'm Forest,5.5,18,a,100,False,False,0,101,1.0,3,3.6666666666666665,3.5,65.66666666666667,5.025380710659898,0.3333333333333333,0.0,0.0,0.6666666666666666,24.666666666666668,11.933333333333332,12.066666666666665,0.0,0.3333333333333333,2.25,2.7777777777777786,67.25,0.125,0.0,23.5,9.5125,4.0,0.5,0.0,6,0.7,738,7983,3.009999990463257,0.47999998927116394,6.679999828338623,0.10000000149011612,0.05000000074505806,0.15000000596046448,0.07999999821186066,2.85,0.802,2.59,-0.1
484,Omari Hutchinson,Midfielder,Nott'm Forest,5.4,18,u,0,False,False,0,101,1.0,3,0.0,0.0,0.0,0.0,0.0,0.0,0.0,0.0,0.0,0.0,0.0,0.0,0.0,0.0,0.0,0.0,0.0,0.0,0.0,0.0,0.0,0.5,0.0,6,0.1,0,356,0.38999998569488525,0.0,0.9399999976158142,0.029999999329447746,0.019999999552965164,0.05999999865889549,0.05999999865889549,0.27,0.0,0.0,-0.1
485,Dilane Bakwa,Midfielder,Nott'm Forest,5.5,18,u,0,False,False,0,101,1.0,3,0.0,0.0,0.0,0.0,0.0,0.0,0.0,0.0,0.0,0.0,0.0,0.0,0.0,0.0,0.0,0.0,0.0,0.0,0.0,0.0,0.0,0.5,0.0,6,0.0,0,33,0.5600000023841858,0.0,1.8799999952316284,0.03999999910593033,0.019999999552965164,0.05999999865889549,0.07999999821186066,0.34,0.0,0.0,-0.1
486,James McAtee,Midfielder,Nott'm Forest,5.5,18,a,100,False,False,0,101,1.0,3,2.3333333333333335,2.5,87.0,2.413793103448276,0.0,0.0,0.3333333333333333,0.0,6.666666666666667,35.1,12.399999999999999,0.0,0.6666666666666666,2.625,2.6296296296296298,83.375,0.0,0.0,7.5,36.15,4.0,0.5,0.0,6,0.1,338,893,3.559999942779541,1.1699999570846558,5.900000095367432,0.07999999821186066,0.11999999731779099,0.12999999523162842,0.10000000149011612,3.01,0.977,3.5,-0.1
487,Nicolás Domínguez,Midfielder,Nott'm Forest,4.9,18,a,100,False,False,0,101,1.0,3,0.3333333333333333,0.25,0.3333333333333333,90.0,0.0,0.0,0.0,0.0,0.0,0.0,0.06666666666666667,0.0,0.0,0.125,0.14814814814814817,0.125,0.0,0.0,0.0,0.0,1.0,0.5,0.0,6,0.1,62,291,0.550000011920929,0.0,1.899999976158142,0.05000000074505806,0.019999999552965164,0.05000000074505806,0.07999999821186066,0.4,0.02,0.17,-0.1
488,Ibrahim Sangaré,Midfielder,Nott'm Forest,4.9,18,a,100,False,False,0,101,1.0,3,0.3333333333333333,0.75,2.6666666666666665,11.25,0.0,0.0,0.0,0.0,0.6666666666666666,0.13333333333333333,0.7999999999999999,0.0,0.0,0.75,0.925925925925926,15.25,0.0,0.0,1.375,1.825,2.0,0.5,0.0,6,0.4,299,2979,1.0,0.019999999552965164,2.5899999141693115,0.029999999329447746,0.019999999552965164,0.05000000074505806,0.05999999865889549,1.26,0.085,0.36,-0.1
489,Ryan Yates,Midfielder,Nott'm Forest,4.5,18,a,100,False,False,0,101,1.0,3,0.0,0.0,0.0,0.0,0.0,0.0,0.0,0.0,0.0,0.0,0.0,0.0,0.0,0.0,0.0,0.0,0.0,0.0,0.0,0.0,0.0,0.5,0.0,6,1.2,582,7225,0.25999999046325684,0.0,0.47999998927116394,0.029999999329447746,0.019999999552965164,0.05000000074505806,0.05999999865889549,0.26,0.0,0.08,-0.1
490,Chris Wood,Forward,Nott'm Forest,5.8,18,a,100,False,False,0,101,1.0,3,0.6666666666666666,0.75,5.666666666666667,10.588235294117645,0.0,0.0,0.0,0.0,0.0,0.03333333333333333,0.06666666666666667,0.0,0.0,0.875,0.8518518518518521,8.0,0.0,0.0,0.375,0.325,3.0,0.5,-1.0,6,0.9,1923,6362,1.8700000047683716,0.0,5.46999979019165,0.30000001192092896,0.07999999821186066,0.10999999940395355,0.1899999976158142,2.61,0.144,0.75,-0.1
491,Igor Jesus Maciel da Cruz,Forward,Nott'm Forest,5.8,18,a,100,False,False,0,101,1.0,3,3.0,2.75,45.333333333333336,5.955882352941177,0.3333333333333333,0.0,0.0,0.6666666666666666,18.333333333333332,8.233333333333334,15.399999999999999,0.0,0.3333333333333333,4.125,3.2962962962962963,37.75,0.5,0.0,17.125,8.1125,4.0,0.5,-1.0,6,2.6,7072,22735,4.840000152587891,0.0,9.100000381469727,0.41999998688697815,0.11999999731779099,0.11999999731779099,0.15000000596046448,3.17,0.619,3.55,-0.1
493,Arnaud Kalimuendo,Forward,Nott'm Forest,5.4,18,a,100,False,False,0,101,1.0,3,0.0,0.25,0.0,0.0,0.0,0.0,0.0,0.0,0.0,0.0,0.0,0.0,0.0,0.125,0.2962962962962964,0.125,0.0,0.0,0.0,0.0,1.0,0.5,0.0,6,0.1,222,405,0.5099999904632568,0.0,1.5499999523162842,0.09000000357627869,0.05999999865889549,0.029999999329447746,0.15000000596046448,0.66,0.0,0.15,-0.1
558,Xaver Schlager,Midfielder,Nott'm Forest,5.0,18,a,100,False,False,0,101,1.0,3,3.3333333333333335,2.75,90.0,3.333333333333334,0.0,0.0,0.3333333333333333,0.0,8.333333333333334,6.066666666666666,18.066666666666666,0.0,0.3333333333333333,2.875,2.555555555555556,80.75,0.0,0.0,9.875,8.3875,4.0,0.5,0.0,6,0.1,218,765,3.7100000381469727,0.9300000071525574,5.929999828338623,0.14000000059604645,0.12999999523162842,0.12999999523162842,0.1899999976158142,3.39,1.0,3.71,-0.1
581,Ousmane Diomande,Defender,Nott'm Forest,5.4,18,a,100,False,False,0,101,1.0,3,1.6666666666666667,1.25,30.333333333333332,4.945054945054945,0.0,0.0,0.0,0.0,3.6666666666666665,0.13333333333333333,8.200000000000001,0.0,0.0,2.25,1.5555555555555556,45.25,0.0,0.0,5.5,0.2,2.0,0.5,0.0,6,0.5,1492,2216,2.200000047683716,0.0,5.099999904632568,0.019999999552965164,0.019999999552965164,0.10999999940395355,0.05999999865889549,1.24,0.467,1.38,-0.1
590,Steven Benda,Goalkeeper,Nott'm Forest,4.5,18,a,100,False,False,0,101,1.0,3,0.0,0.0,0.0,0.0,0.0,0.0,0.0,0.0,0.0,0.0,0.0,0.0,0.0,0.0,0.0,0.0,0.0,0.0,0.0,0.0,0.0,0.5,0.0,6,0.1,122,234,0.20000000298023224,0.0,0.8100000023841858,0.0,0.0,0.019999999552965164,0.029999999329447746,0.03,0.0,0.06,-0.1
112,Jan Paul van Hecke,Defender,Spurs,4.9,19,a,100,False,False,0,95,1.0,4,5.666666666666667,4.5,90.0,5.666666666666667,0.0,0.0,0.6666666666666666,0.6666666666666666,17.0,13.9,27.2,0.0,0.0,6.25,4.888888888888889,90.0,0.0,0.0,10.625,12.8625,4.0,0.5,0.0,6,6.6,18249,27491,2.2200000286102295,0.05000000074505806,6.139999866485596,0.019999999552965164,0.27000001072883606,0.10999999940395355,0.10999999940395355,3.5,1.0,2.22,-0.1
147,Tosin Adarabioyo,Defender,Spurs,4.4,19,a,100,False,False,0,95,1.0,4,0.3333333333333333,0.25,1.6666666666666667,18.0,0.0,0.0,0.0,0.0,0.0,0.06666666666666667,3.0,0.0,0.0,0.5,0.3333333333333333,2.5,0.0,0.0,0.0,0.1,1.0,0.5,0.0,6,0.1,99,550,1.1100000143051147,0.0,5.050000190734863,0.029999999329447746,0.019999999552965164,0.10999999940395355,0.03999999910593033,1.27,0.061,0.38,-0.1
401,Omar Marmoush,Forward,Spurs,7.0,19,a,100,False,False,0,95,1.0,4,2.0,1.5,83.0,2.168674698795181,0.0,0.0,0.6666666666666666,0.0,17.333333333333332,16.366666666666667,4.133333333333333,0.0,0.0,1.75,1.4074074074074074,70.0,0.0,0.0,13.0,10.7875,3.0,0.75,0.0,6,2.1,10870,21254,3.7300000190734863,0.05000000074505806,7.590000152587891,0.36000001430511475,0.07999999821186066,0.17000000178813934,0.15000000596046448,3.82,0.945,3.59,-0.1
403,Sávio Moreira de Oliveira,Midfielder,Spurs,6.5,19,a,100,False,False,0,95,1.0,4,2.0,1.5,50.0,3.6,0.0,0.0,0.6666666666666666,0.0,14.333333333333334,23.666666666666668,9.0,0.0,0.0,2.25,1.6666666666666667,60.0,0.0,0.0,17.75,31.175,2.0,0.75,0.0,6,0.7,2797,6656,3.200000047683716,0.44999998807907104,7.760000228881836,0.10999999940395355,0.11999999731779099,0.11999999731779099,0.25,2.12,0.663,2.44,-0.1
455,Sandro Tonali,Midfielder,Spurs,5.3,19,a,100,False,False,0,95,1.0,4,3.3333333333333335,3.0,84.66666666666667,3.543307086614173,0.0,0.0,0.6666666666666666,0.0,3.3333333333333335,21.666666666666668,13.333333333333334,0.0,0.0,3.25,3.0,88.0,0.0,0.0,4.5,21.4375,4.0,0.5,0.0,6,1.8,2238,14778,3.0799999237060547,1.059999942779541,4.21999979019165,0.029999999329447746,0.09000000357627869,0.11999999731779099,0.15000000596046448,2.7,0.958,2.99,-0.1
494,Guglielmo Vicario,Goalkeeper,Spurs,4.5,19,u,0,False,False,0,95,1.0,4,0.0,0.0,0.0,0.0,0.0,0.0,0.0,0.0,0.0,0.0,0.0,0.0,0.0,0.0,0.0,0.0,0.0,0.0,0.0,0.0,0.0,0.5,0.0,6,0.1,0,704,0.20000000298023224,0.0,0.8100000023841858,0.0,0.0,0.019999999552965164,0.05000000074505806,0.05,0.0,0.0,-0.1
495,Brandon Austin,Goalkeeper,Spurs,4.0,19,a,100,False,False,0,95,1.0,4,0.0,0.0,0.0,0.0,0.0,0.0,0.0,0.0,0.0,0.0,0.0,0.0,0.0,0.0,0.0,0.0,0.0,0.0,0.0,0.0,0.0,0.5,0.0,6,1.0,1887,2121,0.029999999329447746,0.0,0.12999999523162842,0.0,0.0,0.019999999552965164,0.029999999329447746,0.03,0.0,0.01,-0.1
496,Antonín Kinský,Goalkeeper,Spurs,4.5,19,a,100,False,False,0,95,1.0,4,4.666666666666667,4.0,90.0,4.666666666666667,0.0,0.0,0.6666666666666666,0.0,0.0,3.3333333333333335,11.333333333333334,1.3333333333333333,0.0,5.375,4.407407407407408,90.0,0.0,0.0,0.0,2.5,4.0,0.5,0.0,6,17.3,17354,109203,2.1700000762939453,0.07000000029802322,2.8499999046325684,0.0,0.0,0.05000000074505806,0.4000000059604645,2.61,1.0,2.17,-0.1
497,Martin Dubravka,Goalkeeper,Spurs,4.0,19,a,100,False,False,0,95,1.0,4,0.0,0.0,0.0,0.0,0.0,0.0,0.0,0.0,0.0,0.0,0.0,0.0,0.0,0.0,0.0,0.0,0.0,0.0,0.0,0.0,0.0,0.5,0.0,6,17.1,25882,47002,0.029999999329447746,0.0,0.12999999523162842,0.0,0.0,0.019999999552965164,0.029999999329447746,0.03,0.0,0.01,-0.1
498,Marcos Senesi Barón,Defender,Spurs,5.8,19,a,100,False,False,0,95,1.0,4,0.0,0.75,0.0,0.0,0.0,0.0,0.0,0.0,0.0,0.0,0.0,0.0,0.0,0.375,0.8888888888888891,11.25,0.0,0.0,0.0,0.275,1.0,0.5,-1.0,6,3.5,1152,21126,1.7000000476837158,0.0,5.730000019073486,0.029999999329447746,0.029999999329447746,0.10999999940395355,0.10999999940395355,0.38,0.0,0.51,-0.1
499,Pedro Porro Sauceda,Defender,Spurs,5.4,19,d,75,False,False,0,95,1.0,4,2.6666666666666665,2.0,60.0,3.9999999999999996,0.0,0.0,0.3333333333333333,0.3333333333333333,9.0,14.566666666666665,7.533333333333334,0.0,0.0,1.875,1.7037037037037037,33.75,0.0,0.0,4.125,9.9375,2.0,0.5,-1.0,6,7.6,1671,73389,1.9199999570846558,0.0,5.880000114440918,0.029999999329447746,0.019999999552965164,0.10999999940395355,0.05000000074505806,2.74,0.753,1.19,-0.1
500,Cristian Romero,Defender,Spurs,5.0,19,u,0,False,False,0,95,1.0,4,0.0,0.0,0.0,0.0,0.0,0.0,0.0,0.0,0.0,0.0,0.0,0.0,0.0,0.0,0.0,0.0,0.0,0.0,0.0,0.0,0.0,0.5,0.0,6,0.1,0,292,0.8899999856948853,0.0,3.630000114440918,0.029999999329447746,0.019999999552965164,0.10999999940395355,0.07000000029802322,0.3,0.0,0.0,-0.1
502,Andrew Robertson,Defender,Spurs,4.4,19,a,100,False,False,0,95,1.0,4,3.3333333333333335,3.25,62.0,4.838709677419355,0.0,0.0,0.3333333333333333,0.3333333333333333,11.0,16.2,9.333333333333334,0.0,0.0,4.375,3.7407407407407405,71.875,0.0,0.0,7.375,20.325,4.0,0.5,0.0,6,2.5,5379,12481,1.5,0.0,6.21999979019165,0.05000000074505806,0.019999999552965164,0.10999999940395355,0.10000000149011612,2.94,0.77,1.26,-0.1
503,Micky van de Ven,Defender,Spurs,5.0,19,a,100,False,False,0,95,1.0,4,5.0,3.75,90.0,5.0,0.0,0.0,0.6666666666666666,1.0,4.666666666666667,2.1333333333333333,17.2,0.0,0.3333333333333333,5.25,4.0,78.75,0.0,0.0,3.5,2.1125,3.0,0.5,0.0,6,3.8,5541,19380,1.7300000190734863,0.0,6.170000076293945,0.019999999552965164,0.029999999329447746,0.10999999940395355,0.10000000149011612,2.75,1.0,1.73,-0.1
505,Djed Spence,Defender,Spurs,4.5,19,u,0,False,False,0,95,1.0,4,0.0,0.0,0.0,0.0,0.0,0.0,0.0,0.0,0.0,0.0,0.0,0.0,0.0,0.0,0.0,0.0,0.0,0.0,0.0,0.0,0.0,0.5,0.0,6,0.2,0,1163,0.7599999904632568,0.0,4.559999942779541,0.029999999329447746,0.019999999552965164,0.10999999940395355,0.03999999910593033,0.27,0.0,0.0,-0.1
506,Destiny Udogie,Defender,Spurs,4.4,19,a,100,False,False,0,95,1.0,4,2.0,1.75,27.333333333333332,6.585365853658537,0.0,0.0,0.3333333333333333,0.0,1.3333333333333333,4.266666666666667,3.266666666666667,0.0,0.3333333333333333,1.5,1.5555555555555556,18.25,0.0,0.0,0.75,1.8499999999999999,3.0,0.5,-1.0,6,0.3,332,1596,1.2999999523162842,0.0,5.150000095367432,0.029999999329447746,0.019999999552965164,0.10999999940395355,0.03999999910593033,1.27,0.434,0.79,-0.1
507,Ashley Phillips,Defender,Spurs,4.5,19,u,0,False,False,0,95,1.0,4,0.0,0.0,0.0,0.0,0.0,0.0,0.0,0.0,0.0,0.0,0.0,0.0,0.0,0.0,0.0,0.0,0.0,0.0,0.0,0.0,0.0,0.5,0.0,6,0.0,0,54,0.7599999904632568,0.0,4.559999942779541,0.029999999329447746,0.019999999552965164,0.10999999940395355,0.03999999910593033,0.27,0.0,0.0,-0.1
508,Ben Davies,Defender,Spurs,3.9,19,a,100,False,False,0,95,1.0,4,0.0,0.0,0.0,0.0,0.0,0.0,0.0,0.0,0.0,0.0,0.0,0.0,0.0,0.0,0.0,0.0,0.0,0.0,0.0,0.0,0.0,0.5,0.0,6,0.9,7296,3798,0.47999998927116394,0.0,2.119999885559082,0.019999999552965164,0.019999999552965164,0.10999999940395355,0.03999999910593033,0.21,0.0,0.14,-0.1
509,Jun'ai Byfield,Defender,Spurs,4.0,19,a,100,False,False,0,95,1.0,4,0.0,0.0,0.0,0.0,0.0,0.0,0.0,0.0,0.0,0.0,0.0,0.0,0.0,0.0,0.0,0.0,0.0,0.0,0.0,0.0,0.0,0.5,0.0,6,0.1,120,245,0.47999998927116394,0.0,2.119999885559082,0.019999999552965164,0.019999999552965164,0.10999999940395355,0.03999999910593033,0.21,0.0,0.14,-0.1
510,James Rowswell,Defender,Spurs,4.0,19,a,100,False,False,0,95,1.0,4,0.0,0.0,0.0,0.0,0.0,0.0,0.0,0.0,0.0,0.0,0.0,0.0,0.0,0.0,0.0,0.0,0.0,0.0,0.0,0.0,0.0,0.5,0.0,6,0.1,156,335,0.47999998927116394,0.0,2.119999885559082,0.019999999552965164,0.019999999552965164,0.10999999940395355,0.03999999910593033,0.21,0.0,0.14,-0.1
511,João Victor de Souza Menezes,Defender,Spurs,4.0,19,u,0,False,False,0,95,1.0,4,0.0,0.0,0.0,0.0,0.0,0.0,0.0,0.0,0.0,0.0,0.0,0.0,0.0,0.0,0.0,0.0,0.0,0.0,0.0,0.0,0.0,0.5,0.0,6,0.2,0,872,0.47999998927116394,0.0,2.119999885559082,0.019999999552965164,0.019999999552965164,0.10999999940395355,0.03999999910593033,0.21,0.0,0.0,-0.1
512,Mohammed Kudus,Midfielder,Spurs,6.5,19,a,100,False,False,0,95,1.0,4,1.0,0.75,26.0,3.4615384615384617,0.0,0.0,0.0,0.0,6.333333333333333,10.4,4.133333333333334,0.0,0.0,0.875,0.7037037037037037,23.5,0.0,0.0,4.875,10.5875,3.0,0.5,0.0,6,0.2,2199,1101,1.7300000190734863,0.07999999821186066,4.199999809265137,0.05999999865889549,0.18000000715255737,0.17000000178813934,0.09000000357627869,1.92,0.419,1.03,-0.1
513,Xavi Simons,Midfielder,Spurs,5.9,19,i,0,False,False,0,95,1.0,4,0.0,0.0,0.0,0.0,0.0,0.0,0.0,0.0,0.0,0.0,0.0,0.0,0.0,0.0,0.0,0.0,0.0,0.0,0.0,0.0,0.0,0.5,0.0,6,0.0,52,80,0.5600000023841858,0.0,1.7100000381469727,0.05000000074505806,0.019999999552965164,0.05999999865889549,0.09000000357627869,0.38,0.0,0.0,-0.1
514,Mathys Tel,Midfielder,Spurs,5.7,19,a,100,False,False,0,95,1.0,4,2.0,2.0,55.666666666666664,3.2335329341317363,0.0,0.0,0.3333333333333333,0.0,21.0,8.9,3.733333333333333,0.0,0.0,1.75,1.888888888888889,51.375,0.0,0.0,14.875,10.3125,4.0,0.5,0.0,6,0.2,196,1926,3.0399999618530273,0.44999998807907104,6.769999980926514,0.10000000149011612,0.029999999329447746,0.11999999731779099,0.07999999821186066,1.68,0.714,2.43,-0.1
515,James Maddison,Midfielder,Spurs,6.3,19,a,100,False,False,0,95,1.0,4,0.3333333333333333,0.5,4.333333333333333,6.923076923076923,0.0,0.0,0.0,0.0,0.0,1.2666666666666666,2.2666666666666666,0.0,0.0,0.625,0.6296296296296298,9.25,0.0,0.0,1.0,2.9375,2.0,0.5,0.0,6,0.4,727,1949,1.2899999618530273,0.029999999329447746,3.680000066757202,0.05999999865889549,0.019999999552965164,0.07000000029802322,0.09000000357627869,1.42,0.12,0.5,-0.1
516,Rodrigo Bentancur,Midfielder,Spurs,5.5,19,a,100,False,False,0,95,1.0,4,3.3333333333333335,2.75,80.66666666666667,3.71900826446281,0.0,0.0,0.6666666666666666,0.0,2.0,6.1000000000000005,18.8,0.0,0.0,3.125,2.7037037037037037,70.375,0.0,0.0,1.5,7.5,4.0,0.5,0.0,6,0.2,362,688,3.049999952316284,0.6800000071525574,5.130000114440918,0.03999999910593033,0.07999999821186066,0.10999999940395355,0.17000000178813934,2.76,0.926,2.89,-0.1
517,Wilson Odobert,Midfielder,Spurs,5.5,19,i,0,False,False,0,95,1.0,4,0.0,0.0,0.0,0.0,0.0,0.0,0.0,0.0,0.0,0.0,0.0,0.0,0.0,0.0,0.0,0.0,0.0,0.0,0.0,0.0,0.0,0.5,0.0,6,0.0,25,14,0.5600000023841858,0.0,1.8799999952316284,0.03999999910593033,0.019999999552965164,0.05999999865889549,0.07999999821186066,0.34,0.0,0.0,-0.1
518,Pape Matar Sarr,Midfielder,Spurs,4.9,19,u,0,False,False,0,95,1.0,4,0.0,0.0,0.0,0.0,0.0,0.0,0.0,0.0,0.0,0.0,0.0,0.0,0.0,0.0,0.0,0.0,0.0,0.0,0.0,0.0,0.0,0.5,0.0,6,0.1,0,658,0.27000001072883606,0.0,0.7300000190734863,0.029999999329447746,0.019999999552965164,0.05000000074505806,0.05999999865889549,0.26,0.0,0.0,-0.1
519,Conor Gallagher,Midfielder,Spurs,5.3,19,a,100,False,False,0,95,1.0,4,1.0,0.75,27.666666666666668,3.253012048192771,0.0,0.0,0.3333333333333333,0.0,0.6666666666666666,1.4666666666666668,3.4,0.0,0.0,0.75,0.6666666666666667,26.375,0.0,0.0,0.625,1.7875,2.0,0.5,-1.0,6,0.2,801,643,1.190000057220459,0.0,2.809999942779541,0.029999999329447746,0.019999999552965164,0.05999999865889549,0.05999999865889549,1.27,0.438,0.72,-0.1
520,Lucas Bergvall,Midfielder,Spurs,5.3,19,a,100,False,False,0,95,1.0,4,0.3333333333333333,0.5,9.0,3.333333333333333,0.0,0.0,0.0,0.0,2.3333333333333335,2.6333333333333333,2.6666666666666665,0.0,0.0,0.625,0.6296296296296298,19.125,0.0,0.0,3.75,4.2,2.0,0.5,0.0,6,0.1,101,612,1.75,0.0,3.809999942779541,0.029999999329447746,0.019999999552965164,0.05000000074505806,0.05999999865889549,1.28,0.2,0.77,-0.1
521,Dejan Kulusevski,Midfielder,Spurs,6.5,19,i,0,False,False,0,95,1.0,4,0.0,0.0,0.0,0.0,0.0,0.0,0.0,0.0,0.0,0.0,0.0,0.0,0.0,0.0,0.0,0.0,0.0,0.0,0.0,0.0,0.0,0.5,0.0,6,0.0,86,67,0.5699999928474426,0.0,2.0399999618530273,0.05000000074505806,0.019999999552965164,0.07000000029802322,0.09000000357627869,0.42,0.0,0.0,-0.1
522,Archie Gray,Midfielder,Spurs,4.9,19,a,100,False,False,0,95,1.0,4,1.6666666666666667,1.75,50.333333333333336,2.980132450331126,0.0,0.0,0.3333333333333333,0.0,3.3333333333333335,2.733333333333333,3.7999999999999994,0.0,0.0,2.0,1.888888888888889,61.0,0.0,0.0,5.0,3.95,3.0,0.5,-1.0,6,0.2,455,1176,2.2200000286102295,0.27000001072883606,4.730000019073486,0.05999999865889549,0.03999999910593033,0.15000000596046448,0.05999999865889549,1.51,0.666,1.7,-0.1
523,Mikey Moore,Midfielder,Spurs,5.0,19,u,0,False,False,0,95,1.0,4,0.3333333333333333,0.75,7.333333333333333,4.090909090909091,0.0,0.0,0.0,0.0,0.3333333333333333,0.13333333333333333,0.0,0.0,0.0,0.375,0.740740740740741,11.125,0.0,0.0,7.0,0.7875000000000001,2.0,0.5,0.0,6,0.1,0,533,0.699999988079071,0.019999999552965164,1.8200000524520874,0.029999999329447746,0.029999999329447746,0.05000000074505806,0.05999999865889549,1.3,0.173,0.0,-0.1
524,Callum Olusesi,Midfielder,Spurs,4.4,19,a,100,False,False,0,95,1.0,4,0.0,0.0,0.0,0.0,0.0,0.0,0.0,0.0,0.0,0.0,0.0,0.0,0.0,0.0,0.0,0.0,0.0,0.0,0.0,0.0,0.0,0.5,0.0,6,1.0,6058,7532,0.25999999046325684,0.0,0.47999998927116394,0.029999999329447746,0.019999999552965164,0.05000000074505806,0.05999999865889549,0.26,0.0,0.08,-0.1
525,Mateus Fernandes,Midfielder,Spurs,5.7,19,a,100,False,False,0,95,1.0,4,1.6666666666666667,1.5,53.0,2.830188679245283,0.0,0.0,0.3333333333333333,0.0,7.666666666666667,19.9,5.666666666666667,0.0,0.3333333333333333,1.875,1.5925925925925928,49.625,0.0,0.0,11.375,15.7875,4.0,0.5,0.0,6,0.8,461,6539,2.630000114440918,0.36000001430511475,5.650000095367432,0.07999999821186066,0.09000000357627869,0.12999999523162842,0.09000000357627869,1.75,0.69,2.06,-0.1
526,Dominic Solanke-Mitchell,Forward,Spurs,5.8,19,a,100,False,False,0,95,1.0,4,1.3333333333333333,1.25,27.666666666666668,4.337349397590361,0.0,0.0,0.3333333333333333,0.0,5.333333333333333,1.633333333333333,1.0666666666666667,0.0,0.0,1.5,1.3333333333333335,37.125,0.0,0.0,5.375,2.2624999999999997,4.0,0.5,-1.0,6,0.8,1857,5596,2.9200000762939453,0.0,7.769999980926514,0.4099999964237213,0.07999999821186066,0.14000000059604645,0.15000000596046448,3.01,0.438,1.77,-0.1
527,Richarlison de Andrade,Forward,Spurs,5.9,19,u,0,False,False,0,95,1.0,4,0.0,0.5,0.0,0.0,0.0,0.0,0.0,0.0,0.0,0.0,0.0,0.0,0.0,0.25,0.5925925925925928,8.375,0.0,0.0,0.0,0.275,1.0,0.5,0.0,6,0.6,0,5633,1.75,0.0,3.4200000762939453,0.2199999988079071,0.07000000029802322,0.10000000149011612,0.15000000596046448,1.25,0.0,0.0,-0.1
528,Dane Scarlett,Forward,Spurs,4.5,19,u,0,False,False,0,95,1.0,4,0.0,0.0,0.0,0.0,0.0,0.0,0.0,0.0,0.0,0.0,0.0,0.0,0.0,0.0,0.0,0.0,0.0,0.0,0.0,0.0,0.0,0.5,0.0,6,1.1,0,7927,0.2800000011920929,0.0,0.6499999761581421,0.09000000357627869,0.05000000074505806,0.029999999329447746,0.15000000596046448,0.64,0.0,0.0,-0.1
578,Mykhailo Mudryk,Midfielder,Spurs,5.3,19,i,0,False,False,0,95,1.0,4,0.3333333333333333,0.25,5.333333333333333,5.625,0.0,0.0,0.0,0.0,0.6666666666666666,0.03333333333333333,0.0,0.0,0.0,0.25,0.22222222222222224,4.0,0.0,0.0,0.5,0.025,1.0,0.5,0.0,6,0.0,20,553,0.5899999737739563,0.0,1.190000057220459,0.029999999329447746,0.019999999552965164,0.05000000074505806,0.05999999865889549,1.27,0.138,0.0,-0.1
601,Luca Williams-Barnett,Midfielder,Spurs,4.5,19,a,100,False,False,0,95,1.0,4,0.0,0.0,0.0,0.0,0.0,0.0,0.0,0.0,0.0,0.0,0.0,0.0,0.0,0.0,0.0,0.0,0.0,0.0,0.0,0.0,0.0,0.5,0.0,6,0.1,165,749,0.25999999046325684,0.0,0.47999998927116394,0.029999999329447746,0.019999999552965164,0.05000000074505806,0.05999999865889549,0.26,0.0,0.08,-0.1
501,Kevin Danso,Defender,Sunderland,5.0,20,a,100,False,False,1,693,1.0,3,1.0,0.75,60.0,1.5,0.0,0.0,0.0,0.0,0.6666666666666666,7.3,12.533333333333333,0.0,0.0,1.0,0.7777777777777778,67.5,0.0,0.0,1.0,8.225,2.0,0.5,0.0,6,0.2,1137,820,1.5399999618530273,0.0,4.21999979019165,0.019999999552965164,0.019999999552965164,0.10999999940395355,0.07000000029802322,2.68,0.753,1.27,-0.1
529,Robin Roefs,Goalkeeper,Sunderland,4.9,20,a,100,False,False,1,693,1.0,3,3.3333333333333335,2.75,90.0,3.333333333333334,0.0,0.0,0.3333333333333333,0.0,0.0,0.0,14.6,1.3333333333333333,0.0,2.375,2.2962962962962967,90.0,0.0,0.0,0.0,0.0,4.0,0.5,-1.0,6,2.4,2024,11390,1.850000023841858,0.07000000029802322,3.259999990463257,0.0,0.0,0.18000000715255737,0.11999999731779099,2.85,1.0,1.85,-0.1
530,Anthony Patterson,Goalkeeper,Sunderland,4.0,20,u,0,False,False,1,693,1.0,3,0.0,0.0,0.0,0.0,0.0,0.0,0.0,0.0,0.0,0.0,0.0,0.0,0.0,0.0,0.0,0.0,0.0,0.0,0.0,0.0,0.0,0.5,0.0,6,0.1,0,345,0.029999999329447746,0.0,0.10000000149011612,0.0,0.0,0.019999999552965164,0.029999999329447746,0.03,0.0,0.0,-0.1
531,Melker Ellborg,Goalkeeper,Sunderland,4.4,20,a,100,False,False,1,693,1.0,3,0.0,0.0,0.0,0.0,0.0,0.0,0.0,0.0,0.0,0.0,0.0,0.0,0.0,0.0,0.0,0.0,0.0,0.0,0.0,0.0,0.0,0.5,0.0,6,0.1,132,252,0.029999999329447746,0.0,0.10000000149011612,0.0,0.0,0.019999999552965164,0.029999999329447746,0.03,0.0,0.01,-0.1
532,Daniel Ballard,Defender,Sunderland,4.9,20,d,75,False,False,1,693,1.0,3,4.0,3.0,90.0,4.0,0.0,0.0,0.3333333333333333,0.0,8.0,7.4333333333333345,19.2,0.0,0.3333333333333333,2.0,2.0740740740740744,90.0,0.0,0.0,7.375,8.275,4.0,0.5,0.0,6,2.5,3585,16455,2.1600000858306885,0.05000000074505806,6.210000038146973,0.019999999552965164,0.05999999865889549,0.10999999940395355,0.1599999964237213,2.92,1.0,1.62,-0.1
533,Nordi Mukiele,Defender,Sunderland,5.4,20,a,100,False,False,1,693,1.0,3,4.333333333333333,3.25,90.0,4.333333333333333,0.0,0.0,0.3333333333333333,0.3333333333333333,16.0,5.966666666666666,28.46666666666667,0.0,0.3333333333333333,2.125,2.2222222222222223,78.75,0.0,0.0,23.25,4.7,3.0,0.5,-1.0,6,1.9,5017,8649,2.390000104904175,0.05000000074505806,6.099999904632568,0.019999999552965164,0.20999999344348907,0.10999999940395355,0.14000000059604645,3.33,1.0,2.39,-0.1
534,Trai Hume,Defender,Sunderland,4.3,20,a,100,False,False,1,693,1.0,3,2.3333333333333335,2.25,38.666666666666664,5.431034482758622,0.0,0.0,0.3333333333333333,0.0,0.6666666666666666,6.400000000000001,7.466666666666666,0.0,0.0,1.25,1.7037037037037044,27.625,0.0,0.0,1.875,7.3375,3.0,0.5,0.0,6,2.8,1208,29202,1.0099999904632568,0.0,2.8499999046325684,0.019999999552965164,0.019999999552965164,0.10999999940395355,0.029999999329447746,1.2,0.554,0.69,-0.1
535,Omar Alderete,Defender,Sunderland,4.8,20,a,100,False,False,1,693,1.0,3,0.0,0.25,0.0,0.0,0.0,0.0,0.0,0.0,0.0,0.0,0.0,0.0,0.0,0.125,0.2962962962962964,2.875,0.0,0.0,0.0,0.075,1.0,0.5,0.0,6,0.2,217,1049,0.6399999856948853,0.0,1.7799999713897705,0.019999999552965164,0.019999999552965164,0.10999999940395355,0.029999999329447746,0.21,0.0,0.19,-0.1
536,Reinildo Mandava,Defender,Sunderland,4.4,20,a,100,False,False,1,693,1.0,3,2.0,1.75,90.0,2.0,0.0,0.0,0.3333333333333333,0.0,0.6666666666666666,2.966666666666667,10.266666666666666,0.0,0.0,0.375,0.9629629629629634,90.0,0.0,0.0,0.75,5.2625,4.0,0.5,0.0,6,0.3,180,1548,1.75,0.0,5.079999923706055,0.029999999329447746,0.019999999552965164,0.10999999940395355,0.09000000357627869,2.78,1.0,1.75,-0.1
537,Jenson Seelt,Defender,Sunderland,4.5,20,u,0,False,False,1,693,1.0,3,0.0,0.0,0.0,0.0,0.0,0.0,0.0,0.0,0.0,0.0,0.0,0.0,0.0,0.0,0.0,0.0,0.0,0.0,0.0,0.0,0.0,0.5,0.0,6,0.0,0,22,0.5699999928474426,0.0,1.7300000190734863,0.019999999552965164,0.019999999552965164,0.10999999940395355,0.029999999329447746,0.21,0.0,0.0,-0.1
538,Leo Fuhr Hjelde,Defender,Sunderland,4.0,20,u,0,False,False,1,693,1.0,3,0.0,0.0,0.0,0.0,0.0,0.0,0.0,0.0,0.0,0.0,0.0,0.0,0.0,0.0,0.0,0.0,0.0,0.0,0.0,0.0,0.0,0.5,0.0,6,0.0,0,152,0.30000001192092896,0.0,0.30000001192092896,0.019999999552965164,0.019999999552965164,0.10999999940395355,0.029999999329447746,0.2,0.0,0.0,-0.1
539,Luke O'Nien,Defender,Sunderland,3.9,20,a,100,False,False,1,693,1.0,3,0.0,0.25,0.0,0.0,0.0,0.0,0.0,0.0,0.0,0.0,0.0,0.0,0.0,0.125,0.2962962962962964,8.25,0.0,0.0,0.5,0.175,1.0,0.5,0.0,6,2.5,17424,11359,0.550000011920929,0.0,0.3100000023841858,0.019999999552965164,0.019999999552965164,0.10999999940395355,0.029999999329447746,0.2,0.0,0.17,-0.1
540,Arthur Masuaku,Defender,Sunderland,4.0,20,u,0,False,False,1,693,1.0,3,0.0,0.0,0.0,0.0,0.0,0.0,0.0,0.0,0.0,0.0,0.0,0.0,0.0,0.0,0.0,0.0,0.0,0.0,0.0,0.0,0.0,0.5,0.0,6,0.1,0,615,0.30000001192092896,0.0,0.30000001192092896,0.019999999552965164,0.019999999552965164,0.10999999940395355,0.029999999329447746,0.2,0.0,0.0,-0.1
541,Thomas Meunier,Defender,Sunderland,4.5,20,a,100,False,False,1,693,1.0,3,3.3333333333333335,2.75,76.0,3.947368421052632,0.0,0.0,0.3333333333333333,0.0,10.0,7.766666666666667,11.200000000000001,0.0,0.0,2.375,2.2962962962962967,75.75,0.0,0.0,11.5,4.4375,4.0,0.5,0.0,6,0.3,1587,861,1.25,0.0,5.889999866485596,0.029999999329447746,0.019999999552965164,0.10999999940395355,0.07999999821186066,2.77,0.888,1.15,-0.1
542,Enzo Le Fée,Midfielder,Sunderland,5.7,20,a,100,False,False,1,693,1.0,3,3.6666666666666665,3.25,89.66666666666667,3.680297397769516,0.3333333333333333,0.0,0.3333333333333333,0.3333333333333333,26.666666666666668,18.2,16.73333333333333,0.0,0.0,2.625,2.8148148148148153,88.5,0.25,0.0,22.75,19.6625,4.0,0.5,0.0,6,3.4,11152,23529,3.9600000381469727,1.1799999475479126,7.050000190734863,0.1599999964237213,0.23999999463558197,0.15000000596046448,0.33000001311302185,3.99,0.997,3.95,-0.1
543,Habib Diarra,Midfielder,Sunderland,5.3,20,i,0,False,False,1,693,1.0,3,1.3333333333333333,1.25,6.0,20.0,0.0,0.3333333333333333,0.0,0.0,0.0,3.4333333333333336,5.066666666666666,0.0,0.0,0.625,0.8888888888888891,3.5,0.0,0.125,0.25,1.3625,2.0,0.5,0.0,6,0.0,20,229,1.149999976158142,0.0,3.0,0.05000000074505806,0.029999999329447746,0.07000000029802322,0.07999999821186066,1.43,0.15,0.0,-0.1
544,Granit Xhaka,Midfielder,Sunderland,5.5,20,a,100,False,False,1,693,1.0,3,3.3333333333333335,4.75,90.0,3.333333333333334,0.0,0.0,0.3333333333333333,1.0,1.0,40.800000000000004,16.73333333333333,0.0,0.6666666666666666,3.125,4.555555555555556,90.0,0.0,0.125,0.75,38.2875,4.0,0.5,0.0,6,3.6,6095,22855,4.03000020980835,0.9800000190734863,6.960000038146973,0.05999999865889549,0.05999999865889549,0.14000000059604645,0.4000000059604645,3.0,1.0,4.03,-0.1
545,Noah Sadiki,Midfielder,Sunderland,4.9,20,a,100,False,False,1,693,1.0,3,2.0,2.0,84.33333333333333,2.1343873517786562,0.0,0.0,0.3333333333333333,0.0,18.333333333333332,8.033333333333333,12.733333333333334,0.0,0.3333333333333333,1.875,1.925925925925926,85.75,0.0,0.0,16.375,9.387500000000001,4.0,0.5,0.0,6,0.2,399,1315,3.049999952316284,0.6700000166893005,6.179999828338623,0.09000000357627869,0.05000000074505806,0.12999999523162842,0.05999999865889549,2.78,0.955,2.95,-0.1
546,Simon Adingra,Midfielder,Sunderland,4.9,20,u,0,False,False,1,693,1.0,3,0.0,0.0,0.0,0.0,0.0,0.0,0.0,0.0,0.0,0.0,0.0,0.0,0.0,0.0,0.0,0.0,0.0,0.0,0.0,0.0,0.0,0.5,0.0,6,0.0,0,187,0.27000001072883606,0.0,0.7799999713897705,0.029999999329447746,0.019999999552965164,0.05000000074505806,0.05999999865889549,0.26,0.0,0.0,-0.1
547,Romaine Mundle,Midfielder,Sunderland,4.9,20,i,0,False,False,1,693,1.0,3,0.3333333333333333,0.25,0.3333333333333333,90.0,0.0,0.0,0.0,0.0,5.666666666666667,0.03333333333333333,2.6666666666666665,0.0,0.0,0.125,0.14814814814814817,0.125,0.0,0.0,2.125,0.0125,1.0,0.5,0.0,6,0.0,10,54,0.800000011920929,0.0,2.640000104904175,0.05000000074505806,0.019999999552965164,0.05000000074505806,0.09000000357627869,0.43,0.02,0.0,-0.1
548,Chris Rigg,Midfielder,Sunderland,4.9,20,a,100,False,False,1,693,1.0,3,0.3333333333333333,0.5,2.3333333333333335,12.857142857142856,0.0,0.0,0.0,0.0,0.0,0.0,0.0,0.0,0.0,0.25,0.44444444444444453,2.125,0.0,0.0,0.0,0.0375,2.0,0.5,0.0,6,0.0,30,226,0.3100000023841858,0.0,0.8500000238418579,0.029999999329447746,0.019999999552965164,0.05000000074505806,0.05999999865889549,1.26,0.078,0.11,-0.1
549,Chemsdine Talbi,Midfielder,Sunderland,5.3,20,a,100,False,False,1,693,1.0,3,0.0,0.25,0.0,0.0,0.0,0.0,0.0,0.0,0.0,0.0,0.0,0.0,0.0,0.125,0.2962962962962964,3.875,0.0,0.0,0.0,0.1125,1.0,0.5,-1.0,6,0.1,105,561,0.33000001311302185,0.0,0.8299999833106995,0.029999999329447746,0.019999999552965164,0.05999999865889549,0.05999999865889549,0.27,0.0,0.1,-0.1
550,Djiamgone Jocelin Ta Bi,Midfielder,Sunderland,5.0,20,a,100,False,False,1,693,1.0,3,0.0,0.0,0.0,0.0,0.0,0.0,0.0,0.0,0.0,0.0,0.0,0.0,0.0,0.0,0.0,0.0,0.0,0.0,0.0,0.0,0.0,0.5,0.0,6,0.0,29,41,0.33000001311302185,0.0,0.8999999761581421,0.029999999329447746,0.019999999552965164,0.05000000074505806,0.05999999865889549,0.27,0.0,0.1,-0.1
551,Nilson Angulo,Midfielder,Sunderland,5.0,20,a,100,False,False,1,693,1.0,3,2.3333333333333335,3.0,65.33333333333333,3.214285714285715,0.0,0.0,0.3333333333333333,0.0,6.0,7.766666666666667,6.0,0.0,0.0,2.5,3.0370370370370376,65.5,0.125,0.0,7.0,4.375,4.0,0.5,0.0,6,0.1,499,771,2.369999885559082,0.4399999976158142,4.869999885559082,0.05999999865889549,0.019999999552965164,0.14000000059604645,0.05999999865889549,2.57,0.799,2.04,-0.1
552,Brian Brobbey,Forward,Sunderland,5.7,20,d,75,False,False,1,693,1.0,3,1.6666666666666667,1.75,81.0,1.8518518518518519,0.0,0.0,0.3333333333333333,0.0,16.333333333333332,17.133333333333333,1.4666666666666668,0.0,0.3333333333333333,1.5,1.6666666666666667,83.625,0.0,0.0,16.125,15.5625,4.0,0.5,0.0,6,6.9,193929,43780,3.359999895095825,0.05000000074505806,6.21999979019165,0.3100000023841858,0.07999999821186066,0.12999999523162842,0.15000000596046448,3.61,0.929,2.39,-0.1
553,Wilson Isidor,Forward,Sunderland,5.5,20,a,100,False,False,1,693,1.0,3,4.333333333333333,3.5,24.0,16.25,0.3333333333333333,0.3333333333333333,0.0,1.0,11.666666666666666,0.16666666666666666,10.2,0.0,0.0,2.625,2.703703703703704,22.625,0.125,0.25,5.625,0.1625,4.0,0.5,0.0,6,1.3,3143,11425,3.190000057220459,0.05000000074505806,7.159999847412109,0.28999999165534973,0.15000000596046448,0.05999999865889549,0.15000000596046448,2.73,0.396,1.84,-0.1
612,Dayann Méthalie,Defender,Sunderland,4.5,20,a,100,False,False,1,693,1.0,3,0.0,0.0,0.0,0.0,0.0,0.0,0.0,0.0,0.0,0.0,0.0,0.0,0.0,0.0,0.0,0.0,0.0,0.0,0.0,0.0,0.0,0.6666666666666666,0.0,6,0.0,113,66,0.5699999928474426,0.0,1.7300000190734863,0.019999999552965164,0.019999999552965164,0.10999999940395355,0.029999999329447746,0.21,0.0,0.17,-0.1
613,Jules Ahoka,Midfielder,Sunderland,4.5,20,a,100,False,False,1,693,1.0,3,0.0,0.0,0.0,0.0,0.0,0.0,0.0,0.0,0.0,0.0,0.0,0.0,0.0,0.0,0.0,0.0,0.0,0.0,0.0,0.0,0.0,0.6666666666666666,0.0,6,0.2,581,1576,0.25999999046325684,0.0,0.5400000214576721,0.029999999329447746,0.019999999552965164,0.05000000074505806,0.05999999865889549,0.26,0.0,0.08,-0.1
646,Malick Fofana,Midfielder,Sunderland,5.5,20,a,100,False,False,1,693,1.0,3,1.0,1.0,15.0,6.0,0.0,0.0,0.0,0.0,3.0,0.65,0.0,0.0,0.0,1.0,1.0,15.0,0.0,0.0,3.0,0.65,2.0,0.5,0.0,6,0.0,326,296,1.0399999618530273,0.0,2.950000047683716,0.03999999910593033,0.029999999329447746,0.05000000074505806,0.07999999821186066,1.36,0.285,0.52,-0.1
651,Juan Angulo,Forward,Sunderland,4.5,20,a,100,False,False,1,693,1.0,3,0.0,0.0,0.0,0.0,0.0,0.0,0.0,0.0,0.0,0.0,0.0,0.0,0.0,0.0,0.0,0.0,0.0,0.0,0.0,0.0,0.0,0.5,0.0,6,0.7,8626,7184,0.27000001072883606,0.0,0.44999998807907104,0.09000000357627869,0.05000000074505806,0.05000000074505806,0.15000000596046448,0.65,0.0,0.08,-0.1
