player_id,player_name,position,team_name,price,team_id,player_status,chance_of_playing,is_blank,is_double,is_home,opponent_encoded,opp_strength,difficulty,roll3_pts,roll5_pts,roll3_mins,pts_per_90,roll3_goals,roll3_assists,roll3_clean,roll3_bonus,roll3_threat,roll3_creativity,roll3_influence,roll3_saves,roll3_yellows,ewm3_pts,ewm5_pts,ewm3_mins,ewm3_goals,ewm3_assists,ewm3_threat,ewm3_creativity,games_played,home_ratio,price_change,gw_number,selected_pct,transfers_in_event,transfers_out_event,predicted_pts,pts_low,pts_high,pred_goals,pred_assists,pred_clean,pred_bonus,pts_from_components,p_plays_full,expected_pts,predicted_price_change,gw6_difficulty,gw6_opponent,gw6_opponent_id,gw6_home,gw7_difficulty,gw7_opponent,gw7_opponent_id,gw7_home,gw8_difficulty,gw8_opponent,gw8_opponent_id,gw8_home,gw9_difficulty,gw9_opponent,gw9_opponent_id,gw9_home,gw10_difficulty,gw10_opponent,gw10_opponent_id,gw10_home,avg_difficulty,blank_gws,double_gws,non_blank_gws,is_blank_next_gw,is_home_next_gw,momentum_score,fixture_trend,fixture_run_label,opp_scoring_bonus,adj_predicted_pts,cs_history_bonus,combined_score,value_score,captain_ev
1,David Raya Martín,Goalkeeper,Arsenal,6.1,1,a,100,False,False,1,873,1.0,3,7.666666666666667,7.25,90.0,7.666666666666666,0.0,0.0,0.6666666666666666,1.0,0.0,0.06666666666666667,24.066666666666666,2.0,0.0,9.25,8.0,90.0,0.0,0.0,0.0,0.1,4.0,0.5,0.0,6,42.3,133221,52460,2.8399999141693115,0.0,6.760000228881836,0.0,0.0,0.20000000298023224,0.25,3.06,1.0,2.84,-0.1,3.41,Leeds,13,1,3.68,Nott'm Forest,18,0,3.94,Everton,9,1,4.23,Liverpool,14,0,2.88,Hull City,11,1,3.63,0,0,5,False,True,3.58,-0.051,🔴 Tough,0.0,2.84,0.0,3.75,0.615,6.69
2,Kepa Arrizabalaga Revuelta,Goalkeeper,Arsenal,4.9,1,a,100,False,False,1,873,1.0,3,0.0,0.0,0.0,0.0,0.0,0.0,0.0,0.0,0.0,0.0,0.0,0.0,0.0,0.0,0.0,0.0,0.0,0.0,0.0,0.0,0.0,0.5,0.0,6,0.1,114,275,0.2199999988079071,0.0,0.6899999976158142,0.0,0.0,0.03999999910593033,0.05000000074505806,0.05,0.0,0.07,-0.1,3.41,Leeds,13,1,3.68,Nott'm Forest,18,0,3.94,Everton,9,1,4.23,Liverpool,14,0,2.88,Hull City,11,1,3.63,0,0,5,False,True,3.58,-0.051,🔴 Tough,0.0,0.22,0.0,0.09,0.018,0.24
3,Illan Meslier,Goalkeeper,Arsenal,4.9,1,a,100,False,False,1,873,1.0,3,0.0,0.0,0.0,0.0,0.0,0.0,0.0,0.0,0.0,0.0,0.0,0.0,0.0,0.0,0.0,0.0,0.0,0.0,0.0,0.0,0.0,0.5,0.0,6,0.0,50,129,0.2199999988079071,0.0,0.6899999976158142,0.0,0.0,0.03999999910593033,0.05000000074505806,0.05,0.0,0.07,-0.1,3.41,Leeds,13,1,3.68,Nott'm Forest,18,0,3.94,Everton,9,1,4.23,Liverpool,14,0,2.88,Hull City,11,1,3.63,0,0,5,False,True,3.58,-0.051,🔴 Tough,0.0,0.22,0.0,0.09,0.018,0.24
4,Gabriel dos Santos Magalhães,Defender,Arsenal,8.0,1,a,100,False,False,1,873,1.0,3,6.333333333333333,6.0,90.0,6.333333333333332,0.0,0.0,0.6666666666666666,0.6666666666666666,27.666666666666668,2.3666666666666667,20.8,0.0,0.3333333333333333,6.625,6.111111111111112,90.0,0.0,0.0,20.375,1.975,4.0,0.5,0.0,6,22.7,27196,70116,2.6600000858306885,0.0,5.849999904632568,0.03999999910593033,0.12999999523162842,0.11999999731779099,0.36000001430511475,3.49,1.0,2.66,-0.1,3.41,Leeds,13,1,3.68,Nott'm Forest,18,0,3.94,Everton,9,1,4.23,Liverpool,14,0,2.88,Hull City,11,1,3.63,0,0,5,False,True,3.58,-0.051,🔴 Tough,0.0,2.66,0.0,3.78,0.472,6.2
5,Jurriën Timber,Defender,Arsenal,6.5,1,a,100,False,False,1,873,1.0,3,0.3333333333333333,0.25,15.0,1.9999999999999998,0.0,0.0,0.0,0.0,0.0,0.6333333333333333,2.0,0.0,0.0,0.5,0.3333333333333333,22.5,0.0,0.0,0.0,0.95,1.0,0.5,0.0,6,0.4,13853,4494,1.7400000095367432,0.0,4.5,0.03999999910593033,0.029999999329447746,0.10999999940395355,0.05999999865889549,1.39,0.285,0.87,-0.1,3.41,Leeds,13,1,3.68,Nott'm Forest,18,0,3.94,Everton,9,1,4.23,Liverpool,14,0,2.88,Hull City,11,1,3.63,0,0,5,False,True,3.58,-0.051,🔴 Tough,0.0,1.74,0.0,1.23,0.189,2.42
6,William Saliba,Defender,Arsenal,5.9,1,i,0,False,False,1,873,1.0,3,0.0,0.0,0.0,0.0,0.0,0.0,0.0,0.0,0.0,0.0,0.0,0.0,0.0,0.0,0.0,0.0,0.0,0.0,0.0,0.0,0.0,0.5,0.0,6,0.2,427,1172,1.2599999904632568,0.0,4.710000038146973,0.03999999910593033,0.029999999329447746,0.10000000149011612,0.14000000059604645,0.5,0.0,0.0,-0.1,3.41,Leeds,13,1,3.68,Nott'm Forest,18,0,3.94,Everton,9,1,4.23,Liverpool,14,0,2.88,Hull City,11,1,3.63,0,0,5,False,True,3.58,-0.051,🔴 Tough,0.0,1.26,0.0,1.79,0.303,0.71
7,Myles Lewis-Skelly,Midfielder,Arsenal,5.4,1,a,100,False,False,1,873,1.0,3,2.0,2.25,60.333333333333336,2.983425414364641,0.0,0.0,0.3333333333333333,0.0,3.0,5.766666666666666,3.533333333333333,0.0,0.0,1.75,2.111111111111111,59.0,0.0,0.0,2.5,7.1375,4.0,0.5,0.0,6,0.6,1015,5146,1.9199999570846558,0.23000000417232513,3.9000000953674316,0.05999999865889549,0.05000000074505806,0.029999999329447746,0.09000000357627869,2.55,0.756,1.59,-0.1,3.41,Leeds,13,1,3.68,Nott'm Forest,18,0,3.94,Everton,9,1,4.23,Liverpool,14,0,2.88,Hull City,11,1,3.63,0,0,5,False,True,3.58,-0.051,🔴 Tough,0.0,1.92,0.0,2.06,0.381,3.73
8,Riccardo Calafiori,Defender,Arsenal,5.8,1,a,100,False,False,1,873,1.0,3,6.333333333333333,7.0,82.0,6.951219512195121,0.0,0.3333333333333333,0.6666666666666666,0.6666666666666666,14.0,5.6000000000000005,11.466666666666667,0.0,0.0,6.0,6.740740740740742,82.75,0.0,0.25,11.625,4.6625,4.0,0.5,0.0,6,50.5,83161,67303,2.2799999713897705,0.0,5.650000095367432,0.03999999910593033,0.07000000029802322,0.11999999731779099,0.3799999952316284,3.34,0.937,2.18,-0.1,3.41,Leeds,13,1,3.68,Nott'm Forest,18,0,3.94,Everton,9,1,4.23,Liverpool,14,0,2.88,Hull City,11,1,3.63,0,0,5,False,True,3.58,-0.051,🔴 Tough,0.0,2.28,0.0,3.09,0.533,5.21
9,Piero Hincapié,Defender,Arsenal,5.2,1,a,100,False,False,1,873,1.0,3,0.3333333333333333,0.5,7.666666666666667,3.9130434782608696,0.0,0.0,0.0,0.0,0.6666666666666666,0.16666666666666666,2.0,0.0,0.0,0.375,0.5185185185185187,6.875,0.0,0.0,0.5,0.1875,2.0,0.5,0.0,6,0.9,1533,5951,0.8500000238418579,0.0,3.0299999713897705,0.019999999552965164,0.019999999552965164,0.10000000149011612,0.07999999821186066,1.27,0.178,0.36,-0.1,3.41,Leeds,13,1,3.68,Nott'm Forest,18,0,3.94,Everton,9,1,4.23,Liverpool,14,0,2.88,Hull City,11,1,3.63,0,0,5,False,True,3.58,-0.051,🔴 Tough,0.0,0.85,0.0,0.51,0.098,1.17
10,Benjamin White,Defender,Arsenal,5.5,1,d,75,False,False,1,873,1.0,3,3.3333333333333335,5.25,75.0,4.0,0.0,0.0,0.3333333333333333,0.3333333333333333,5.333333333333333,8.733333333333333,12.133333333333333,0.0,0.0,3.25,5.074074074074075,67.5,0.0,0.125,7.125,7.5625,4.0,0.5,0.0,6,4.9,3293,70822,2.240000009536743,0.0,6.570000171661377,0.019999999552965164,0.05000000074505806,0.10000000149011612,0.23999999463558197,2.94,0.88,1.54,-0.1,3.41,Leeds,13,1,3.68,Nott'm Forest,18,0,3.94,Everton,9,1,4.23,Liverpool,14,0,2.88,Hull City,11,1,3.63,0,0,5,False,True,3.58,-0.051,🔴 Tough,0.0,2.24,0.0,2.19,0.398,4.07
11,Cristhian Mosquera,Defender,Arsenal,5.3,1,a,100,False,False,1,873,1.0,3,2.0,3.0,26.0,6.923076923076923,0.0,0.0,0.3333333333333333,0.0,0.0,0.4666666666666666,3.4,0.0,0.0,1.5,2.666666666666667,21.0,0.0,0.0,0.0,0.25,2.0,0.5,-1.0,6,1.6,1286,9922,1.559999942779541,0.0,3.759999990463257,0.019999999552965164,0.019999999552965164,0.10999999940395355,0.1599999964237213,1.36,0.419,0.93,-0.1,3.41,Leeds,13,1,3.68,Nott'm Forest,18,0,3.94,Everton,9,1,4.23,Liverpool,14,0,2.88,Hull City,11,1,3.63,0,0,5,False,True,3.58,-0.051,🔴 Tough,0.0,1.56,0.0,1.32,0.249,2.42
12,Bukayo Saka,Midfielder,Arsenal,9.5,1,a,100,False,False,1,873,1.0,3,7.0,7.5,89.66666666666667,7.026022304832714,0.6666666666666666,0.0,0.6666666666666666,1.0,57.0,17.566666666666666,32.333333333333336,0.0,0.0,7.0,7.407407407407408,86.875,0.75,0.0,55.625,19.6625,4.0,0.5,0.0,6,13.9,131324,50403,4.480000019073486,1.2699999809265137,6.659999847412109,0.3199999928474426,0.30000001192092896,0.14000000059604645,0.23999999463558197,4.87,0.997,4.47,-0.1,3.41,Leeds,13,1,3.68,Nott'm Forest,18,0,3.94,Everton,9,1,4.23,Liverpool,14,0,2.88,Hull City,11,1,3.63,0,0,5,False,True,3.58,-0.051,🔴 Tough,0.0,4.48,0.0,5.8,0.611,9.75
13,Declan Rice,Midfielder,Arsenal,7.4,1,d,75,False,False,1,873,1.0,3,5.333333333333333,4.75,84.66666666666667,5.669291338582677,0.0,0.6666666666666666,0.6666666666666666,0.0,0.6666666666666666,27.96666666666667,34.266666666666666,0.0,0.0,5.25,4.7407407407407405,81.375,0.0,0.75,0.75,27.424999999999997,4.0,0.5,0.0,6,11.5,7759,89795,3.7200000286102295,0.9800000190734863,6.78000020980835,0.05000000074505806,0.49000000953674316,0.15000000596046448,0.20000000298023224,4.06,0.958,2.71,-0.1,3.41,Leeds,13,1,3.68,Nott'm Forest,18,0,3.94,Everton,9,1,4.23,Liverpool,14,0,2.88,Hull City,11,1,3.63,0,0,5,False,True,3.58,-0.051,🔴 Tough,0.0,3.72,0.0,3.52,0.476,6.29
14,Eberechi Eze,Midfielder,Arsenal,6.2,1,a,100,False,False,1,873,1.0,3,0.6666666666666666,0.75,18.0,3.333333333333333,0.0,0.0,0.0,0.0,1.3333333333333333,0.6666666666666666,0.6,0.0,0.0,0.75,0.7777777777777779,11.875,0.0,0.0,1.375,0.475,3.0,0.5,0.0,6,1.0,2784,7132,0.9599999785423279,0.0,2.869999885559082,0.05000000074505806,0.019999999552965164,0.029999999329447746,0.09000000357627869,1.44,0.324,0.51,-0.1,3.41,Leeds,13,1,3.68,Nott'm Forest,18,0,3.94,Everton,9,1,4.23,Liverpool,14,0,2.88,Hull City,11,1,3.63,0,0,5,False,True,3.58,-0.051,🔴 Tough,0.0,0.96,0.0,0.66,0.106,1.45
15,Martin Ødegaard,Midfielder,Arsenal,6.8,1,a,100,False,False,1,873,1.0,3,5.333333333333333,6.75,76.66666666666667,6.26086956521739,0.3333333333333333,0.0,0.6666666666666666,1.0,12.333333333333334,39.733333333333334,23.73333333333333,0.0,0.0,5.75,6.9259259259259265,79.125,0.375,0.0,13.0,48.6875,4.0,0.5,1.0,6,19.8,84233,93487,3.7100000381469727,0.2800000011920929,9.4399995803833,0.1899999976158142,0.20000000298023224,0.14000000059604645,0.25,3.98,0.894,3.43,-0.1,3.41,Leeds,13,1,3.68,Nott'm Forest,18,0,3.94,Everton,9,1,4.23,Liverpool,14,0,2.88,Hull City,11,1,3.63,0,0,5,False,True,3.58,-0.051,🔴 Tough,0.0,3.71,0.0,4.45,0.654,8.23
16,Noni Madueke,Midfielder,Arsenal,6.2,1,a,100,False,False,1,873,1.0,3,0.3333333333333333,0.5,0.3333333333333333,90.0,0.0,0.0,0.0,0.0,0.0,0.26666666666666666,0.7333333333333334,0.0,0.0,0.375,0.5185185185185187,3.0,0.0,0.0,0.0,5.5875,2.0,0.5,-1.0,6,0.2,780,1625,1.5800000429153442,0.019999999552965164,3.6700000762939453,0.05999999865889549,0.019999999552965164,0.03999999910593033,0.09000000357627869,0.46,0.02,0.5,-0.1,3.41,Leeds,13,1,3.68,Nott'm Forest,18,0,3.94,Everton,9,1,4.23,Liverpool,14,0,2.88,Hull City,11,1,3.63,0,0,5,False,True,3.58,-0.051,🔴 Tough,0.0,1.58,0.0,0.65,0.105,1.55
17,Mikel Merino Zazón,Midfielder,Arsenal,5.7,1,a,100,False,False,1,873,1.0,3,0.6666666666666666,0.75,12.333333333333334,4.864864864864865,0.0,0.0,0.0,0.0,0.0,0.7333333333333333,1.0,0.0,0.3333333333333333,0.75,0.7777777777777779,9.875,0.0,0.0,1.75,0.6000000000000001,4.0,0.5,0.0,6,0.4,822,3008,0.9100000262260437,0.0,2.609999895095825,0.05000000074505806,0.019999999552965164,0.029999999329447746,0.09000000357627869,1.39,0.249,0.43,-0.1,3.41,Leeds,13,1,3.68,Nott'm Forest,18,0,3.94,Everton,9,1,4.23,Liverpool,14,0,2.88,Hull City,11,1,3.63,0,0,5,False,True,3.58,-0.051,🔴 Tough,0.0,0.91,0.0,0.56,0.098,1.25
18,Gabriel Martinelli Silva,Midfielder,Arsenal,6.3,1,u,0,False,False,1,873,1.0,3,0.0,0.0,0.0,0.0,0.0,0.0,0.0,0.0,0.0,0.0,0.0,0.0,0.0,0.0,0.0,0.0,0.0,0.0,0.0,0.0,0.0,0.5,0.0,6,0.1,0,605,0.6299999952316284,0.0,2.0199999809265137,0.05000000074505806,0.019999999552965164,0.05000000074505806,0.09000000357627869,0.42,0.0,0.0,-0.1,3.41,Leeds,13,1,3.68,Nott'm Forest,18,0,3.94,Everton,9,1,4.23,Liverpool,14,0,2.88,Hull City,11,1,3.63,0,0,5,False,True,3.58,-0.051,🔴 Tough,0.0,0.63,0.0,0.82,0.13,0.3
19,Martín Zubimendi Ibáñez,Midfielder,Arsenal,5.3,1,a,100,False,False,1,873,1.0,3,1.0,1.0,12.333333333333334,7.2972972972972965,0.0,0.0,0.0,0.0,3.6666666666666665,0.6333333333333334,3.1999999999999997,0.0,0.0,1.0,1.0,13.625,0.0,0.0,2.75,0.7,4.0,0.5,-1.0,6,0.6,534,3889,0.8600000143051147,0.0,2.1700000762939453,0.03999999910593033,0.029999999329447746,0.029999999329447746,0.07999999821186066,1.37,0.249,0.41,-0.1,3.41,Leeds,13,1,3.68,Nott'm Forest,18,0,3.94,Everton,9,1,4.23,Liverpool,14,0,2.88,Hull City,11,1,3.63,0,0,5,False,True,3.58,-0.051,🔴 Tough,0.0,0.86,0.0,0.53,0.1,1.15
20,Max Dowman,Midfielder,Arsenal,5.3,1,a,100,False,False,1,873,1.0,3,0.0,0.0,0.0,0.0,0.0,0.0,0.0,0.0,0.0,0.0,0.0,0.0,0.0,0.0,0.0,0.0,0.0,0.0,0.0,0.0,0.0,0.5,0.0,6,0.1,479,623,0.4300000071525574,0.0,0.7900000214576721,0.03999999910593033,0.019999999552965164,0.03999999910593033,0.07999999821186066,0.34,0.0,0.13,-0.1,3.41,Leeds,13,1,3.68,Nott'm Forest,18,0,3.94,Everton,9,1,4.23,Liverpool,14,0,2.88,Hull City,11,1,3.63,0,0,5,False,True,3.58,-0.051,🔴 Tough,0.0,0.43,0.0,0.17,0.032,0.38
22,Ethan Nwaneri,Midfielder,Arsenal,5.4,1,u,0,False,False,1,873,1.0,3,0.0,0.0,0.0,0.0,0.0,0.0,0.0,0.0,0.0,0.0,0.0,0.0,0.0,0.0,0.0,0.0,0.0,0.0,0.0,0.0,0.0,0.5,0.0,6,0.0,0,53,0.4300000071525574,0.0,0.9900000095367432,0.03999999910593033,0.019999999552965164,0.03999999910593033,0.09000000357627869,0.36,0.0,0.0,-0.1,3.41,Leeds,13,1,3.68,Nott'm Forest,18,0,3.94,Everton,9,1,4.23,Liverpool,14,0,2.88,Hull City,11,1,3.63,0,0,5,False,True,3.58,-0.051,🔴 Tough,0.0,0.43,0.0,0.56,0.104,0.15
23,Fábio Ferreira Vieira,Midfielder,Arsenal,5.5,1,u,0,False,False,1,873,1.0,3,0.0,0.0,0.0,0.0,0.0,0.0,0.0,0.0,0.0,0.0,0.0,0.0,0.0,0.0,0.0,0.0,0.0,0.0,0.0,0.0,0.0,0.5,0.0,6,0.0,0,44,0.550000011920929,0.0,1.5499999523162842,0.03999999910593033,0.029999999329447746,0.03999999910593033,0.09000000357627869,0.39,0.0,0.0,-0.1,3.41,Leeds,13,1,3.68,Nott'm Forest,18,0,3.94,Everton,9,1,4.23,Liverpool,14,0,2.88,Hull City,11,1,3.63,0,0,5,False,True,3.58,-0.051,🔴 Tough,0.0,0.55,0.0,0.71,0.129,0.23
24,Reiss Nelson,Midfielder,Arsenal,5.5,1,u,0,False,False,1,873,1.0,3,0.0,0.0,0.0,0.0,0.0,0.0,0.0,0.0,0.0,0.0,0.0,0.0,0.0,0.0,0.0,0.0,0.0,0.0,0.0,0.0,0.0,0.5,0.0,6,0.0,0,24,0.550000011920929,0.0,1.5499999523162842,0.03999999910593033,0.029999999329447746,0.03999999910593033,0.09000000357627869,0.39,0.0,0.0,-0.1,3.41,Leeds,13,1,3.68,Nott'm Forest,18,0,3.94,Everton,9,1,4.23,Liverpool,14,0,2.88,Hull City,11,1,3.63,0,0,5,False,True,3.58,-0.051,🔴 Tough,0.0,0.55,0.0,0.71,0.129,0.23
25,Viktor Gyökeres,Forward,Arsenal,7.1,1,a,100,False,False,1,873,1.0,3,0.3333333333333333,0.25,4.0,7.5,0.0,0.0,0.0,0.0,0.0,0.03333333333333333,0.0,0.0,0.0,0.25,0.22222222222222224,3.0,0.0,0.0,0.0,0.025,1.0,0.5,0.0,6,3.2,15416,18006,2.049999952316284,0.0,3.4100000858306885,0.23999999463558197,0.05999999865889549,0.07000000029802322,0.20999999344348907,2.37,0.113,0.78,-0.1,3.41,Leeds,13,1,3.68,Nott'm Forest,18,0,3.94,Everton,9,1,4.23,Liverpool,14,0,2.88,Hull City,11,1,3.63,0,0,5,False,True,3.58,-0.051,🔴 Tough,0.0,2.05,0.0,1.01,0.142,2.07
26,Kai Havertz,Forward,Arsenal,7.6,1,d,75,False,False,1,873,1.0,3,3.6666666666666665,4.25,85.66666666666667,3.8521400778210113,0.3333333333333333,0.0,0.6666666666666666,0.6666666666666666,37.333333333333336,17.599999999999998,15.666666666666666,0.0,0.3333333333333333,3.5,4.185185185185186,86.75,0.375,0.0,36.25,17.525,4.0,0.5,1.0,6,8.2,50836,71079,2.569999933242798,0.05000000074505806,4.349999904632568,0.23000000417232513,0.07000000029802322,0.14000000059604645,0.17000000178813934,3.29,0.966,1.88,-0.1,3.41,Leeds,13,1,3.68,Nott'm Forest,18,0,3.94,Everton,9,1,4.23,Liverpool,14,0,2.88,Hull City,11,1,3.63,0,0,5,False,True,3.58,-0.051,🔴 Tough,0.0,2.57,0.0,2.44,0.321,4.4
27,Gabriel Fernando de Jesus,Forward,Arsenal,5.9,1,u,0,False,False,1,873,1.0,3,0.0,0.0,0.0,0.0,0.0,0.0,0.0,0.0,0.0,0.0,0.0,0.0,0.0,0.0,0.0,0.0,0.0,0.0,0.0,0.0,0.0,0.5,0.0,6,0.1,0,1071,2.25,0.0,3.5199999809265137,0.23000000417232513,0.05999999865889549,0.10000000149011612,0.20999999344348907,1.31,0.0,0.0,-0.1,3.41,Leeds,13,1,3.68,Nott'm Forest,18,0,3.94,Everton,9,1,4.23,Liverpool,14,0,2.88,Hull City,11,1,3.63,0,0,5,False,True,3.58,-0.051,🔴 Tough,0.0,2.25,0.0,2.92,0.495,0.53
31,Ezri Konsa Ngoyo,Defender,Arsenal,4.6,1,a,100,False,False,1,873,1.0,3,3.6666666666666665,2.75,63.666666666666664,5.183246073298429,0.0,0.0,0.3333333333333333,0.0,1.3333333333333333,0.5666666666666667,11.466666666666667,0.0,0.0,4.125,3.037037037037037,68.875,0.0,0.0,1.0,0.4625,3.0,0.5,0.0,6,19.4,95896,51135,1.4500000476837158,0.0,5.78000020980835,0.019999999552965164,0.05000000074505806,0.10999999940395355,0.09000000357627869,2.81,0.785,1.23,-0.1,3.41,Leeds,13,1,3.68,Nott'm Forest,18,0,3.94,Everton,9,1,4.23,Liverpool,14,0,2.88,Hull City,11,1,3.63,0,0,5,False,True,3.58,-0.051,🔴 Tough,0.0,1.45,0.0,1.75,0.38,3.33
452,Bruno Guimarães Rodriguez Moura,Midfielder,Arsenal,6.7,1,a,100,False,False,1,873,1.0,3,2.6666666666666665,2.0,21.333333333333332,11.25,0.3333333333333333,0.0,0.0,0.3333333333333333,4.333333333333333,1.5666666666666667,12.266666666666666,0.0,0.0,3.625,2.4814814814814814,24.875,0.5,0.0,5.75,2.05,2.0,0.5,-1.0,6,1.8,6245,8065,1.8700000047683716,0.0,4.260000228881836,0.07000000029802322,0.029999999329447746,0.17000000178813934,0.20999999344348907,1.65,0.365,1.04,-0.1,3.41,Leeds,13,1,3.68,Nott'm Forest,18,0,3.94,Everton,9,1,4.23,Liverpool,14,0,2.88,Hull City,11,1,3.63,0,0,5,False,True,3.58,-0.051,🔴 Tough,0.0,1.87,0.0,1.35,0.201,2.72
557,Christos Tzolis,Midfielder,Arsenal,6.3,1,d,75,False,False,1,873,1.0,3,2.6666666666666665,3.5,71.66666666666667,3.348837209302325,0.0,0.3333333333333333,0.3333333333333333,0.3333333333333333,3.3333333333333335,23.03333333333333,11.466666666666667,0.0,0.6666666666666666,3.5,3.8888888888888897,77.5,0.0,0.375,6.25,22.599999999999998,4.0,0.5,0.0,6,12.0,12448,154112,2.559999942779541,0.6499999761581421,5.789999961853027,0.05000000074505806,0.10999999940395355,0.15000000596046448,0.09000000357627869,2.82,0.853,1.72,-0.1,3.41,Leeds,13,1,3.68,Nott'm Forest,18,0,3.94,Everton,9,1,4.23,Liverpool,14,0,2.88,Hull City,11,1,3.63,0,0,5,False,True,3.58,-0.051,🔴 Tough,0.0,2.56,0.0,2.23,0.354,4.21
29,Marco Bizot,Goalkeeper,Aston Villa,4.5,2,i,0,False,False,1,900,1.0,3,0.0,0.25,0.0,0.0,0.0,0.0,0.0,0.0,0.0,0.0,0.0,0.0,0.0,0.125,0.2962962962962964,11.25,0.0,0.0,0.0,0.0,1.0,0.5,0.0,6,0.1,67,1050,0.1899999976158142,0.0,0.4399999976158142,0.0,0.0,0.029999999329447746,0.05000000074505806,0.05,0.0,0.0,-0.1,2.74,Brentford,4,1,2.88,Newcastle,17,0,4.28,Man City,15,1,3.42,Fulham,10,1,3.41,Man Utd,16,0,3.35,0,0,5,False,True,3.04,0.188,🟡 Moderate,0.0,0.19,0.0,0.27,0.06,0.07
30,Lucas Digne,Defender,Aston Villa,4.5,2,u,0,False,False,1,900,1.0,3,0.0,0.0,0.0,0.0,0.0,0.0,0.0,0.0,0.0,0.0,0.0,0.0,0.0,0.0,0.0,0.0,0.0,0.0,0.0,0.0,0.0,0.5,0.0,6,0.0,0,245,0.6299999952316284,0.0,2.319999933242798,0.019999999552965164,0.019999999552965164,0.10000000149011612,0.03999999910593033,0.23,0.0,0.0,-0.1,2.74,Brentford,4,1,2.88,Newcastle,17,0,4.28,Man City,15,1,3.42,Fulham,10,1,3.41,Man Utd,16,0,3.35,0,0,5,False,True,3.04,0.188,🟡 Moderate,0.0,0.63,0.0,0.96,0.213,0.35
32,Matty Cash,Defender,Aston Villa,4.4,2,a,100,False,False,1,900,1.0,3,2.6666666666666665,1.75,53.666666666666664,4.472049689440993,0.0,0.0,0.3333333333333333,0.0,4.333333333333333,6.033333333333332,6.8,0.0,0.0,1.625,1.3333333333333335,41.875,0.0,0.0,2.375,4.4375,3.0,0.5,-1.0,6,4.8,2864,26320,0.8799999952316284,0.0,3.740000009536743,0.019999999552965164,0.019999999552965164,0.10999999940395355,0.029999999329447746,1.23,0.696,0.69,-0.1,2.74,Brentford,4,1,2.88,Newcastle,17,0,4.28,Man City,15,1,3.42,Fulham,10,1,3.41,Man Utd,16,0,3.35,0,0,5,False,True,3.04,0.188,🟡 Moderate,0.0,0.88,0.0,1.05,0.239,1.94
33,Tyrone Mings,Defender,Aston Villa,4.5,2,a,100,False,False,1,900,1.0,3,2.0,1.75,51.666666666666664,3.4838709677419355,0.0,0.0,0.3333333333333333,0.0,5.666666666666667,1.6666666666666667,10.133333333333333,0.0,0.3333333333333333,1.625,1.62962962962963,57.0,0.0,0.0,5.25,1.4000000000000001,3.0,0.5,0.0,6,0.4,1897,1510,1.2599999904632568,0.0,4.960000038146973,0.019999999552965164,0.019999999552965164,0.11999999731779099,0.05000000074505806,1.25,0.678,0.98,-0.1,2.74,Brentford,4,1,2.88,Newcastle,17,0,4.28,Man City,15,1,3.42,Fulham,10,1,3.41,Man Utd,16,0,3.35,0,0,5,False,True,3.04,0.188,🟡 Moderate,0.0,1.26,0.0,1.5,0.333,2.7
34,Pau Torres,Defender,Aston Villa,4.4,2,i,0,False,False,1,900,1.0,3,1.0,0.75,38.0,2.3684210526315788,0.0,0.0,0.0,0.0,0.6666666666666666,0.4000000000000001,3.733333333333333,0.0,0.0,0.75,0.6296296296296297,32.375,0.0,0.0,1.0,0.3875,3.0,0.5,0.0,6,0.3,47,3267,0.8999999761581421,0.0,3.0,0.019999999552965164,0.019999999552965164,0.10999999940395355,0.03999999910593033,1.23,0.547,0.0,-0.1,2.74,Brentford,4,1,2.88,Newcastle,17,0,4.28,Man City,15,1,3.42,Fulham,10,1,3.41,Man Utd,16,0,3.35,0,0,5,False,True,3.04,0.188,🟡 Moderate,0.0,0.9,0.0,1.38,0.314,0.45
35,Lamare Bogarde,Midfielder,Aston Villa,4.9,2,a,100,False,False,1,900,1.0,3,0.0,0.25,0.0,0.0,0.0,0.0,0.0,0.0,0.0,0.0,0.0,0.0,0.0,0.125,0.2962962962962964,2.0,0.0,0.0,0.0,0.0625,1.0,0.5,0.0,6,0.1,177,453,0.38999998569488525,0.0,0.7099999785423279,0.03999999910593033,0.019999999552965164,0.029999999329447746,0.07999999821186066,0.33,0.0,0.12,-0.1,2.74,Brentford,4,1,2.88,Newcastle,17,0,4.28,Man City,15,1,3.42,Fulham,10,1,3.41,Man Utd,16,0,3.35,0,0,5,False,True,3.04,0.188,🟡 Moderate,0.0,0.39,0.0,0.17,0.035,0.35
36,Ian Maatsen,Defender,Aston Villa,4.4,2,i,0,False,False,1,900,1.0,3,3.0,2.25,84.66666666666667,3.188976377952756,0.0,0.0,0.3333333333333333,0.3333333333333333,13.333333333333334,7.8999999999999995,8.533333333333333,0.0,0.3333333333333333,2.375,2.037037037037037,84.875,0.0,0.0,14.875,6.8125,4.0,0.5,0.0,6,0.5,54,6505,1.659999966621399,0.05000000074505806,5.570000171661377,0.019999999552965164,0.019999999552965164,0.11999999731779099,0.14000000059604645,2.82,0.958,0.0,-0.1,2.74,Brentford,4,1,2.88,Newcastle,17,0,4.28,Man City,15,1,3.42,Fulham,10,1,3.41,Man Utd,16,0,3.35,0,0,5,False,True,3.04,0.188,🟡 Moderate,0.0,1.66,0.0,2.54,0.577,0.83
37,Victor Lindelöf,Defender,Aston Villa,4.5,2,a,100,False,False,1,900,1.0,3,3.0,1.75,90.0,3.0,0.0,0.0,0.3333333333333333,0.0,12.333333333333334,9.066666666666666,17.933333333333334,0.0,0.0,2.0,1.3703703703703702,90.0,0.0,0.0,18.0,6.937499999999999,4.0,0.5,0.0,6,0.3,1145,1379,1.8700000047683716,0.05000000074505806,6.75,0.019999999552965164,0.029999999329447746,0.11999999731779099,0.12999999523162842,2.82,1.0,1.87,-0.1,2.74,Brentford,4,1,2.88,Newcastle,17,0,4.28,Man City,15,1,3.42,Fulham,10,1,3.41,Man Utd,16,0,3.35,0,0,5,False,True,3.04,0.188,🟡 Moderate,0.0,1.87,0.0,2.86,0.636,4.74
38,Andrés García,Defender,Aston Villa,4.0,2,a,100,False,False,1,900,1.0,3,0.0,0.0,0.0,0.0,0.0,0.0,0.0,0.0,0.0,0.0,0.0,0.0,0.0,0.0,0.0,0.0,0.0,0.0,0.0,0.0,0.0,0.5,0.0,6,1.5,1923,6340,0.3700000047683716,0.0,0.6000000238418579,0.019999999552965164,0.019999999552965164,0.09000000357627869,0.029999999329447746,0.23,0.0,0.11,-0.1,2.74,Brentford,4,1,2.88,Newcastle,17,0,4.28,Man City,15,1,3.42,Fulham,10,1,3.41,Man Utd,16,0,3.35,0,0,5,False,True,3.04,0.188,🟡 Moderate,0.0,0.37,0.0,0.17,0.042,0.31
39,Kosta Nedeljkovic,Defender,Aston Villa,4.0,2,u,0,False,False,1,900,1.0,3,0.0,0.0,0.0,0.0,0.0,0.0,0.0,0.0,0.0,0.0,0.0,0.0,0.0,0.0,0.0,0.0,0.0,0.0,0.0,0.0,0.0,0.5,0.0,6,0.1,0,594,0.3700000047683716,0.0,0.6000000238418579,0.019999999552965164,0.019999999552965164,0.09000000357627869,0.029999999329447746,0.23,0.0,0.0,-0.1,2.74,Brentford,4,1,2.88,Newcastle,17,0,4.28,Man City,15,1,3.42,Fulham,10,1,3.41,Man Utd,16,0,3.35,0,0,5,False,True,3.04,0.188,🟡 Moderate,0.0,0.37,0.0,0.57,0.142,0.09
41,Emiliano Buendía Stati,Midfielder,Aston Villa,5.9,2,a,100,False,False,1,900,1.0,3,2.3333333333333335,2.25,75.33333333333333,2.7876106194690267,0.0,0.0,0.3333333333333333,0.0,5.333333333333333,9.299999999999999,1.6666666666666667,0.0,0.0,2.25,2.2222222222222223,71.375,0.0,0.0,3.875,8.3375,4.0,0.5,0.0,6,1.0,13072,4571,2.5399999618530273,0.3499999940395355,4.960000038146973,0.05999999865889549,0.03999999910593033,0.07999999821186066,0.10000000149011612,2.62,0.883,2.33,-0.1,2.74,Brentford,4,1,2.88,Newcastle,17,0,4.28,Man City,15,1,3.42,Fulham,10,1,3.41,Man Utd,16,0,3.35,0,0,5,False,True,3.04,0.188,🟡 Moderate,0.0,2.54,0.0,3.22,0.546,5.35
44,Leon Bailey,Midfielder,Aston Villa,5.4,2,u,0,False,False,1,900,1.0,3,0.0,0.0,0.0,0.0,0.0,0.0,0.0,0.0,0.0,0.0,0.0,0.0,0.0,0.0,0.0,0.0,0.0,0.0,0.0,0.0,0.0,0.5,0.0,6,0.1,0,523,0.4300000071525574,0.0,0.9900000095367432,0.03999999910593033,0.019999999552965164,0.03999999910593033,0.09000000357627869,0.36,0.0,0.0,-0.1,2.74,Brentford,4,1,2.88,Newcastle,17,0,4.28,Man City,15,1,3.42,Fulham,10,1,3.41,Man Utd,16,0,3.35,0,0,5,False,True,3.04,0.188,🟡 Moderate,0.0,0.43,0.0,0.59,0.109,0.15
45,John McGinn,Midfielder,Aston Villa,5.4,2,a,100,False,False,1,900,1.0,3,3.3333333333333335,2.75,90.0,3.333333333333334,0.0,0.3333333333333333,0.3333333333333333,0.3333333333333333,4.666666666666667,16.333333333333332,9.266666666666666,0.0,0.3333333333333333,4.0,3.1111111111111116,88.875,0.0,0.5,2.375,18.9,4.0,0.5,0.0,6,2.2,7352,9138,2.7100000381469727,1.0199999809265137,5.380000114440918,0.05000000074505806,0.3400000035762787,0.03999999910593033,0.10000000149011612,3.39,1.0,2.71,-0.1,2.74,Brentford,4,1,2.88,Newcastle,17,0,4.28,Man City,15,1,3.42,Fulham,10,1,3.41,Man Utd,16,0,3.35,0,0,5,False,True,3.04,0.188,🟡 Moderate,0.0,2.71,0.0,3.75,0.694,6.07
46,Ross Barkley,Midfielder,Aston Villa,5.0,2,a,100,False,False,1,900,1.0,3,2.3333333333333335,2.25,76.33333333333333,2.751091703056769,0.0,0.0,0.3333333333333333,0.0,8.0,20.033333333333335,10.800000000000002,0.0,0.0,2.25,2.2222222222222223,72.25,0.0,0.0,8.375,15.4625,4.0,0.5,0.0,6,0.3,598,1853,2.2799999713897705,0.5699999928474426,5.320000171661377,0.03999999910593033,0.05999999865889549,0.029999999329447746,0.09000000357627869,2.51,0.891,2.11,-0.1,2.74,Brentford,4,1,2.88,Newcastle,17,0,4.28,Man City,15,1,3.42,Fulham,10,1,3.41,Man Utd,16,0,3.35,0,0,5,False,True,3.04,0.188,🟡 Moderate,0.0,2.28,0.0,2.92,0.584,4.93
47,Boubacar Kamara,Midfielder,Aston Villa,5.0,2,a,100,False,False,1,900,1.0,3,2.3333333333333335,2.25,90.0,2.3333333333333335,0.0,0.0,0.3333333333333333,0.0,0.6666666666666666,17.6,11.933333333333332,0.0,0.0,2.25,2.2222222222222223,90.0,0.0,0.0,1.0,14.875,4.0,0.5,0.0,6,0.3,1391,1659,2.490000009536743,1.0299999713897705,4.420000076293945,0.05000000074505806,0.17000000178813934,0.019999999552965164,0.1599999964237213,2.92,1.0,2.49,-0.1,2.74,Brentford,4,1,2.88,Newcastle,17,0,4.28,Man City,15,1,3.42,Fulham,10,1,3.41,Man Utd,16,0,3.35,0,0,5,False,True,3.04,0.188,🟡 Moderate,0.0,2.49,0.0,3.44,0.688,5.49
48,Amadou Onana,Midfielder,Aston Villa,4.9,2,i,0,False,False,1,900,1.0,3,0.0,0.0,0.0,0.0,0.0,0.0,0.0,0.0,0.0,0.0,0.0,0.0,0.0,0.0,0.0,0.0,0.0,0.0,0.0,0.0,0.0,0.5,-1.0,6,0.0,44,98,0.38999998569488525,0.0,0.6200000047683716,0.03999999910593033,0.019999999552965164,0.029999999329447746,0.07999999821186066,0.33,0.0,0.0,-0.1,2.74,Brentford,4,1,2.88,Newcastle,17,0,4.28,Man City,15,1,3.42,Fulham,10,1,3.41,Man Utd,16,0,3.35,0,0,5,False,True,3.04,0.188,🟡 Moderate,0.0,0.39,0.0,0.54,0.11,0.09
49,Samuel Iling-Junior,Midfielder,Aston Villa,5.0,2,u,0,False,False,1,900,1.0,3,0.0,0.0,0.0,0.0,0.0,0.0,0.0,0.0,0.0,0.0,0.0,0.0,0.0,0.0,0.0,0.0,0.0,0.0,0.0,0.0,0.0,0.5,0.0,6,0.0,0,11,0.4300000071525574,0.0,0.7900000214576721,0.03999999910593033,0.019999999552965164,0.03999999910593033,0.07999999821186066,0.33,0.0,0.0,-0.1,2.74,Brentford,4,1,2.88,Newcastle,17,0,4.28,Man City,15,1,3.42,Fulham,10,1,3.41,Man Utd,16,0,3.35,0,0,5,False,True,3.04,0.188,🟡 Moderate,0.0,0.43,0.0,0.59,0.118,0.12
50,Bradley Burrowes,Midfielder,Aston Villa,4.5,2,a,100,False,False,1,900,1.0,3,0.0,0.0,0.0,0.0,0.0,0.0,0.0,0.0,0.0,0.0,0.0,0.0,0.0,0.0,0.0,0.0,0.0,0.0,0.0,0.0,0.0,0.5,0.0,6,0.6,664,3516,0.38999998569488525,0.0,0.5299999713897705,0.03999999910593033,0.019999999552965164,0.029999999329447746,0.07999999821186066,0.33,0.0,0.12,-0.1,2.74,Brentford,4,1,2.88,Newcastle,17,0,4.28,Man City,15,1,3.42,Fulham,10,1,3.41,Man Utd,16,0,3.35,0,0,5,False,True,3.04,0.188,🟡 Moderate,0.0,0.39,0.0,0.17,0.038,0.32
51,George Hemmings,Midfielder,Aston Villa,4.5,2,a,100,False,False,1,900,1.0,3,2.0,2.0,63.0,2.8571428571428568,0.0,0.0,0.3333333333333333,0.0,7.666666666666667,9.766666666666666,4.866666666666667,0.0,0.0,1.75,1.888888888888889,61.0,0.0,0.0,6.5,11.1125,4.0,0.5,0.0,6,1.2,3343,10112,2.450000047683716,0.25,5.309999942779541,0.03999999910593033,0.03999999910593033,0.05000000074505806,0.09000000357627869,2.47,0.779,2.07,-0.1,2.74,Brentford,4,1,2.88,Newcastle,17,0,4.28,Man City,15,1,3.42,Fulham,10,1,3.41,Man Utd,16,0,3.35,0,0,5,False,True,3.04,0.188,🟡 Moderate,0.0,2.45,0.0,2.86,0.636,4.9
52,Alysson Edward Franco da Rocha dos Santos,Midfielder,Aston Villa,5.0,2,d,75,False,False,1,900,1.0,3,2.3333333333333335,2.0,26.333333333333332,7.974683544303799,0.3333333333333333,0.0,0.0,0.0,8.333333333333334,1.6333333333333335,11.933333333333332,0.0,0.3333333333333333,3.375,2.5185185185185186,29.625,0.5,0.0,11.75,1.7,4.0,0.5,0.0,6,0.0,69,815,1.2000000476837158,0.0,3.7200000286102295,0.05000000074505806,0.029999999329447746,0.03999999910593033,0.09000000357627869,1.46,0.423,0.54,-0.1,2.74,Brentford,4,1,2.88,Newcastle,17,0,4.28,Man City,15,1,3.42,Fulham,10,1,3.41,Man Utd,16,0,3.35,0,0,5,False,True,3.04,0.188,🟡 Moderate,0.0,1.2,0.0,0.75,0.15,1.64
53,Johan Manzambi,Midfielder,Aston Villa,5.9,2,a,100,False,False,1,900,1.0,3,0.3333333333333333,0.25,9.0,3.333333333333333,0.0,0.0,0.0,0.0,0.0,1.3333333333333333,0.8666666666666667,0.0,0.0,0.5,0.3333333333333333,13.5,0.0,0.0,0.0,2.0,1.0,0.5,0.0,6,0.4,29272,3674,1.0700000524520874,0.0,2.1600000858306885,0.05000000074505806,0.019999999552965164,0.029999999329447746,0.09000000357627869,1.41,0.2,0.47,-0.1,2.74,Brentford,4,1,2.88,Newcastle,17,0,4.28,Man City,15,1,3.42,Fulham,10,1,3.41,Man Utd,16,0,3.35,0,0,5,False,True,3.04,0.188,🟡 Moderate,0.0,1.07,0.0,0.65,0.11,1.26
54,Joao Gomes,Midfielder,Aston Villa,5.5,2,a,100,False,False,1,900,1.0,3,0.0,-0.5,0.0,0.0,0.0,0.0,0.0,0.0,0.0,0.0,0.0,0.0,0.0,-0.25,-0.5925925925925928,4.875,0.0,0.0,0.0,1.375,1.0,0.5,0.0,6,0.0,493,205,0.7799999713897705,0.0,1.6399999856948853,0.03999999910593033,0.029999999329447746,0.03999999910593033,0.09000000357627869,0.4,0.0,0.23,-0.1,2.74,Brentford,4,1,2.88,Newcastle,17,0,4.28,Man City,15,1,3.42,Fulham,10,1,3.41,Man Utd,16,0,3.35,0,0,5,False,True,3.04,0.188,🟡 Moderate,0.0,0.78,0.0,0.32,0.058,0.71
55,Ollie Watkins,Forward,Aston Villa,7.8,2,u,0,False,False,1,900,1.0,3,0.0,0.0,0.0,0.0,0.0,0.0,0.0,0.0,0.0,0.0,0.0,0.0,0.0,0.0,0.0,0.0,0.0,0.0,0.0,0.0,0.0,0.5,0.0,6,2.5,0,13580,2.049999952316284,0.0,3.680000066757202,0.1599999964237213,0.05999999865889549,0.10000000149011612,0.2199999988079071,1.05,0.0,0.0,-0.1,2.74,Brentford,4,1,2.88,Newcastle,17,0,4.28,Man City,15,1,3.42,Fulham,10,1,3.41,Man Utd,16,0,3.35,0,0,5,False,True,3.04,0.188,🟡 Moderate,0.0,2.05,0.0,2.83,0.363,0.55
56,Tammy Abraham,Forward,Aston Villa,5.5,2,a,100,False,False,1,900,1.0,3,1.0,0.75,23.0,3.9130434782608696,0.0,0.0,0.0,0.0,0.6666666666666666,1.2666666666666666,1.0666666666666667,0.0,0.0,0.875,0.7037037037037037,26.125,0.0,0.0,1.0,1.1625,3.0,0.5,0.0,6,0.2,1814,1816,3.7699999809265137,0.05000000074505806,6.099999904632568,0.3700000047683716,0.05999999865889549,0.10999999940395355,0.30000001192092896,2.94,0.385,2.15,-0.1,2.74,Brentford,4,1,2.88,Newcastle,17,0,4.28,Man City,15,1,3.42,Fulham,10,1,3.41,Man Utd,16,0,3.35,0,0,5,False,True,3.04,0.188,🟡 Moderate,0.0,3.77,0.0,2.97,0.54,5.21
160,Alejandro Garnacho Ferreyra,Midfielder,Aston Villa,5.8,2,a,100,False,False,1,900,1.0,3,0.6666666666666666,0.75,9.0,6.666666666666666,0.0,0.0,0.0,0.0,0.0,1.2,0.39999999999999997,0.0,0.0,0.5,0.6666666666666667,5.75,0.0,0.0,0.0,0.65,3.0,0.5,-1.0,6,0.3,582,2873,0.8700000047683716,0.0,2.180000066757202,0.05000000074505806,0.019999999552965164,0.029999999329447746,0.09000000357627869,1.41,0.2,0.38,-0.1,2.74,Brentford,4,1,2.88,Newcastle,17,0,4.28,Man City,15,1,3.42,Fulham,10,1,3.41,Man Utd,16,0,3.35,0,0,5,False,True,3.04,0.188,🟡 Moderate,0.0,0.87,0.0,0.53,0.091,1.09
166,Nicolas Jackson,Forward,Aston Villa,6.5,2,a,100,False,False,1,900,1.0,3,1.3333333333333333,1.0,66.33333333333333,1.8090452261306533,0.0,0.0,0.3333333333333333,0.0,8.0,8.466666666666667,1.8,0.0,0.3333333333333333,0.75,0.7407407407407408,52.25,0.0,0.0,6.25,6.1125,3.0,0.5,0.0,6,1.5,39198,8737,2.869999885559082,0.05000000074505806,7.260000228881836,0.3199999928474426,0.05999999865889549,0.11999999731779099,0.4099999964237213,3.87,0.808,2.48,-0.1,2.74,Brentford,4,1,2.88,Newcastle,17,0,4.28,Man City,15,1,3.42,Fulham,10,1,3.41,Man Utd,16,0,3.35,0,0,5,False,True,3.04,0.188,🟡 Moderate,0.0,2.87,0.0,3.43,0.528,6.04
582,Brian Madjo,Forward,Aston Villa,5.4,2,i,0,False,False,1,900,1.0,3,0.0,0.0,0.0,0.0,0.0,0.0,0.0,0.0,0.0,0.0,0.0,0.0,0.0,0.0,0.0,0.0,0.0,0.0,0.0,0.0,0.0,0.5,-1.0,6,0.2,270,1864,1.0499999523162842,0.05000000074505806,1.8899999856948853,0.05000000074505806,0.05999999865889549,0.019999999552965164,0.10999999940395355,0.52,0.0,0.0,-0.1,2.74,Brentford,4,1,2.88,Newcastle,17,0,4.28,Man City,15,1,3.42,Fulham,10,1,3.41,Man Utd,16,0,3.35,0,0,5,False,True,3.04,0.188,🟡 Moderate,0.0,1.05,0.0,1.45,0.269,0.28
596,Matteo Ruggeri,Defender,Aston Villa,4.5,2,a,100,False,False,1,900,1.0,3,0.3333333333333333,0.5,5.0,6.0,0.0,0.0,0.0,0.0,0.0,0.8666666666666667,0.8666666666666667,0.0,0.0,0.375,0.5185185185185187,4.75,0.0,0.0,0.0,0.65,2.0,0.5,0.0,6,0.1,589,354,0.9200000166893005,0.0,2.4200000762939453,0.019999999552965164,0.019999999552965164,0.10000000149011612,0.03999999910593033,1.23,0.132,0.36,-0.1,2.74,Brentford,4,1,2.88,Newcastle,17,0,4.28,Man City,15,1,3.42,Fulham,10,1,3.41,Man Utd,16,0,3.35,0,0,5,False,True,3.04,0.188,🟡 Moderate,0.0,0.92,0.0,0.55,0.122,1.08
597,Zion Suzuki,Goalkeeper,Aston Villa,5.0,2,a,100,False,False,1,900,1.0,3,4.666666666666667,3.5,90.0,4.666666666666667,0.0,0.0,0.3333333333333333,1.0,0.0,0.0,26.46666666666667,3.3333333333333335,0.0,3.75,3.185185185185185,78.75,0.0,0.0,0.0,0.0,3.0,0.5,0.0,6,1.9,14307,6991,2.0,0.0,4.119999885559082,0.0,0.0,0.09000000357627869,0.10000000149011612,2.45,1.0,2.0,-0.1,2.74,Brentford,4,1,2.88,Newcastle,17,0,4.28,Man City,15,1,3.42,Fulham,10,1,3.41,Man Utd,16,0,3.35,0,0,5,False,True,3.04,0.188,🟡 Moderate,0.0,2.0,0.0,2.84,0.568,4.62
606,Triston Rowe,Defender,Aston Villa,4.0,2,a,100,False,False,1,900,1.0,3,0.0,0.0,0.0,0.0,0.0,0.0,0.0,0.0,0.0,0.0,0.0,0.0,0.0,0.0,0.0,0.0,0.0,0.0,0.0,0.0,0.0,0.5,0.0,6,0.2,331,931,0.3700000047683716,0.0,0.6000000238418579,0.019999999552965164,0.019999999552965164,0.09000000357627869,0.029999999329447746,0.23,0.0,0.11,-0.1,2.74,Brentford,4,1,2.88,Newcastle,17,0,4.28,Man City,15,1,3.42,Fulham,10,1,3.41,Man Utd,16,0,3.35,0,0,5,False,True,3.04,0.188,🟡 Moderate,0.0,0.37,0.0,0.17,0.042,0.31
607,Luka Lynch,Midfielder,Aston Villa,4.5,2,u,0,False,False,1,900,1.0,3,0.0,0.0,0.0,0.0,0.0,0.0,0.0,0.0,0.0,0.0,0.0,0.0,0.0,0.0,0.0,0.0,0.0,0.0,0.0,0.0,0.0,0.5,0.0,6,0.1,0,733,0.38999998569488525,0.0,0.5299999713897705,0.03999999910593033,0.019999999552965164,0.029999999329447746,0.07999999821186066,0.33,0.0,0.0,-0.1,2.74,Brentford,4,1,2.88,Newcastle,17,0,4.28,Man City,15,1,3.42,Fulham,10,1,3.41,Man Utd,16,0,3.35,0,0,5,False,True,3.04,0.188,🟡 Moderate,0.0,0.39,0.0,0.54,0.12,0.08
611,Aaron Wan-Bissaka,Defender,Aston Villa,4.5,2,a,100,False,False,1,900,1.0,3,1.6666666666666667,1.6666666666666667,35.666666666666664,4.205607476635515,0.0,0.0,0.0,0.0,0.0,5.0,10.799999999999999,0.0,0.0,2.0,1.6666666666666667,49.25,0.0,0.0,0.0,7.075,3.0,0.6666666666666666,0.0,6,0.2,1520,1500,1.3700000047683716,0.0,4.96999979019165,0.019999999552965164,0.019999999552965164,0.11999999731779099,0.05000000074505806,1.25,0.523,0.91,-0.1,2.74,Brentford,4,1,2.88,Newcastle,17,0,4.28,Man City,15,1,3.42,Fulham,10,1,3.41,Man Utd,16,0,3.35,0,0,5,False,True,3.04,0.188,🟡 Moderate,0.0,1.37,0.0,1.39,0.309,2.57
618,Leon Goretzka,Midfielder,Aston Villa,5.9,2,i,0,False,False,1,900,1.0,3,0.0,0.0,0.0,0.0,0.0,0.0,0.0,0.0,0.0,0.0,0.0,0.0,0.0,0.0,0.0,0.0,0.0,0.0,0.0,0.0,0.0,0.6666666666666666,-1.0,6,0.0,27,430,0.5699999928474426,0.0,1.3300000429153442,0.05000000074505806,0.019999999552965164,0.029999999329447746,0.09000000357627869,0.4,0.0,0.0,-0.1,2.74,Brentford,4,1,2.88,Newcastle,17,0,4.28,Man City,15,1,3.42,Fulham,10,1,3.41,Man Utd,16,0,3.35,0,0,5,False,True,3.04,0.188,🟡 Moderate,0.0,0.57,0.0,0.79,0.134,0.2
630,Taylor Harwood-Bellis,Defender,Aston Villa,4.5,2,a,100,False,False,1,900,1.0,3,0.0,0.0,0.0,0.0,0.0,0.0,0.0,0.0,0.0,0.0,0.0,0.0,0.0,0.0,0.0,0.0,0.0,0.0,0.0,0.0,0.0,0.5,0.0,6,0.0,206,199,0.6299999952316284,0.0,2.319999933242798,0.019999999552965164,0.019999999552965164,0.10000000149011612,0.03999999910593033,0.23,0.0,0.19,-0.1,2.74,Brentford,4,1,2.88,Newcastle,17,0,4.28,Man City,15,1,3.42,Fulham,10,1,3.41,Man Utd,16,0,3.35,0,0,5,False,True,3.04,0.188,🟡 Moderate,0.0,0.63,0.0,0.29,0.064,0.73
631,Ibrahim Mbaye,Midfielder,Aston Villa,6.0,2,a,100,False,False,1,900,1.0,3,0.5,0.5,13.5,3.333333333333333,0.0,0.0,0.0,0.0,9.5,7.6,4.5,0.0,0.0,0.5,0.3333333333333333,13.5,0.0,0.0,9.5,7.6,1.0,0.5,0.0,6,0.1,957,1160,1.559999942779541,0.009999999776482582,4.590000152587891,0.15000000596046448,0.029999999329447746,0.10000000149011612,0.09000000357627869,1.95,0.265,0.76,-0.1,2.74,Brentford,4,1,2.88,Newcastle,17,0,4.28,Man City,15,1,3.42,Fulham,10,1,3.41,Man Utd,16,0,3.35,0,0,5,False,True,3.04,0.188,🟡 Moderate,0.0,1.56,0.0,1.05,0.175,2.21
667,James Wright,Goalkeeper,Aston Villa,4.0,2,a,100,False,False,1,900,1.0,3,,,,0.0,,,,,,,,,,,,,,,,,,,0.0,6,0.1,7644,943,0.14000000059604645,0.0,0.3199999928474426,0.0,0.0,0.03999999910593033,0.05000000074505806,0.05,,,-0.1,2.74,Brentford,4,1,2.88,Newcastle,17,0,4.28,Man City,15,1,3.42,Fulham,10,1,3.41,Man Utd,16,0,3.35,0,0,5,False,True,3.04,0.188,🟡 Moderate,0.0,0.14,0.0,0.2,0.05,
57,Đorđe Petrović,Goalkeeper,Bournemouth,4.5,3,a,100,False,False,0,412,1.0,4,1.6666666666666667,1.75,90.0,1.666666666666667,0.0,0.0,0.0,0.0,0.0,0.0,12.399999999999999,1.6666666666666667,0.0,1.375,1.5925925925925928,90.0,0.0,0.0,0.0,0.0,4.0,0.5,0.0,6,3.0,6784,12447,2.2899999618530273,0.05000000074505806,4.059999942779541,0.0,0.0,0.1599999964237213,0.07000000029802322,2.72,1.0,2.29,-0.1,2.97,Chelsea,6,0,1.8,Sunderland,20,1,3.41,Man Utd,16,0,3.41,Leeds,13,1,2.67,Ipswich Town,12,0,2.85,0,0,5,False,False,2.74,0.101,🟢 Easy,0.0,2.29,0.0,3.45,0.767,5.18
58,Fraser Forster,Goalkeeper,Bournemouth,4.0,3,a,100,False,False,0,412,1.0,4,0.0,0.0,0.0,0.0,0.0,0.0,0.0,0.0,0.0,0.0,0.0,0.0,0.0,0.0,0.0,0.0,0.0,0.0,0.0,0.0,0.0,0.5,0.0,6,3.5,8608,7721,0.12999999523162842,0.0,0.05999999865889549,0.0,0.0,0.029999999329447746,0.05000000074505806,0.05,0.0,0.04,-0.1,2.97,Chelsea,6,0,1.8,Sunderland,20,1,3.41,Man Utd,16,0,3.41,Leeds,13,1,2.67,Ipswich Town,12,0,2.85,0,0,5,False,False,2.74,0.101,🟢 Easy,0.0,0.13,0.0,0.06,0.015,0.09
59,Will Dennis,Goalkeeper,Bournemouth,4.0,3,u,0,False,False,0,412,1.0,4,0.0,0.0,0.0,0.0,0.0,0.0,0.0,0.0,0.0,0.0,0.0,0.0,0.0,0.0,0.0,0.0,0.0,0.0,0.0,0.0,0.0,0.5,0.0,6,0.1,0,583,0.12999999523162842,0.0,0.05999999865889549,0.0,0.0,0.029999999329447746,0.05000000074505806,0.05,0.0,0.0,-0.1,2.97,Chelsea,6,0,1.8,Sunderland,20,1,3.41,Man Utd,16,0,3.41,Leeds,13,1,2.67,Ipswich Town,12,0,2.85,0,0,5,False,False,2.74,0.101,🟢 Easy,0.0,0.13,0.0,0.2,0.05,0.01
60,James Hill,Defender,Bournemouth,5.5,3,a,100,False,False,0,412,1.0,4,2.3333333333333335,2.0,90.0,2.3333333333333335,0.0,0.0,0.0,0.0,2.0,21.3,21.46666666666667,0.0,0.3333333333333333,1.875,1.7777777777777781,90.0,0.0,0.0,1.0,16.2375,4.0,0.5,0.0,6,0.8,3436,3270,2.3499999046325684,0.05000000074505806,5.929999828338623,0.029999999329447746,0.05000000074505806,0.11999999731779099,0.03999999910593033,2.83,1.0,2.35,-0.1,2.97,Chelsea,6,0,1.8,Sunderland,20,1,3.41,Man Utd,16,0,3.41,Leeds,13,1,2.67,Ipswich Town,12,0,2.85,0,0,5,False,False,2.74,0.101,🟢 Easy,0.0,2.35,0.0,3.76,0.684,5.58
61,Adrien Truffert,Defender,Bournemouth,5.4,3,a,100,False,False,0,412,1.0,4,2.3333333333333335,2.0,90.0,2.3333333333333335,0.0,0.0,0.0,0.6666666666666666,11.333333333333334,19.133333333333336,25.53333333333333,0.0,0.3333333333333333,2.125,1.888888888888889,90.0,0.0,0.0,15.0,16.05,4.0,0.5,0.0,6,3.0,4938,12851,2.509999990463257,0.05000000074505806,5.769999980926514,0.029999999329447746,0.17000000178813934,0.11999999731779099,0.03999999910593033,3.18,1.0,2.51,-0.1,2.97,Chelsea,6,0,1.8,Sunderland,20,1,3.41,Man Utd,16,0,3.41,Leeds,13,1,2.67,Ipswich Town,12,0,2.85,0,0,5,False,False,2.74,0.101,🟢 Easy,0.0,2.51,0.0,4.02,0.744,5.88
62,Bafodé Diakité,Defender,Bournemouth,4.9,3,a,100,False,False,0,412,1.0,4,0.0,0.0,0.0,0.0,0.0,0.0,0.0,0.0,0.0,0.0,0.0,0.0,0.0,0.0,0.0,0.0,0.0,0.0,0.0,0.0,0.0,0.5,0.0,6,0.2,494,1007,0.6200000047683716,0.0,1.75,0.019999999552965164,0.019999999552965164,0.10000000149011612,0.03999999910593033,0.22,0.0,0.19,-0.1,2.97,Chelsea,6,0,1.8,Sunderland,20,1,3.41,Man Utd,16,0,3.41,Leeds,13,1,2.67,Ipswich Town,12,0,2.85,0,0,5,False,False,2.74,0.101,🟢 Easy,0.0,0.62,0.0,0.3,0.061,0.64
63,Veljko Milosavljevic,Defender,Bournemouth,4.9,3,i,0,False,False,0,412,1.0,4,0.0,0.0,0.0,0.0,0.0,0.0,0.0,0.0,0.0,0.0,0.0,0.0,0.0,0.0,0.0,0.0,0.0,0.0,0.0,0.0,0.0,0.5,-1.0,6,0.0,35,50,0.6200000047683716,0.0,1.8200000524520874,0.019999999552965164,0.019999999552965164,0.10000000149011612,0.03999999910593033,0.22,0.0,0.0,-0.1,2.97,Chelsea,6,0,1.8,Sunderland,20,1,3.41,Man Utd,16,0,3.41,Leeds,13,1,2.67,Ipswich Town,12,0,2.85,0,0,5,False,False,2.74,0.101,🟢 Easy,0.0,0.62,0.0,0.99,0.202,0.27
64,Adam Smith,Defender,Bournemouth,4.5,3,a,100,False,False,0,412,1.0,4,0.3333333333333333,0.5,90.0,0.3333333333333333,0.0,0.0,0.0,0.0,1.3333333333333333,14.333333333333334,12.200000000000001,0.0,1.0,0.25,0.44444444444444453,90.0,0.0,0.0,1.0,9.3625,4.0,0.5,0.0,6,0.1,420,510,2.5199999809265137,0.05000000074505806,6.849999904632568,0.029999999329447746,0.029999999329447746,0.11999999731779099,0.10999999940395355,2.82,1.0,2.52,-0.1,2.97,Chelsea,6,0,1.8,Sunderland,20,1,3.41,Man Utd,16,0,3.41,Leeds,13,1,2.67,Ipswich Town,12,0,2.85,0,0,5,False,False,2.74,0.101,🟢 Easy,0.0,2.52,0.0,4.03,0.896,6.06
65,Julián Araujo Zúñiga,Defender,Bournemouth,4.4,3,i,0,False,False,0,412,1.0,4,0.0,0.0,0.0,0.0,0.0,0.0,0.0,0.0,0.0,0.0,0.0,0.0,0.0,0.0,0.0,0.0,0.0,0.0,0.0,0.0,0.0,0.5,0.0,6,0.0,42,57,0.5799999833106995,0.0,1.6200000047683716,0.019999999552965164,0.019999999552965164,0.10000000149011612,0.029999999329447746,0.22,0.0,0.0,-0.1,2.97,Chelsea,6,0,1.8,Sunderland,20,1,3.41,Man Utd,16,0,3.41,Leeds,13,1,2.67,Ipswich Town,12,0,2.85,0,0,5,False,False,2.74,0.101,🟢 Easy,0.0,0.58,0.0,0.93,0.211,0.24
66,Julio Soler Barreto,Defender,Bournemouth,4.0,3,a,100,False,False,0,412,1.0,4,0.0,0.0,0.0,0.0,0.0,0.0,0.0,0.0,0.0,0.0,0.0,0.0,0.0,0.0,0.0,0.0,0.0,0.0,0.0,0.0,0.0,0.5,0.0,6,0.3,768,1179,0.36000001430511475,0.0,0.1899999976158142,0.019999999552965164,0.019999999552965164,0.09000000357627869,0.029999999329447746,0.22,0.0,0.11,-0.1,2.97,Chelsea,6,0,1.8,Sunderland,20,1,3.41,Man Utd,16,0,3.41,Leeds,13,1,2.67,Ipswich Town,12,0,2.85,0,0,5,False,False,2.74,0.101,🟢 Easy,0.0,0.36,0.0,0.18,0.045,0.25
67,Rayan Vitor Simplício Rocha,Midfielder,Bournemouth,6.3,3,a,100,False,False,0,412,1.0,4,2.0,2.0,86.33333333333333,2.084942084942085,0.0,0.0,0.0,0.0,24.666666666666668,7.400000000000001,5.266666666666667,0.0,0.0,2.0,2.0,84.75,0.0,0.0,20.125,10.975000000000001,4.0,0.5,0.0,6,1.6,4327,10172,4.099999904632568,0.9100000262260437,8.119999885559082,0.11999999731779099,0.09000000357627869,0.1599999964237213,0.10999999940395355,3.11,0.971,4.02,-0.1,2.97,Chelsea,6,0,1.8,Sunderland,20,1,3.41,Man Utd,16,0,3.41,Leeds,13,1,2.67,Ipswich Town,12,0,2.85,0,0,5,False,False,2.74,0.101,🟢 Easy,0.0,4.1,0.0,5.68,0.902,9.12
68,Marcus Tavernier,Midfielder,Bournemouth,6.1,3,a,100,False,False,0,412,1.0,4,6.333333333333333,7.25,86.66666666666667,6.576923076923076,0.6666666666666666,0.0,0.0,1.6666666666666667,41.666666666666664,36.6,37.0,0.0,0.6666666666666666,7.875,8.0,85.5,0.875,0.0,41.375,39.3875,4.0,0.5,1.0,6,6.8,88491,47334,4.150000095367432,1.0099999904632568,9.390000343322754,0.07000000029802322,0.28999999165534973,0.14000000059604645,0.10999999940395355,3.44,0.974,4.07,-0.1,2.97,Chelsea,6,0,1.8,Sunderland,20,1,3.41,Man Utd,16,0,3.41,Leeds,13,1,2.67,Ipswich Town,12,0,2.85,0,0,5,False,False,2.74,0.101,🟢 Easy,0.0,4.15,0.0,5.75,0.943,9.4
69,Alex Scott,Midfielder,Bournemouth,6.1,3,a,100,False,False,0,412,1.0,4,8.666666666666666,7.0,88.66666666666667,8.796992481203008,0.3333333333333333,0.6666666666666666,0.3333333333333333,1.6666666666666667,14.333333333333334,33.699999999999996,27.733333333333334,0.0,0.3333333333333333,6.25,5.9259259259259265,89.5,0.125,0.5,10.625,33.3875,4.0,0.5,0.0,6,5.8,25824,40351,4.179999828338623,0.9599999785423279,8.800000190734863,0.11999999731779099,0.23000000417232513,0.18000000715255737,0.15000000596046448,3.6,0.99,4.15,-0.1,2.97,Chelsea,6,0,1.8,Sunderland,20,1,3.41,Man Utd,16,0,3.41,Leeds,13,1,2.67,Ipswich Town,12,0,2.85,0,0,5,False,False,2.74,0.101,🟢 Easy,0.0,4.18,0.0,5.87,0.962,9.48
70,Justin Kluivert,Midfielder,Bournemouth,6.0,3,i,0,False,False,0,412,1.0,4,4.0,3.75,73.33333333333333,4.909090909090909,0.3333333333333333,0.0,0.3333333333333333,0.3333333333333333,34.333333333333336,10.733333333333333,17.066666666666666,0.0,0.3333333333333333,5.0,4.222222222222222,70.5,0.5,0.0,31.5,7.300000000000001,4.0,0.5,0.0,6,0.9,2305,19100,3.2699999809265137,0.38999998569488525,7.769999980926514,0.15000000596046448,0.009999999776482582,0.20000000298023224,0.09000000357627869,3.06,0.866,0.0,-0.1,2.97,Chelsea,6,0,1.8,Sunderland,20,1,3.41,Man Utd,16,0,3.41,Leeds,13,1,2.67,Ipswich Town,12,0,2.85,0,0,5,False,False,2.74,0.101,🟢 Easy,0.0,3.27,0.0,4.62,0.77,1.11
71,Lewis Cook,Midfielder,Bournemouth,5.0,3,a,100,False,False,0,412,1.0,4,1.3333333333333333,1.75,30.0,3.9999999999999996,0.0,0.0,0.3333333333333333,0.0,0.0,4.466666666666667,1.4666666666666666,0.0,0.3333333333333333,1.0,1.5555555555555558,25.375,0.0,0.0,0.0,2.0875,4.0,0.5,0.0,6,0.2,283,1195,1.2899999618530273,0.0,2.9800000190734863,0.05000000074505806,0.029999999329447746,0.019999999552965164,0.07999999821186066,1.44,0.463,0.81,-0.1,2.97,Chelsea,6,0,1.8,Sunderland,20,1,3.41,Man Utd,16,0,3.41,Leeds,13,1,2.67,Ipswich Town,12,0,2.85,0,0,5,False,False,2.74,0.101,🟢 Easy,0.0,1.29,0.0,1.15,0.23,2.07
72,Ben Gannon-Doak,Midfielder,Bournemouth,4.9,3,a,100,False,False,0,412,1.0,4,0.6666666666666666,0.75,3.0,20.0,0.0,0.0,0.0,0.0,4.0,0.6666666666666666,1.2,0.0,0.0,0.875,0.8518518518518521,4.375,0.0,0.0,5.0,0.8875,3.0,0.5,0.0,6,0.1,152,400,1.0399999618530273,0.0,2.4700000286102295,0.03999999910593033,0.029999999329447746,0.029999999329447746,0.09000000357627869,1.4,0.092,0.38,-0.1,2.97,Chelsea,6,0,1.8,Sunderland,20,1,3.41,Man Utd,16,0,3.41,Leeds,13,1,2.67,Ipswich Town,12,0,2.85,0,0,5,False,False,2.74,0.101,🟢 Easy,0.0,1.04,0.0,0.54,0.11,1.13
73,Tyler Adams,Midfielder,Bournemouth,5.0,3,a,100,False,False,0,412,1.0,4,2.3333333333333335,2.0,59.0,3.5593220338983054,0.0,0.0,0.0,0.0,2.3333333333333335,6.233333333333334,8.933333333333332,0.0,0.0,2.25,2.0,63.75,0.0,0.0,3.5,6.0625,4.0,0.5,0.0,6,0.3,1158,1721,2.200000047683716,0.2199999988079071,3.8499999046325684,0.03999999910593033,0.029999999329447746,0.11999999731779099,0.07999999821186066,1.4,0.744,1.81,-0.1,2.97,Chelsea,6,0,1.8,Sunderland,20,1,3.41,Man Utd,16,0,3.41,Leeds,13,1,2.67,Ipswich Town,12,0,2.85,0,0,5,False,False,2.74,0.101,🟢 Easy,0.0,2.2,0.0,2.56,0.512,4.16
74,David Brooks,Midfielder,Bournemouth,5.0,3,a,100,False,False,0,412,1.0,4,0.6666666666666666,0.5,10.0,6.0,0.0,0.0,0.0,0.0,0.6666666666666666,0.6333333333333334,1.4000000000000001,0.0,0.3333333333333333,0.375,0.3703703703703704,8.125,0.0,0.0,1.0,0.35,3.0,0.5,0.0,6,0.1,191,341,0.7599999904632568,0.0,1.850000023841858,0.03999999910593033,0.019999999552965164,0.029999999329447746,0.07999999821186066,1.35,0.215,0.34,-0.1,2.97,Chelsea,6,0,1.8,Sunderland,20,1,3.41,Man Utd,16,0,3.41,Leeds,13,1,2.67,Ipswich Town,12,0,2.85,0,0,5,False,False,2.74,0.101,🟢 Easy,0.0,0.76,0.0,0.48,0.096,0.96
75,Ryan Christie,Midfielder,Bournemouth,5.0,3,a,100,False,False,0,412,1.0,4,1.0,0.75,9.333333333333334,9.642857142857142,0.0,0.0,0.0,0.0,1.3333333333333333,4.9,3.133333333333333,0.0,0.0,0.875,0.7037037037037037,12.625,0.0,0.0,2.0,7.2375,3.0,0.5,0.0,6,0.0,311,261,1.1200000047683716,0.17000000178813934,2.2200000286102295,0.03999999910593033,0.019999999552965164,0.029999999329447746,0.07999999821186066,1.37,0.205,0.5,-0.1,2.97,Chelsea,6,0,1.8,Sunderland,20,1,3.41,Man Utd,16,0,3.41,Leeds,13,1,2.67,Ipswich Town,12,0,2.85,0,0,5,False,False,2.74,0.101,🟢 Easy,0.0,1.12,0.0,0.71,0.142,1.31
76,Alex Tóth,Midfielder,Bournemouth,4.9,3,a,100,False,False,0,412,1.0,4,0.0,0.25,0.0,0.0,0.0,0.0,0.0,0.0,0.0,0.0,0.0,0.0,0.0,0.125,0.2962962962962964,1.875,0.0,0.0,0.0,0.075,1.0,0.5,-1.0,6,0.0,28,57,0.3799999952316284,0.0,0.550000011920929,0.03999999910593033,0.019999999552965164,0.029999999329447746,0.07999999821186066,0.33,0.0,0.11,-0.1,2.97,Chelsea,6,0,1.8,Sunderland,20,1,3.41,Man Utd,16,0,3.41,Leeds,13,1,2.67,Ipswich Town,12,0,2.85,0,0,5,False,False,2.74,0.101,🟢 Easy,0.0,0.38,0.0,0.16,0.033,0.3
77,Amine Adli,Midfielder,Bournemouth,4.9,3,i,0,False,False,0,412,1.0,4,0.0,0.0,0.0,0.0,0.0,0.0,0.0,0.0,0.0,0.0,0.0,0.0,0.0,0.0,0.0,0.0,0.0,0.0,0.0,0.0,0.0,0.5,0.0,6,0.0,28,78,0.3799999952316284,0.0,0.6399999856948853,0.03999999910593033,0.019999999552965164,0.029999999329447746,0.07999999821186066,0.33,0.0,0.0,-0.1,2.97,Chelsea,6,0,1.8,Sunderland,20,1,3.41,Man Utd,16,0,3.41,Leeds,13,1,2.67,Ipswich Town,12,0,2.85,0,0,5,False,False,2.74,0.101,🟢 Easy,0.0,0.38,0.0,0.54,0.11,0.1
78,Junior Kroupi,Midfielder,Bournemouth,7.4,3,i,0,False,False,0,412,1.0,4,0.0,0.0,0.0,0.0,0.0,0.0,0.0,0.0,0.0,0.0,0.0,0.0,0.0,0.0,0.0,0.0,0.0,0.0,0.0,0.0,0.0,0.5,0.0,6,0.2,210,922,1.159999966621399,0.0,2.890000104904175,0.05999999865889549,0.10999999940395355,0.07999999821186066,0.23000000417232513,0.84,0.0,0.0,-0.1,2.97,Chelsea,6,0,1.8,Sunderland,20,1,3.41,Man Utd,16,0,3.41,Leeds,13,1,2.67,Ipswich Town,12,0,2.85,0,0,5,False,False,2.74,0.101,🟢 Easy,0.0,1.16,0.0,1.64,0.222,0.43
79,Francisco Evanilson de Lima Barbosa,Forward,Bournemouth,6.0,3,a,100,False,False,0,412,1.0,4,4.0,4.0,86.66666666666667,4.153846153846153,0.0,0.6666666666666666,0.3333333333333333,0.0,15.666666666666666,22.433333333333334,13.666666666666666,0.0,0.0,4.125,4.037037037037038,86.75,0.0,0.75,10.25,25.5375,4.0,0.5,0.0,6,3.2,19522,22030,3.9600000381469727,0.05000000074505806,6.929999828338623,0.2800000011920929,0.10000000149011612,0.23999999463558197,0.2800000011920929,3.72,0.974,3.89,-0.1,2.97,Chelsea,6,0,1.8,Sunderland,20,1,3.41,Man Utd,16,0,3.41,Leeds,13,1,2.67,Ipswich Town,12,0,2.85,0,0,5,False,False,2.74,0.101,🟢 Easy,0.0,3.96,0.0,5.5,0.917,8.81
80,Enes Ünal,Forward,Bournemouth,5.5,3,u,0,False,False,0,412,1.0,4,0.0,0.0,0.0,0.0,0.0,0.0,0.0,0.0,0.0,0.0,0.0,0.0,0.0,0.0,0.0,0.0,0.0,0.0,0.0,0.0,0.0,0.5,0.0,6,0.0,0,53,2.640000104904175,0.05000000074505806,3.700000047683716,0.23000000417232513,0.05999999865889549,0.05000000074505806,0.20000000298023224,1.3,0.0,0.0,-0.1,2.97,Chelsea,6,0,1.8,Sunderland,20,1,3.41,Man Utd,16,0,3.41,Leeds,13,1,2.67,Ipswich Town,12,0,2.85,0,0,5,False,False,2.74,0.101,🟢 Easy,0.0,2.64,0.0,3.73,0.678,0.55
81,Álvaro Rodríguez,Forward,Bournemouth,6.0,3,a,100,False,False,0,412,1.0,4,0.6666666666666666,0.5,3.3333333333333335,18.0,0.0,0.0,0.0,0.0,0.0,0.16666666666666666,0.0,0.0,0.0,0.625,0.4814814814814815,1.625,0.0,0.0,0.0,0.25,2.0,0.5,0.0,6,0.1,849,751,1.840000033378601,0.0,3.450000047683716,0.25,0.05999999865889549,0.10000000149011612,0.20000000298023224,2.37,0.1,0.68,-0.1,2.97,Chelsea,6,0,1.8,Sunderland,20,1,3.41,Man Utd,16,0,3.41,Leeds,13,1,2.67,Ipswich Town,12,0,2.85,0,0,5,False,False,2.74,0.101,🟢 Easy,0.0,1.84,0.0,0.96,0.16,1.88
566,António João Pereira de Albuquerque Tavares da Silva,Defender,Bournemouth,5.0,3,a,100,False,False,0,412,1.0,4,2.6666666666666665,2.5,90.0,2.6666666666666665,0.0,0.0,0.0,0.0,13.666666666666666,2.766666666666667,20.133333333333336,0.0,0.0,2.5,2.407407407407408,90.0,0.0,0.0,11.375,3.2125,4.0,0.5,0.0,6,0.4,7367,4156,2.109999895095825,0.05000000074505806,6.090000152587891,0.029999999329447746,0.07000000029802322,0.11999999731779099,0.03999999910593033,2.88,1.0,2.11,-0.1,2.97,Chelsea,6,0,1.8,Sunderland,20,1,3.41,Man Utd,16,0,3.41,Leeds,13,1,2.67,Ipswich Town,12,0,2.85,0,0,5,False,False,2.74,0.101,🟢 Easy,0.0,2.11,0.0,3.38,0.676,5.13
573,Juanlu Sánchez,Defender,Bournemouth,4.4,3,a,100,False,False,0,412,1.0,4,0.0,0.0,0.0,0.0,0.0,0.0,0.0,0.0,0.0,0.0,0.0,0.0,0.0,0.0,0.0,0.0,0.0,0.0,0.0,0.0,0.0,0.5,-1.0,6,0.2,158,463,0.5799999833106995,0.0,1.7000000476837158,0.019999999552965164,0.019999999552965164,0.10000000149011612,0.029999999329447746,0.22,0.0,0.17,-0.1,2.97,Chelsea,6,0,1.8,Sunderland,20,1,3.41,Man Utd,16,0,3.41,Leeds,13,1,2.67,Ipswich Town,12,0,2.85,0,0,5,False,False,2.74,0.101,🟢 Easy,0.0,0.58,0.0,0.27,0.061,0.6
608,Daniel Jebbison,Forward,Bournemouth,5.0,3,a,100,False,False,0,412,1.0,4,0.3333333333333333,0.5,0.3333333333333333,90.0,0.0,0.0,0.0,0.0,0.0,0.0,0.0,0.0,0.0,0.375,0.5185185185185187,2.125,0.0,0.0,2.125,0.1,2.0,0.5,0.0,6,0.1,954,938,0.550000011920929,0.0,0.7900000214576721,0.05000000074505806,0.05999999865889549,0.019999999552965164,0.10000000149011612,0.48,0.02,0.17,-0.1,2.97,Chelsea,6,0,1.8,Sunderland,20,1,3.41,Man Utd,16,0,3.41,Leeds,13,1,2.67,Ipswich Town,12,0,2.85,0,0,5,False,False,2.74,0.101,🟢 Easy,0.0,0.55,0.0,0.24,0.048,0.46
615,Michele Di Gregorio,Goalkeeper,Bournemouth,4.5,3,a,100,False,False,0,412,1.0,4,0.0,0.0,0.0,0.0,0.0,0.0,0.0,0.0,0.0,0.0,0.0,0.0,0.0,0.0,0.0,0.0,0.0,0.0,0.0,0.0,0.0,0.6666666666666666,0.0,6,0.0,194,200,0.1899999976158142,0.0,0.3100000023841858,0.0,0.0,0.029999999329447746,0.05000000074505806,0.05,0.0,0.06,-0.1,2.97,Chelsea,6,0,1.8,Sunderland,20,1,3.41,Man Utd,16,0,3.41,Leeds,13,1,2.67,Ipswich Town,12,0,2.85,0,0,5,False,False,2.74,0.101,🟢 Easy,0.0,0.19,0.0,0.09,0.02,0.17
82,Caoimhín Kelleher,Goalkeeper,Brentford,5.0,4,a,100,False,False,0,212,1.0,3,2.3333333333333335,3.5,90.0,2.3333333333333335,0.0,0.0,0.0,0.0,0.0,0.0,23.400000000000002,3.6666666666666665,0.0,3.125,3.8148148148148158,90.0,0.0,0.0,0.0,0.0,4.0,0.5,0.0,6,6.1,21022,14494,3.0899999141693115,0.05000000074505806,4.28000020980835,0.0,0.0,0.17000000178813934,0.10000000149011612,2.76,1.0,3.09,-0.1,2.74,Aston Villa,2,0,4.6,Liverpool,14,1,3.8,Hull City,11,0,3.02,Nott'm Forest,18,1,4.32,Brighton,5,0,3.7,0,0,5,False,False,3.43,0.158,🔴 Tough,0.0,3.09,0.0,4.21,0.842,6.81
83,Hákon Rafn Valdimarsson,Goalkeeper,Brentford,4.5,4,a,100,False,False,0,212,1.0,3,0.0,0.0,0.0,0.0,0.0,0.0,0.0,0.0,0.0,0.0,0.0,0.0,0.0,0.0,0.0,0.0,0.0,0.0,0.0,0.0,0.0,0.5,0.0,6,0.1,317,354,0.2199999988079071,0.0,0.7900000214576721,0.0,0.0,0.03999999910593033,0.05000000074505806,0.05,0.0,0.07,-0.1,2.74,Aston Villa,2,0,4.6,Liverpool,14,1,3.8,Hull City,11,0,3.02,Nott'm Forest,18,1,4.32,Brighton,5,0,3.7,0,0,5,False,False,3.43,0.158,🔴 Tough,0.0,0.22,0.0,0.1,0.022,0.26
84,Nathan Collins,Defender,Brentford,5.4,4,i,0,False,False,0,212,1.0,3,1.3333333333333333,2.5,35.333333333333336,3.3962264150943393,0.0,0.0,0.0,0.0,11.333333333333334,0.3,9.666666666666666,0.0,0.3333333333333333,1.375,2.444444444444445,26.5,0.0,0.0,6.375,2.8,3.0,0.5,-1.0,6,0.9,126,9910,1.7300000190734863,0.0,5.909999847412109,0.029999999329447746,0.019999999552965164,0.10999999940395355,0.03999999910593033,1.25,0.52,0.0,-0.1,2.74,Aston Villa,2,0,4.6,Liverpool,14,1,3.8,Hull City,11,0,3.02,Nott'm Forest,18,1,4.32,Brighton,5,0,3.7,0,0,5,False,False,3.43,0.158,🔴 Tough,0.0,1.73,0.0,2.49,0.461,0.89
85,Sepp van den Berg,Defender,Brentford,4.9,4,i,0,False,False,0,212,1.0,3,0.0,0.0,0.0,0.0,0.0,0.0,0.0,0.0,0.0,0.0,0.0,0.0,0.0,0.0,0.0,0.0,0.0,0.0,0.0,0.0,0.0,0.5,0.0,6,0.1,40,375,0.6399999856948853,0.0,1.7599999904632568,0.019999999552965164,0.019999999552965164,0.10000000149011612,0.03999999910593033,0.22,0.0,0.0,-0.1,2.74,Aston Villa,2,0,4.6,Liverpool,14,1,3.8,Hull City,11,0,3.02,Nott'm Forest,18,1,4.32,Brighton,5,0,3.7,0,0,5,False,False,3.43,0.158,🔴 Tough,0.0,0.64,0.0,0.92,0.188,0.26
86,Keane Lewis-Potter,Midfielder,Brentford,5.5,4,a,100,False,False,0,212,1.0,3,3.0,4.75,78.66666666666667,3.432203389830508,0.0,0.3333333333333333,0.0,0.3333333333333333,10.0,26.099999999999998,15.799999999999999,0.0,0.0,3.0,4.6296296296296315,74.125,0.125,0.125,11.125,18.0125,4.0,0.5,0.0,6,1.7,3873,12462,2.559999942779541,0.9100000262260437,5.840000152587891,0.05999999865889549,0.11999999731779099,0.17000000178813934,0.09000000357627869,2.94,0.91,2.4,-0.1,2.74,Aston Villa,2,0,4.6,Liverpool,14,1,3.8,Hull City,11,0,3.02,Nott'm Forest,18,1,4.32,Brighton,5,0,3.7,0,0,5,False,False,3.43,0.158,🔴 Tough,0.0,2.56,0.0,3.08,0.56,5.54
87,Kristoffer Ajer,Defender,Brentford,4.5,4,a,100,False,False,0,212,1.0,3,2.0,3.5,90.0,2.0,0.0,0.0,0.0,0.0,3.3333333333333335,7.266666666666667,21.599999999999998,0.0,0.3333333333333333,2.375,3.592592592592594,90.0,0.0,0.0,8.625,3.0625,4.0,0.5,0.0,6,3.9,12032,23779,2.0899999141693115,0.05000000074505806,7.130000114440918,0.029999999329447746,0.029999999329447746,0.09000000357627869,0.2800000011920929,2.87,1.0,2.09,-0.1,2.74,Aston Villa,2,0,4.6,Liverpool,14,1,3.8,Hull City,11,0,3.02,Nott'm Forest,18,1,4.32,Brighton,5,0,3.7,0,0,5,False,False,3.43,0.158,🔴 Tough,0.0,2.09,0.0,3.01,0.669,5.24
88,Michael Kayode,Defender,Brentford,4.6,4,a,100,False,False,0,212,1.0,3,1.3333333333333333,4.25,50.333333333333336,2.3841059602649004,0.0,0.0,0.0,0.0,3.3333333333333335,10.133333333333333,9.133333333333333,0.0,0.0,2.625,4.703703703703704,41.0,0.125,0.0,7.25,9.3125,4.0,0.5,0.0,6,7.6,14336,22497,1.3300000429153442,0.0,5.320000171661377,0.029999999329447746,0.019999999552965164,0.09000000357627869,0.36000001430511475,1.58,0.666,1.02,-0.1,2.74,Aston Villa,2,0,4.6,Liverpool,14,1,3.8,Hull City,11,0,3.02,Nott'm Forest,18,1,4.32,Brighton,5,0,3.7,0,0,5,False,False,3.43,0.158,🔴 Tough,0.0,1.33,0.0,1.47,0.32,2.84
89,Rico Henry,Defender,Brentford,4.4,4,a,100,False,False,0,212,1.0,3,0.3333333333333333,0.25,0.6666666666666666,45.0,0.0,0.0,0.0,0.0,0.0,0.0,0.0,0.0,0.0,0.125,0.14814814814814817,0.25,0.0,0.0,0.0,0.0,1.0,0.5,-1.0,6,0.2,167,626,0.7900000214576721,0.0,2.049999952316284,0.019999999552965164,0.019999999552965164,0.10000000149011612,0.029999999329447746,0.22,0.032,0.25,-0.1,2.74,Aston Villa,2,0,4.6,Liverpool,14,1,3.8,Hull City,11,0,3.02,Nott'm Forest,18,1,4.32,Brighton,5,0,3.7,0,0,5,False,False,3.43,0.158,🔴 Tough,0.0,0.79,0.0,0.36,0.082,0.81
90,Aaron Hickey,Defender,Brentford,4.5,4,a,100,False,False,0,212,1.0,3,1.0,1.0,39.0,2.3076923076923075,0.0,0.0,0.0,0.0,2.0,2.4,7.2,0.0,0.0,1.0,1.0,48.25,0.0,0.0,3.0,1.85,4.0,0.5,0.0,6,0.1,193,262,1.2599999904632568,0.0,4.670000076293945,0.029999999329447746,0.019999999552965164,0.11999999731779099,0.03999999910593033,1.25,0.557,0.87,-0.1,2.74,Aston Villa,2,0,4.6,Liverpool,14,1,3.8,Hull City,11,0,3.02,Nott'm Forest,18,1,4.32,Brighton,5,0,3.7,0,0,5,False,False,3.43,0.158,🔴 Tough,0.0,1.26,0.0,1.25,0.278,2.44
92,Kim Ji-soo,Defender,Brentford,4.4,4,a,100,False,False,0,212,1.0,3,0.0,0.0,0.0,0.0,0.0,0.0,0.0,0.0,0.0,0.0,0.0,0.0,0.0,0.0,0.0,0.0,0.0,0.0,0.0,0.0,0.0,0.5,0.0,6,0.0,62,91,0.6000000238418579,0.0,1.6399999856948853,0.019999999552965164,0.019999999552965164,0.10000000149011612,0.029999999329447746,0.22,0.0,0.18,-0.1,2.74,Aston Villa,2,0,4.6,Liverpool,14,1,3.8,Hull City,11,0,3.02,Nott'm Forest,18,1,4.32,Brighton,5,0,3.7,0,0,5,False,False,3.43,0.158,🔴 Tough,0.0,0.6,0.0,0.26,0.059,0.61
93,Jannik Schuster,Defender,Brentford,4.5,4,a,100,False,False,0,212,1.0,3,2.3333333333333335,1.75,54.333333333333336,3.865030674846626,0.0,0.0,0.0,0.0,4.0,0.2333333333333333,13.133333333333333,0.0,0.0,2.5,1.8888888888888888,63.25,0.0,0.0,5.0,0.3,2.0,0.5,0.0,6,0.3,16049,2591,1.409999966621399,0.0,5.130000114440918,0.019999999552965164,0.019999999552965164,0.11999999731779099,0.03999999910593033,1.22,0.702,1.12,-0.1,2.74,Aston Villa,2,0,4.6,Liverpool,14,1,3.8,Hull City,11,0,3.02,Nott'm Forest,18,1,4.32,Brighton,5,0,3.7,0,0,5,False,False,3.43,0.158,🔴 Tough,0.0,1.41,0.0,1.61,0.358,3.01
94,Kevin Schade,Midfielder,Brentford,6.2,4,a,100,False,False,0,212,1.0,3,9.0,7.5,89.0,9.101123595505618,1.0,0.0,0.0,2.0,23.333333333333332,10.9,40.13333333333333,0.0,0.0,9.625,7.814814814814815,89.625,1.125,0.0,27.625,10.3375,4.0,0.5,1.0,6,11.8,413637,28137,4.260000228881836,0.8100000023841858,7.139999866485596,0.09000000357627869,0.33000001311302185,0.2199999988079071,0.12999999523162842,3.8,0.992,4.24,-0.1,2.74,Aston Villa,2,0,4.6,Liverpool,14,1,3.8,Hull City,11,0,3.02,Nott'm Forest,18,1,4.32,Brighton,5,0,3.7,0,0,5,False,False,3.43,0.158,🔴 Tough,0.0,4.26,0.0,5.44,0.877,9.43
95,Dango Ouattara,Midfielder,Brentford,6.3,4,a,100,False,False,0,212,1.0,3,1.0,1.5,34.666666666666664,2.5961538461538463,0.0,0.0,0.0,0.0,2.6666666666666665,9.5,8.066666666666666,0.0,0.0,1.25,1.5925925925925928,38.125,0.0,0.0,5.125,9.4625,4.0,0.5,-1.0,6,0.5,870,3852,1.7100000381469727,0.07999999821186066,4.099999904632568,0.07000000029802322,0.03999999910593033,0.14000000059604645,0.09000000357627869,1.53,0.513,1.13,-0.1,2.74,Aston Villa,2,0,4.6,Liverpool,14,1,3.8,Hull City,11,0,3.02,Nott'm Forest,18,1,4.32,Brighton,5,0,3.7,0,0,5,False,False,3.43,0.158,🔴 Tough,0.0,1.71,0.0,1.45,0.23,2.86
96,Mikkel Damsgaard,Midfielder,Brentford,5.4,4,d,75,False,False,0,212,1.0,3,4.0,3.25,61.0,5.901639344262295,0.0,0.3333333333333333,0.3333333333333333,1.0,12.333333333333334,22.900000000000002,8.866666666666667,0.0,0.0,3.0,2.851851851851852,46.5,0.0,0.25,7.625,18.3625,4.0,0.5,-1.0,6,0.4,1794,2265,1.9199999570846558,0.23000000417232513,5.25,0.05000000074505806,0.09000000357627869,0.12999999523162842,0.09000000357627869,2.71,0.762,1.2,-0.1,2.74,Aston Villa,2,0,4.6,Liverpool,14,1,3.8,Hull City,11,0,3.02,Nott'm Forest,18,1,4.32,Brighton,5,0,3.7,0,0,5,False,False,3.43,0.158,🔴 Tough,0.0,1.92,0.0,1.54,0.285,3.15
97,Mathias Jensen,Midfielder,Brentford,5.4,4,i,0,False,False,0,212,1.0,3,0.0,1.5,0.0,0.0,0.0,0.0,0.0,0.0,0.0,0.0,0.0,0.0,0.0,0.75,1.7777777777777781,8.25,0.0,0.125,1.625,5.775,1.0,0.5,0.0,6,0.1,21,681,1.2100000381469727,0.0,1.0499999523162842,0.03999999910593033,0.019999999552965164,0.05000000074505806,0.09000000357627869,0.38,0.0,0.0,-0.1,2.74,Aston Villa,2,0,4.6,Liverpool,14,1,3.8,Hull City,11,0,3.02,Nott'm Forest,18,1,4.32,Brighton,5,0,3.7,0,0,5,False,False,3.43,0.158,🔴 Tough,0.0,1.21,0.0,1.55,0.287,0.16
98,Vitaly Janelt,Midfielder,Brentford,5.0,4,a,100,False,False,0,212,1.0,3,5.333333333333333,6.25,90.0,5.333333333333333,0.3333333333333333,0.0,0.0,1.0,7.0,17.633333333333333,30.933333333333334,0.0,0.6666666666666666,6.0,6.5925925925925934,90.0,0.375,0.0,7.75,17.25,4.0,0.5,0.0,6,2.5,20731,18884,4.079999923706055,1.100000023841858,9.170000076293945,0.05999999865889549,0.10000000149011612,0.14000000059604645,0.09000000357627869,2.81,1.0,4.08,-0.1,2.74,Aston Villa,2,0,4.6,Liverpool,14,1,3.8,Hull City,11,0,3.02,Nott'm Forest,18,1,4.32,Brighton,5,0,3.7,0,0,5,False,False,3.43,0.158,🔴 Tough,0.0,4.08,0.0,5.24,1.048,9.37
99,Antoni Milambo,Midfielder,Brentford,5.0,4,i,0,False,False,0,212,1.0,3,0.0,0.0,0.0,0.0,0.0,0.0,0.0,0.0,0.0,0.0,0.0,0.0,0.0,0.0,0.0,0.0,0.0,0.0,0.0,0.0,0.0,0.5,0.0,6,0.0,7,7,0.41999998688697815,0.0,0.7300000190734863,0.03999999910593033,0.019999999552965164,0.03999999910593033,0.07999999821186066,0.33,0.0,0.0,-0.1,2.74,Aston Villa,2,0,4.6,Liverpool,14,1,3.8,Hull City,11,0,3.02,Nott'm Forest,18,1,4.32,Brighton,5,0,3.7,0,0,5,False,False,3.43,0.158,🔴 Tough,0.0,0.42,0.0,0.54,0.108,0.11
100,Fábio Freitas Gouveia Carvalho,Midfielder,Brentford,5.0,4,a,100,False,False,0,212,1.0,3,0.0,0.0,0.0,0.0,0.0,0.0,0.0,0.0,0.0,0.0,0.0,0.0,0.0,0.0,0.0,0.0,0.0,0.0,0.0,0.0,0.0,0.5,0.0,6,0.0,622,181,0.41999998688697815,0.0,0.7300000190734863,0.03999999910593033,0.019999999552965164,0.03999999910593033,0.07999999821186066,0.33,0.0,0.13,-0.1,2.74,Aston Villa,2,0,4.6,Liverpool,14,1,3.8,Hull City,11,0,3.02,Nott'm Forest,18,1,4.32,Brighton,5,0,3.7,0,0,5,False,False,3.43,0.158,🔴 Tough,0.0,0.42,0.0,0.17,0.034,0.37
102,Yehor Yarmoliuk,Midfielder,Brentford,4.8,4,a,100,False,False,0,212,1.0,3,1.6666666666666667,1.5,41.666666666666664,3.6,0.0,0.3333333333333333,0.0,0.0,3.3333333333333335,12.9,9.133333333333333,0.0,0.3333333333333333,2.25,1.7777777777777777,46.25,0.0,0.5,3.375,13.912500000000001,4.0,0.5,-1.0,6,0.6,1422,3470,1.5099999904632568,0.3499999940395355,2.9800000190734863,0.03999999910593033,0.27000001072883606,0.10999999940395355,0.07999999821186066,2.12,0.583,1.07,-0.1,2.74,Aston Villa,2,0,4.6,Liverpool,14,1,3.8,Hull City,11,0,3.02,Nott'm Forest,18,1,4.32,Brighton,5,0,3.7,0,0,5,False,False,3.43,0.158,🔴 Tough,0.0,1.51,0.0,1.37,0.285,2.53
103,Josh Dasilva,Midfielder,Brentford,4.9,4,i,0,False,False,0,212,1.0,3,0.0,0.0,0.0,0.0,0.0,0.0,0.0,0.0,0.0,0.0,0.0,0.0,0.0,0.0,0.0,0.0,0.0,0.0,0.0,0.0,0.0,0.5,0.0,6,0.0,10,108,0.3799999952316284,0.0,0.6399999856948853,0.03999999910593033,0.019999999552965164,0.029999999329447746,0.07999999821186066,0.33,0.0,0.0,-0.1,2.74,Aston Villa,2,0,4.6,Liverpool,14,1,3.8,Hull City,11,0,3.02,Nott'm Forest,18,1,4.32,Brighton,5,0,3.7,0,0,5,False,False,3.43,0.158,🔴 Tough,0.0,0.38,0.0,0.49,0.1,0.1
105,Jaidon Anthony,Midfielder,Brentford,5.9,4,a,100,False,False,0,212,1.0,3,1.3333333333333333,1.25,54.666666666666664,2.1951219512195124,0.0,0.0,0.3333333333333333,0.0,6.666666666666667,14.466666666666667,5.933333333333333,0.0,0.3333333333333333,1.125,1.1481481481481484,51.125,0.0,0.0,3.75,15.8,4.0,0.5,-1.0,6,0.1,2472,655,2.3499999046325684,0.23000000417232513,4.239999771118164,0.05000000074505806,0.05999999865889549,0.20999999344348907,0.10000000149011612,1.53,0.705,1.87,-0.1,2.74,Aston Villa,2,0,4.6,Liverpool,14,1,3.8,Hull City,11,0,3.02,Nott'm Forest,18,1,4.32,Brighton,5,0,3.7,0,0,5,False,False,3.43,0.158,🔴 Tough,0.0,2.35,0.0,2.4,0.407,4.34
106,Igor Thiago Nascimento Rodrigues,Forward,Brentford,7.8,4,a,100,False,False,0,212,1.0,3,1.6666666666666667,1.25,90.0,1.666666666666667,0.0,0.0,0.0,0.0,36.0,7.866666666666667,6.133333333333334,0.0,0.3333333333333333,1.25,1.0740740740740742,89.0,0.0,0.0,23.625,9.625,4.0,0.5,-1.0,6,9.1,63217,40556,3.430000066757202,0.05000000074505806,8.100000381469727,0.38999998569488525,0.05999999865889549,0.05999999865889549,0.33000001311302185,4.06,1.0,3.43,-0.1,2.74,Aston Villa,2,0,4.6,Liverpool,14,1,3.8,Hull City,11,0,3.02,Nott'm Forest,18,1,4.32,Brighton,5,0,3.7,0,0,5,False,False,3.43,0.158,🔴 Tough,0.0,3.43,0.0,4.4,0.564,8.07
107,Kaye Furo,Forward,Brentford,4.5,4,i,0,False,False,0,212,1.0,3,0.0,0.0,0.0,0.0,0.0,0.0,0.0,0.0,0.0,0.0,0.0,0.0,0.0,0.0,0.0,0.0,0.0,0.0,0.0,0.0,0.0,0.5,0.0,6,0.9,655,9910,0.47999998927116394,0.0,0.5600000023841858,0.05000000074505806,0.05999999865889549,0.019999999552965164,0.10000000149011612,0.49,0.0,0.0,-0.1,2.74,Aston Villa,2,0,4.6,Liverpool,14,1,3.8,Hull City,11,0,3.02,Nott'm Forest,18,1,4.32,Brighton,5,0,3.7,0,0,5,False,False,3.43,0.158,🔴 Tough,0.0,0.48,0.0,0.62,0.138,0.08
108,Callum Wilson,Forward,Brentford,5.4,4,a,100,False,False,0,212,1.0,3,0.6666666666666666,0.75,2.0,30.0,0.0,0.0,0.0,0.0,2.3333333333333335,0.03333333333333333,0.3333333333333333,0.0,0.0,0.5,0.6666666666666667,2.125,0.0,0.0,1.5,1.3,3.0,0.5,0.0,6,0.3,1297,2562,0.6399999856948853,0.05000000074505806,3.240000009536743,0.11999999731779099,0.05999999865889549,0.07999999821186066,0.18000000715255737,1.87,0.07,0.22,-0.1,2.74,Aston Villa,2,0,4.6,Liverpool,14,1,3.8,Hull City,11,0,3.02,Nott'm Forest,18,1,4.32,Brighton,5,0,3.7,0,0,5,False,False,3.43,0.158,🔴 Tough,0.0,0.64,0.0,0.28,0.052,0.92
565,Mamadou Sangaré,Midfielder,Brentford,5.6,4,a,100,False,False,0,212,1.0,3,2.6666666666666665,5.5,75.0,3.2,0.0,0.0,0.0,0.0,6.333333333333333,12.0,14.199999999999998,0.0,0.3333333333333333,4.25,6.074074074074075,76.875,0.0,0.25,6.0,10.912500000000001,4.0,0.5,0.0,6,9.9,8820,143506,2.3499999046325684,0.46000000834465027,6.010000228881836,0.05000000074505806,0.03999999910593033,0.17000000178813934,0.10000000149011612,2.61,0.88,2.15,-0.1,2.74,Aston Villa,2,0,4.6,Liverpool,14,1,3.8,Hull City,11,0,3.02,Nott'm Forest,18,1,4.32,Brighton,5,0,3.7,0,0,5,False,False,3.43,0.158,🔴 Tough,0.0,2.35,0.0,2.76,0.493,5.13
620,El Hadji Malick Diouf,Defender,Brentford,4.5,4,a,100,False,False,0,212,1.0,3,0.3333333333333333,0.3333333333333333,10.0,3.0,0.0,0.0,0.0,0.0,0.0,0.3333333333333333,1.1333333333333333,0.0,0.0,0.5,0.3333333333333333,15.0,0.0,0.0,0.0,0.5,1.0,0.3333333333333333,0.0,6,0.1,498,710,0.800000011920929,0.0,3.5,0.019999999552965164,0.019999999552965164,0.10999999940395355,0.03999999910593033,1.22,0.215,0.36,-0.1,2.74,Aston Villa,2,0,4.6,Liverpool,14,1,3.8,Hull City,11,0,3.02,Nott'm Forest,18,1,4.32,Brighton,5,0,3.7,0,0,5,False,False,3.43,0.158,🔴 Tough,0.0,0.8,0.0,0.52,0.116,1.25
657,Gustavo Nunes Fernandes Gomes,Midfielder,Brentford,4.5,4,a,100,False,False,0,212,1.0,3,0.0,0.0,0.0,0.0,0.0,0.0,0.0,0.0,0.0,0.0,0.0,0.0,0.0,0.0,0.0,0.0,0.0,0.0,0.0,0.0,0.0,0.5,0.0,6,0.0,366,282,0.3799999952316284,0.0,0.44999998807907104,0.03999999910593033,0.019999999552965164,0.029999999329447746,0.07999999821186066,0.33,0.0,0.11,-0.1,2.74,Aston Villa,2,0,4.6,Liverpool,14,1,3.8,Hull City,11,0,3.02,Nott'm Forest,18,1,4.32,Brighton,5,0,3.7,0,0,5,False,False,3.43,0.158,🔴 Tough,0.0,0.38,0.0,0.14,0.031,0.29
660,Benjamin Fredrick,Defender,Brentford,4.0,4,a,100,False,False,0,212,1.0,3,,,,0.0,,,,,,,,,,,,,,,,,,,0.0,6,0.0,547,72,0.5899999737739563,0.0,1.3899999856948853,0.019999999552965164,0.019999999552965164,0.09000000357627869,0.029999999329447746,0.22,,,-0.1,2.74,Aston Villa,2,0,4.6,Liverpool,14,1,3.8,Hull City,11,0,3.02,Nott'm Forest,18,1,4.32,Brighton,5,0,3.7,0,0,5,False,False,3.43,0.158,🔴 Tough,0.0,0.59,0.0,0.85,0.212,
661,Ellery Balcombe,Goalkeeper,Brentford,4.0,4,a,100,False,False,0,212,1.0,3,,,,0.0,,,,,,,,,,,,,,,,,,,0.0,6,0.0,3022,587,0.1599999964237213,0.0,1.100000023841858,0.0,0.0,0.05000000074505806,0.05000000074505806,0.05,,,-0.1,2.74,Aston Villa,2,0,4.6,Liverpool,14,1,3.8,Hull City,11,0,3.02,Nott'm Forest,18,1,4.32,Brighton,5,0,3.7,0,0,5,False,False,3.43,0.158,🔴 Tough,0.0,0.16,0.0,0.22,0.055,
109,Bart Verbruggen,Goalkeeper,Brighton,4.5,5,a,100,False,False,0,796,1.0,3,3.6666666666666665,4.25,90.0,3.6666666666666665,0.0,0.0,0.3333333333333333,0.0,0.0,1.0,29.066666666666663,3.3333333333333335,0.0,5.5,5.111111111111112,90.0,0.0,0.0,0.0,0.75,4.0,0.5,0.0,6,21.6,77040,76341,2.2899999618530273,0.0,3.9800000190734863,0.0,0.0,0.07999999821186066,0.27000001072883606,2.57,1.0,2.29,-0.1,3.22,Sunderland,20,0,3.03,Crystal Palace,8,1,4.23,Liverpool,14,0,3.69,Man City,15,0,2.74,Brentford,4,1,3.38,0,0,5,False,False,3.32,-0.03,🔴 Tough,0.0,2.29,0.0,3.22,0.716,5.18
111,Jason Steele,Goalkeeper,Brighton,4.0,5,a,100,False,False,0,796,1.0,3,0.0,0.0,0.0,0.0,0.0,0.0,0.0,0.0,0.0,0.0,0.0,0.0,0.0,0.0,0.0,0.0,0.0,0.0,0.0,0.0,0.0,0.5,0.0,6,4.1,7512,15585,0.12999999523162842,0.0,0.05999999865889549,0.0,0.0,0.029999999329447746,0.05000000074505806,0.05,0.0,0.04,-0.1,3.22,Sunderland,20,0,3.03,Crystal Palace,8,1,4.23,Liverpool,14,0,3.69,Man City,15,0,2.74,Brentford,4,1,3.38,0,0,5,False,False,3.32,-0.03,🔴 Tough,0.0,0.13,0.0,0.06,0.015,0.09
113,Ferdi Kadıoğlu,Defender,Brighton,4.4,5,a,100,False,False,0,796,1.0,3,2.6666666666666665,2.0,85.66666666666667,2.801556420233463,0.0,0.0,0.3333333333333333,0.0,9.0,14.866666666666667,7.266666666666667,0.0,0.0,3.5,2.4444444444444446,75.5,0.0,0.0,5.75,12.912500000000001,3.0,0.5,0.0,6,1.6,4271,7352,1.8899999856948853,0.05000000074505806,5.889999866485596,0.029999999329447746,0.019999999552965164,0.11999999731779099,0.10999999940395355,2.81,0.966,1.85,-0.1,3.22,Sunderland,20,0,3.03,Crystal Palace,8,1,4.23,Liverpool,14,0,3.69,Man City,15,0,2.74,Brentford,4,1,3.38,0,0,5,False,False,3.32,-0.03,🔴 Tough,0.0,1.89,0.0,2.76,0.627,4.58
114,Olivier Boscagli,Defender,Brighton,4.5,5,a,100,False,False,0,796,1.0,3,2.3333333333333335,3.25,85.66666666666667,2.4513618677042803,0.0,0.0,0.3333333333333333,0.0,4.333333333333333,34.4,16.333333333333336,0.0,0.3333333333333333,4.125,4.074074074074074,83.5,0.0,0.0,3.125,26.9625,4.0,0.5,0.0,6,0.3,2209,849,2.2100000381469727,0.05000000074505806,6.849999904632568,0.029999999329447746,0.019999999552965164,0.10000000149011612,0.3199999928474426,2.95,0.966,2.16,-0.1,3.22,Sunderland,20,0,3.03,Crystal Palace,8,1,4.23,Liverpool,14,0,3.69,Man City,15,0,2.74,Brentford,4,1,3.38,0,0,5,False,False,3.32,-0.03,🔴 Tough,0.0,2.21,0.0,3.22,0.716,5.34
115,Maxim De Cuyper,Defender,Brighton,5.0,5,a,100,False,False,0,796,1.0,3,5.0,8.0,85.33333333333333,5.2734375,0.0,0.6666666666666666,0.3333333333333333,0.6666666666666666,3.3333333333333335,30.900000000000002,17.733333333333334,0.0,0.3333333333333333,8.625,9.592592592592595,84.875,0.125,0.875,8.0,37.6,4.0,0.5,1.0,6,27.9,313617,23796,2.440000057220459,0.05000000074505806,6.829999923706055,0.029999999329447746,0.11999999731779099,0.10000000149011612,0.41999998688697815,3.36,0.963,2.38,-0.1,3.22,Sunderland,20,0,3.03,Crystal Palace,8,1,4.23,Liverpool,14,0,3.69,Man City,15,0,2.74,Brentford,4,1,3.38,0,0,5,False,False,3.32,-0.03,🔴 Tough,0.0,2.44,0.0,3.54,0.708,5.78
116,Lewis Dunk,Defender,Brighton,4.5,5,d,75,False,False,0,796,1.0,3,5.333333333333333,5.5,90.0,5.333333333333333,0.3333333333333333,0.0,0.3333333333333333,0.3333333333333333,3.6666666666666665,2.733333333333333,34.26666666666667,0.0,0.3333333333333333,7.875,6.7407407407407405,90.0,0.5,0.0,4.5,3.675,4.0,0.5,0.0,6,1.5,7686,10710,2.5899999141693115,0.05000000074505806,6.5,0.029999999329447746,0.1899999976158142,0.10000000149011612,0.12999999523162842,3.28,1.0,1.94,-0.1,3.22,Sunderland,20,0,3.03,Crystal Palace,8,1,4.23,Liverpool,14,0,3.69,Man City,15,0,2.74,Brentford,4,1,3.38,0,0,5,False,False,3.32,-0.03,🔴 Tough,0.0,2.59,0.0,2.89,0.642,4.85
117,Diego Coppola,Defender,Brighton,4.5,5,a,100,False,False,0,796,1.0,3,0.0,0.0,0.0,0.0,0.0,0.0,0.0,0.0,0.0,0.0,0.0,0.0,0.0,0.0,0.0,0.0,0.0,0.0,0.0,0.0,0.0,0.5,0.0,6,0.0,113,102,0.6299999952316284,0.0,2.1700000762939453,0.019999999552965164,0.019999999552965164,0.10000000149011612,0.03999999910593033,0.22,0.0,0.19,-0.1,3.22,Sunderland,20,0,3.03,Crystal Palace,8,1,4.23,Liverpool,14,0,3.69,Man City,15,0,2.74,Brentford,4,1,3.38,0,0,5,False,False,3.32,-0.03,🔴 Tough,0.0,0.63,0.0,0.28,0.062,0.71
118,Igor Julio dos Santos de Paulo,Defender,Brighton,4.5,5,u,0,False,False,0,796,1.0,3,0.0,0.0,0.0,0.0,0.0,0.0,0.0,0.0,0.0,0.0,0.0,0.0,0.0,0.0,0.0,0.0,0.0,0.0,0.0,0.0,0.0,0.5,0.0,6,0.0,0,308,0.6299999952316284,0.0,2.1700000762939453,0.019999999552965164,0.019999999552965164,0.10000000149011612,0.03999999910593033,0.22,0.0,0.0,-0.1,3.22,Sunderland,20,0,3.03,Crystal Palace,8,1,4.23,Liverpool,14,0,3.69,Man City,15,0,2.74,Brentford,4,1,3.38,0,0,5,False,False,3.32,-0.03,🔴 Tough,0.0,0.63,0.0,0.94,0.209,0.33
119,João Pedro Loureiro da Costa,Defender,Brighton,4.5,5,a,100,False,False,0,796,1.0,3,0.6666666666666666,0.75,9.333333333333334,6.428571428571428,0.0,0.0,0.0,0.0,0.0,5.033333333333333,2.3333333333333335,0.0,0.3333333333333333,0.875,0.8518518518518521,10.5,0.0,0.0,2.25,4.05,4.0,0.5,0.0,6,0.0,178,141,1.100000023841858,0.0,3.390000104904175,0.029999999329447746,0.019999999552965164,0.10999999940395355,0.03999999910593033,1.25,0.205,0.49,-0.1,3.22,Sunderland,20,0,3.03,Crystal Palace,8,1,4.23,Liverpool,14,0,3.69,Man City,15,0,2.74,Brentford,4,1,3.38,0,0,5,False,False,3.32,-0.03,🔴 Tough,0.0,1.1,0.0,0.73,0.162,1.49
120,Michael Svoboda,Defender,Brighton,5.0,5,a,100,False,False,0,796,1.0,3,0.0,0.0,0.0,0.0,0.0,0.0,0.0,0.0,0.0,0.0,0.0,0.0,0.0,0.0,0.0,0.0,0.0,0.0,0.0,0.0,0.0,0.5,0.0,6,0.1,1355,480,0.6299999952316284,0.0,2.0799999237060547,0.019999999552965164,0.019999999552965164,0.10000000149011612,0.05999999865889549,0.25,0.0,0.19,-0.1,3.22,Sunderland,20,0,3.03,Crystal Palace,8,1,4.23,Liverpool,14,0,3.69,Man City,15,0,2.74,Brentford,4,1,3.38,0,0,5,False,False,3.32,-0.03,🔴 Tough,0.0,0.63,0.0,0.28,0.056,0.69
121,Mitoma Kaoru,Midfielder,Brighton,5.9,5,i,0,False,False,0,796,1.0,3,0.0,0.0,0.0,0.0,0.0,0.0,0.0,0.0,0.0,0.0,0.0,0.0,0.0,0.0,0.0,0.0,0.0,0.0,0.0,0.0,0.0,0.5,0.0,6,0.0,139,186,0.6100000143051147,0.0,1.5099999904632568,0.05000000074505806,0.019999999552965164,0.029999999329447746,0.09000000357627869,0.4,0.0,0.0,-0.1,3.22,Sunderland,20,0,3.03,Crystal Palace,8,1,4.23,Liverpool,14,0,3.69,Man City,15,0,2.74,Brentford,4,1,3.38,0,0,5,False,False,3.32,-0.03,🔴 Tough,0.0,0.61,0.0,0.81,0.137,0.23
122,Yankuba Minteh,Midfielder,Brighton,5.8,5,i,0,False,False,0,796,1.0,3,0.0,0.0,0.0,0.0,0.0,0.0,0.0,0.0,0.0,0.0,0.0,0.0,0.0,0.0,0.0,0.0,0.0,0.0,0.0,0.0,0.0,0.5,0.0,6,0.0,48,241,0.6100000143051147,0.0,1.5099999904632568,0.05000000074505806,0.019999999552965164,0.03999999910593033,0.09000000357627869,0.4,0.0,0.0,-0.1,3.22,Sunderland,20,0,3.03,Crystal Palace,8,1,4.23,Liverpool,14,0,3.69,Man City,15,0,2.74,Brentford,4,1,3.38,0,0,5,False,False,3.32,-0.03,🔴 Tough,0.0,0.61,0.0,0.81,0.14,0.23
123,Jack Hinshelwood,Midfielder,Brighton,5.9,5,i,0,False,False,0,796,1.0,3,0.0,4.0,0.0,0.0,0.0,0.0,0.0,0.0,0.0,0.0,0.0,0.0,0.0,2.0,4.740740740740742,7.875,0.25,0.0,7.375,1.675,1.0,0.5,-1.0,6,0.6,290,7116,0.7300000190734863,0.0,1.7599999904632568,0.05000000074505806,0.029999999329447746,0.029999999329447746,0.09000000357627869,0.43,0.0,0.0,-0.1,3.22,Sunderland,20,0,3.03,Crystal Palace,8,1,4.23,Liverpool,14,0,3.69,Man City,15,0,2.74,Brentford,4,1,3.38,0,0,5,False,False,3.32,-0.03,🔴 Tough,0.0,0.73,0.0,0.97,0.164,0.26
124,Pascal Groß,Midfielder,Brighton,5.9,5,a,100,False,False,0,796,1.0,3,10.333333333333334,8.25,90.0,10.333333333333334,0.6666666666666666,1.0,0.3333333333333333,2.0,20.0,42.93333333333333,43.86666666666667,0.0,0.3333333333333333,10.625,8.407407407407407,90.0,0.625,1.125,17.625,54.9375,4.0,0.5,1.0,6,29.3,824794,13492,4.230000019073486,0.699999988079071,9.460000038146973,0.1599999964237213,0.3199999928474426,0.1599999964237213,0.10000000149011612,4.01,1.0,4.23,-0.1,3.22,Sunderland,20,0,3.03,Crystal Palace,8,1,4.23,Liverpool,14,0,3.69,Man City,15,0,2.74,Brentford,4,1,3.38,0,0,5,False,False,3.32,-0.03,🔴 Tough,0.0,4.23,0.0,5.61,0.951,9.77
125,Georginio Rutter,Forward,Brighton,5.3,5,a,100,False,False,0,796,1.0,3,0.0,1.25,0.0,0.0,0.0,0.0,0.0,0.0,0.0,0.0,0.0,0.0,0.0,0.625,1.481481481481482,11.25,0.0,0.125,1.875,1.425,1.0,0.5,0.0,6,0.5,2824,4033,0.7300000190734863,0.0,1.399999976158142,0.05000000074505806,0.05999999865889549,0.029999999329447746,0.10999999940395355,0.51,0.0,0.22,-0.1,3.22,Sunderland,20,0,3.03,Crystal Palace,8,1,4.23,Liverpool,14,0,3.69,Man City,15,0,2.74,Brentford,4,1,3.38,0,0,5,False,False,3.32,-0.03,🔴 Tough,0.0,0.73,0.0,0.29,0.055,0.65
126,Matt O'Riley,Midfielder,Brighton,5.4,5,a,100,False,False,0,796,1.0,3,0.3333333333333333,0.25,2.0,15.0,0.0,0.0,0.0,0.0,0.0,3.5,0.7333333333333334,0.0,0.0,0.5,0.3333333333333333,3.0,0.0,0.0,0.0,5.25,1.0,0.5,-1.0,6,0.1,449,587,1.190000057220459,0.029999999329447746,1.75,0.03999999910593033,0.019999999552965164,0.03999999910593033,0.09000000357627869,1.38,0.07,0.41,-0.1,3.22,Sunderland,20,0,3.03,Crystal Palace,8,1,4.23,Liverpool,14,0,3.69,Man City,15,0,2.74,Brentford,4,1,3.38,0,0,5,False,False,3.32,-0.03,🔴 Tough,0.0,1.19,0.0,0.54,0.1,1.08
127,Diego Gómez Amarilla,Midfielder,Brighton,5.0,5,a,100,False,False,0,796,1.0,3,3.3333333333333335,4.0,87.66666666666667,3.4220532319391634,0.0,0.3333333333333333,0.3333333333333333,0.0,27.0,18.566666666666666,7.3999999999999995,0.0,0.0,3.375,3.9629629629629632,85.875,0.0,0.25,22.375,16.775,4.0,0.5,0.0,6,3.9,12788,40309,3.009999990463257,1.159999966621399,6.889999866485596,0.10999999940395355,0.30000001192092896,0.18000000715255737,0.10000000149011612,3.72,0.982,2.97,-0.1,3.22,Sunderland,20,0,3.03,Crystal Palace,8,1,4.23,Liverpool,14,0,3.69,Man City,15,0,2.74,Brentford,4,1,3.38,0,0,5,False,False,3.32,-0.03,🔴 Tough,0.0,3.01,0.0,3.94,0.788,6.8
128,Facundo Buonanotte,Midfielder,Brighton,5.0,5,u,0,False,False,0,796,1.0,3,0.0,0.0,0.0,0.0,0.0,0.0,0.0,0.0,0.0,0.0,0.0,0.0,0.0,0.0,0.0,0.0,0.0,0.0,0.0,0.0,0.0,0.5,0.0,6,0.0,0,7,0.4300000071525574,0.0,0.7599999904632568,0.03999999910593033,0.019999999552965164,0.03999999910593033,0.07999999821186066,0.33,0.0,0.0,-0.1,3.22,Sunderland,20,0,3.03,Crystal Palace,8,1,4.23,Liverpool,14,0,3.69,Man City,15,0,2.74,Brentford,4,1,3.38,0,0,5,False,False,3.32,-0.03,🔴 Tough,0.0,0.43,0.0,0.57,0.114,0.11
129,Yasin Ayari,Midfielder,Brighton,5.4,5,a,100,False,False,0,796,1.0,3,3.3333333333333335,3.0,60.0,5.0,0.3333333333333333,0.0,0.3333333333333333,0.0,15.0,7.2,16.8,0.0,0.0,4.75,3.703703703703704,75.375,0.5,0.0,18.75,8.975,3.0,0.5,0.0,6,0.4,2489,2120,2.380000114440918,0.3700000047683716,6.880000114440918,0.07000000029802322,0.03999999910593033,0.14000000059604645,0.09000000357627869,2.7,0.753,1.97,-0.1,3.22,Sunderland,20,0,3.03,Crystal Palace,8,1,4.23,Liverpool,14,0,3.69,Man City,15,0,2.74,Brentford,4,1,3.38,0,0,5,False,False,3.32,-0.03,🔴 Tough,0.0,2.38,0.0,2.61,0.483,4.92
130,Mats Wieffer,Defender,Brighton,4.9,5,i,0,False,False,0,796,1.0,3,0.0,1.75,26.333333333333332,0.0,0.0,0.0,0.0,0.0,1.3333333333333333,3.0666666666666664,6.8,0.0,0.0,0.875,2.074074074074075,19.5,0.0,0.0,1.25,4.4375,2.0,0.5,-1.0,6,0.2,35,2085,0.9700000286102295,0.0,4.519999980926514,0.019999999552965164,0.019999999552965164,0.10999999940395355,0.05999999865889549,1.25,0.423,0.0,-0.1,3.22,Sunderland,20,0,3.03,Crystal Palace,8,1,4.23,Liverpool,14,0,3.69,Man City,15,0,2.74,Brentford,4,1,3.38,0,0,5,False,False,3.32,-0.03,🔴 Tough,0.0,0.97,0.0,1.44,0.294,0.68
132,Harry Howell,Midfielder,Brighton,4.5,5,u,0,False,False,0,796,1.0,3,0.0,0.0,0.0,0.0,0.0,0.0,0.0,0.0,0.0,0.0,0.0,0.0,0.0,0.0,0.0,0.0,0.0,0.0,0.0,0.0,0.0,0.5,0.0,6,0.0,0,220,0.38999998569488525,0.0,0.6100000143051147,0.03999999910593033,0.019999999552965164,0.029999999329447746,0.07999999821186066,0.33,0.0,0.0,-0.1,3.22,Sunderland,20,0,3.03,Crystal Palace,8,1,4.23,Liverpool,14,0,3.69,Man City,15,0,2.74,Brentford,4,1,3.38,0,0,5,False,False,3.32,-0.03,🔴 Tough,0.0,0.39,0.0,0.52,0.116,0.09
133,Tom Watson,Midfielder,Brighton,5.0,5,u,0,False,False,0,796,1.0,3,0.0,0.0,0.0,0.0,0.0,0.0,0.0,0.0,0.0,0.0,0.0,0.0,0.0,0.0,0.0,0.0,0.0,0.0,0.0,0.0,0.0,0.5,0.0,6,0.0,0,5,0.4300000071525574,0.0,0.7599999904632568,0.03999999910593033,0.019999999552965164,0.03999999910593033,0.07999999821186066,0.33,0.0,0.0,-0.1,3.22,Sunderland,20,0,3.03,Crystal Palace,8,1,4.23,Liverpool,14,0,3.69,Man City,15,0,2.74,Brentford,4,1,3.38,0,0,5,False,False,3.32,-0.03,🔴 Tough,0.0,0.43,0.0,0.57,0.114,0.11
134,Nehemiah Oriola,Midfielder,Brighton,4.5,5,a,100,False,False,0,796,1.0,3,0.0,0.0,0.0,0.0,0.0,0.0,0.0,0.0,0.0,0.0,0.0,0.0,0.0,0.0,0.0,0.0,0.0,0.0,0.0,0.0,0.0,0.5,0.0,6,0.2,369,1388,0.38999998569488525,0.0,0.6100000143051147,0.03999999910593033,0.019999999552965164,0.029999999329447746,0.07999999821186066,0.33,0.0,0.12,-0.1,3.22,Sunderland,20,0,3.03,Crystal Palace,8,1,4.23,Liverpool,14,0,3.69,Man City,15,0,2.74,Brentford,4,1,3.38,0,0,5,False,False,3.32,-0.03,🔴 Tough,0.0,0.39,0.0,0.16,0.036,0.33
135,Zadok Yohanna,Midfielder,Brighton,4.8,5,i,0,False,False,0,796,1.0,3,0.0,0.25,0.0,0.0,0.0,0.0,0.0,0.0,0.0,0.0,0.0,0.0,0.0,0.125,0.2962962962962964,1.5,0.0,0.0,0.0,0.1625,1.0,0.5,0.0,6,0.0,26,405,0.38999998569488525,0.0,0.8100000023841858,0.03999999910593033,0.019999999552965164,0.029999999329447746,0.07999999821186066,0.33,0.0,0.0,-0.1,3.22,Sunderland,20,0,3.03,Crystal Palace,8,1,4.23,Liverpool,14,0,3.69,Man City,15,0,2.74,Brentford,4,1,3.38,0,0,5,False,False,3.32,-0.03,🔴 Tough,0.0,0.39,0.0,0.52,0.108,0.12
137,Stefanos Tzimas,Forward,Brighton,5.4,5,i,0,False,False,0,796,1.0,3,0.0,0.0,0.0,0.0,0.0,0.0,0.0,0.0,0.0,0.0,0.0,0.0,0.0,0.0,0.0,0.0,0.0,0.0,0.0,0.0,0.0,0.5,-1.0,6,0.0,39,56,0.6499999761581421,0.05000000074505806,1.399999976158142,0.05000000074505806,0.05999999865889549,0.019999999552965164,0.10999999940395355,0.52,0.0,0.0,-0.1,3.22,Sunderland,20,0,3.03,Crystal Palace,8,1,4.23,Liverpool,14,0,3.69,Man City,15,0,2.74,Brentford,4,1,3.38,0,0,5,False,False,3.32,-0.03,🔴 Tough,0.0,0.65,0.0,0.86,0.159,0.2
138,Charalampos Kostoulas,Forward,Brighton,5.6,5,a,100,False,False,0,796,1.0,3,5.666666666666667,4.5,84.0,6.071428571428572,0.3333333333333333,0.6666666666666666,0.3333333333333333,0.3333333333333333,26.333333333333332,9.133333333333335,15.866666666666667,0.0,0.0,6.25,4.814814814814815,77.125,0.5,0.625,28.375,6.7625,4.0,0.5,0.0,6,4.4,331463,21279,3.609999895095825,0.05000000074505806,7.679999828338623,0.3499999940395355,0.10000000149011612,0.1899999976158142,0.5899999737739563,4.28,0.953,3.49,-0.1,3.22,Sunderland,20,0,3.03,Crystal Palace,8,1,4.23,Liverpool,14,0,3.69,Man City,15,0,2.74,Brentford,4,1,3.38,0,0,5,False,False,3.32,-0.03,🔴 Tough,0.0,3.61,0.0,4.63,0.827,8.12
139,Evan Ferguson,Forward,Brighton,5.0,5,i,0,False,False,0,796,1.0,3,0.0,0.0,0.0,0.0,0.0,0.0,0.0,0.0,0.0,0.0,0.0,0.0,0.0,0.0,0.0,0.0,0.0,0.0,0.0,0.0,0.0,0.5,0.0,6,0.0,146,270,0.49000000953674316,0.0,0.8299999833106995,0.05000000074505806,0.05999999865889549,0.019999999552965164,0.10999999940395355,0.51,0.0,0.0,-0.1,3.22,Sunderland,20,0,3.03,Crystal Palace,8,1,4.23,Liverpool,14,0,3.69,Man City,15,0,2.74,Brentford,4,1,3.38,0,0,5,False,False,3.32,-0.03,🔴 Tough,0.0,0.49,0.0,0.65,0.13,0.12
328,Pascal Struijk,Defender,Brighton,4.9,5,d,75,False,False,0,796,1.0,3,0.6666666666666666,0.5,4.333333333333333,13.846153846153847,0.0,0.0,0.0,0.0,0.0,0.3,3.7999999999999994,0.0,0.0,0.75,0.5555555555555556,6.25,0.0,0.0,0.0,0.42500000000000004,2.0,0.5,-1.0,6,0.2,646,959,1.100000023841858,0.0,3.569999933242798,0.019999999552965164,0.019999999552965164,0.10000000149011612,0.029999999329447746,1.22,0.12,0.32,-0.1,3.22,Sunderland,20,0,3.03,Crystal Palace,8,1,4.23,Liverpool,14,0,3.69,Man City,15,0,2.74,Brentford,4,1,3.38,0,0,5,False,False,3.32,-0.03,🔴 Tough,0.0,1.1,0.0,0.48,0.098,1.18
504,Luka Vušković,Defender,Brighton,5.0,5,a,100,False,False,0,796,1.0,3,6.0,6.0,85.66666666666667,6.303501945525292,0.3333333333333333,0.0,0.3333333333333333,0.6666666666666666,19.333333333333332,3.966666666666667,31.733333333333334,0.0,0.0,6.75,6.4444444444444455,83.5,0.25,0.0,18.625,2.95,4.0,0.5,0.0,6,3.7,61386,14602,2.549999952316284,0.05000000074505806,5.78000020980835,0.029999999329447746,0.25,0.10000000149011612,0.20000000298023224,3.51,0.966,2.49,-0.1,3.22,Sunderland,20,0,3.03,Crystal Palace,8,1,4.23,Liverpool,14,0,3.69,Man City,15,0,2.74,Brentford,4,1,3.38,0,0,5,False,False,3.32,-0.03,🔴 Tough,0.0,2.55,0.0,3.71,0.742,5.84
594,Promise David,Forward,Brighton,5.9,5,a,100,False,False,0,796,1.0,3,0.3333333333333333,0.25,7.666666666666667,3.9130434782608696,0.0,0.0,0.0,0.0,1.3333333333333333,1.2333333333333334,0.0,0.0,0.3333333333333333,0.125,0.14814814814814817,4.5,0.0,0.0,1.0,0.4625,2.0,0.5,0.0,6,0.2,3334,2298,1.8899999856948853,0.0,3.380000114440918,0.23999999463558197,0.05999999865889549,0.07999999821186066,0.20999999344348907,2.36,0.178,0.8,-0.1,3.22,Sunderland,20,0,3.03,Crystal Palace,8,1,4.23,Liverpool,14,0,3.69,Man City,15,0,2.74,Brentford,4,1,3.38,0,0,5,False,False,3.32,-0.03,🔴 Tough,0.0,1.89,0.0,1.06,0.18,2.11
600,Ibrahim Osman,Midfielder,Brighton,5.0,5,a,100,False,False,0,796,1.0,3,0.6666666666666666,0.75,9.333333333333334,6.428571428571428,0.0,0.0,0.0,0.0,5.0,0.8000000000000002,1.0,0.0,0.0,0.75,0.7777777777777779,9.5,0.0,0.0,7.25,2.6375,3.0,0.5,0.0,6,0.0,118,129,1.4500000476837158,0.0,2.25,0.05999999865889549,0.029999999329447746,0.03999999910593033,0.09000000357627869,1.46,0.205,0.64,-0.1,3.22,Sunderland,20,0,3.03,Crystal Palace,8,1,4.23,Liverpool,14,0,3.69,Man City,15,0,2.74,Brentford,4,1,3.38,0,0,5,False,False,3.32,-0.03,🔴 Tough,0.0,1.45,0.0,0.85,0.17,1.62
605,Malick Yalcouyé,Midfielder,Brighton,4.5,5,a,100,False,False,0,796,1.0,3,6.0,4.75,75.66666666666667,7.136563876651982,0.6666666666666666,0.0,0.3333333333333333,0.3333333333333333,35.0,19.099999999999998,35.46666666666667,0.0,0.0,5.625,4.592592592592593,64.125,0.625,0.0,31.75,15.35,4.0,0.5,0.0,6,4.0,27207,34485,2.859999895095825,0.46000000834465027,7.150000095367432,0.12999999523162842,0.05999999865889549,0.1599999964237213,0.07999999821186066,3.1,0.886,2.63,-0.1,3.22,Sunderland,20,0,3.03,Crystal Palace,8,1,4.23,Liverpool,14,0,3.69,Man City,15,0,2.74,Brentford,4,1,3.38,0,0,5,False,False,3.32,-0.03,🔴 Tough,0.0,2.86,0.0,3.49,0.776,6.26
614,Jaouen Hadjam,Defender,Brighton,4.5,5,a,100,False,False,0,796,1.0,3,0.0,0.0,0.0,0.0,0.0,0.0,0.0,0.0,0.0,0.0,0.0,0.0,0.0,0.0,0.0,0.0,0.0,0.0,0.0,0.0,0.0,0.3333333333333333,0.0,6,0.0,257,260,0.6299999952316284,0.0,2.1700000762939453,0.019999999552965164,0.019999999552965164,0.10000000149011612,0.03999999910593033,0.22,0.0,0.19,-0.1,3.22,Sunderland,20,0,3.03,Crystal Palace,8,1,4.23,Liverpool,14,0,3.69,Man City,15,0,2.74,Brentford,4,1,3.38,0,0,5,False,False,3.32,-0.03,🔴 Tough,0.0,0.63,0.0,0.28,0.062,0.71
624,Amario Cozier-Duberry,Midfielder,Brighton,5.0,5,u,0,False,False,0,796,1.0,3,0.0,0.0,0.0,0.0,0.0,0.0,0.0,0.0,0.0,0.0,0.0,0.0,0.0,0.0,0.0,0.0,0.0,0.0,0.0,0.0,0.0,0.3333333333333333,0.0,6,0.0,0,5,0.4300000071525574,0.0,0.7599999904632568,0.03999999910593033,0.019999999552965164,0.03999999910593033,0.07999999821186066,0.33,0.0,0.0,-0.1,3.22,Sunderland,20,0,3.03,Crystal Palace,8,1,4.23,Liverpool,14,0,3.69,Man City,15,0,2.74,Brentford,4,1,3.38,0,0,5,False,False,3.32,-0.03,🔴 Tough,0.0,0.43,0.0,0.57,0.114,0.11
639,José María Andrés Baixauli,Midfielder,Brighton,5.5,5,a,100,False,False,0,796,1.0,3,2.0,2.0,12.5,14.4,0.0,0.5,0.0,0.0,1.0,6.55,9.4,0.0,0.0,2.0,1.3333333333333333,12.5,0.0,0.5,1.0,6.55,1.0,0.5,0.0,6,0.0,2864,336,1.190000057220459,0.14000000059604645,2.549999952316284,0.05000000074505806,0.14000000059604645,0.05999999865889549,0.09000000357627869,1.75,0.251,0.57,-0.1,3.22,Sunderland,20,0,3.03,Crystal Palace,8,1,4.23,Liverpool,14,0,3.69,Man City,15,0,2.74,Brentford,4,1,3.38,0,0,5,False,False,3.32,-0.03,🔴 Tough,0.0,1.19,0.0,0.76,0.138,1.5
652,Femi Azeez,Midfielder,Brighton,5.5,5,i,0,False,False,0,796,1.0,3,0.0,0.0,0.0,0.0,0.0,0.0,0.0,0.0,0.0,0.0,0.0,0.0,0.0,0.0,0.0,0.0,0.0,0.0,0.0,0.0,0.0,0.5,0.0,6,0.0,19,46,0.5899999737739563,0.0,1.5099999904632568,0.03999999910593033,0.029999999329447746,0.03999999910593033,0.09000000357627869,0.39,0.0,0.0,-0.1,3.22,Sunderland,20,0,3.03,Crystal Palace,8,1,4.23,Liverpool,14,0,3.69,Man City,15,0,2.74,Brentford,4,1,3.38,0,0,5,False,False,3.32,-0.03,🔴 Tough,0.0,0.59,0.0,0.78,0.142,0.23
658,Younes Ibrahim,Midfielder,Brighton,4.5,5,a,100,False,False,0,796,1.0,3,0.0,0.0,0.0,0.0,0.0,0.0,0.0,0.0,0.0,0.0,0.0,0.0,0.0,0.0,0.0,0.0,0.0,0.0,0.0,0.0,0.0,0.5,0.0,6,0.0,320,221,0.38999998569488525,0.0,0.6100000143051147,0.03999999910593033,0.019999999552965164,0.029999999329447746,0.07999999821186066,0.33,0.0,0.12,-0.1,3.22,Sunderland,20,0,3.03,Crystal Palace,8,1,4.23,Liverpool,14,0,3.69,Man City,15,0,2.74,Brentford,4,1,3.38,0,0,5,False,False,3.32,-0.03,🔴 Tough,0.0,0.39,0.0,0.16,0.036,0.33
28,Emiliano Martínez Romero,Goalkeeper,Chelsea,5.0,6,a,100,False,False,1,883,1.0,3,2.3333333333333335,1.75,90.0,2.3333333333333335,0.0,0.0,0.0,0.0,0.0,6.666666666666667,39.666666666666664,5.0,0.0,2.0,1.6296296296296298,78.75,0.0,0.0,0.0,2.5,3.0,0.5,0.0,6,4.7,8242,22913,1.75,0.05000000074505806,4.28000020980835,0.0,0.0,0.17000000178813934,0.12999999523162842,2.83,1.0,1.75,-0.1,2.74,Bournemouth,3,1,4.01,Everton,9,0,3.0,Spurs,19,1,3.34,Man Utd,16,1,3.22,Sunderland,20,0,3.26,0,0,5,False,True,3.16,0.029,🟡 Moderate,0.0,1.75,0.0,2.4,0.48,4.13
40,Morgan Rogers,Midfielder,Chelsea,7.7,6,a,100,False,False,1,883,1.0,3,6.333333333333333,6.75,88.66666666666667,6.428571428571428,0.6666666666666666,0.3333333333333333,0.0,0.3333333333333333,27.0,22.0,33.4,0.0,0.3333333333333333,7.125,7.1111111111111125,87.875,0.875,0.125,31.5,18.85,4.0,0.5,1.0,6,40.6,161131,74097,4.480000019073486,1.090000033378601,7.699999809265137,0.1899999976158142,0.6100000143051147,0.15000000596046448,0.20999999344348907,5.16,0.99,4.45,-0.1,2.74,Bournemouth,3,1,4.01,Everton,9,0,3.0,Spurs,19,1,3.34,Man Utd,16,1,3.22,Sunderland,20,0,3.26,0,0,5,False,True,3.16,0.029,🟡 Moderate,0.0,4.48,0.0,5.96,0.774,9.89
101,Jordan Henderson,Midfielder,Chelsea,4.9,6,a,100,False,False,1,883,1.0,3,0.0,0.0,0.0,0.0,0.0,0.0,0.0,0.0,0.0,0.0,0.0,0.0,0.0,0.0,0.0,0.0,0.0,0.0,0.0,0.0,0.0,0.5,0.0,6,0.0,538,169,0.38999998569488525,0.0,0.7099999785423279,0.03999999910593033,0.019999999552965164,0.029999999329447746,0.07999999821186066,0.33,0.0,0.12,-0.1,2.74,Bournemouth,3,1,4.01,Everton,9,0,3.0,Spurs,19,1,3.34,Man Utd,16,1,3.22,Sunderland,20,0,3.26,0,0,5,False,True,3.16,0.029,🟡 Moderate,0.0,0.39,0.0,0.16,0.033,0.35
136,Danny Welbeck,Forward,Chelsea,5.9,6,a,100,False,False,1,883,1.0,3,0.6666666666666666,0.5,5.0,12.0,0.0,0.0,0.0,0.0,2.0,3.6333333333333333,2.4,0.0,0.0,0.75,0.5555555555555556,6.75,0.0,0.0,2.5,5.375,2.0,0.5,0.0,6,1.0,8237,9701,2.049999952316284,0.0,3.309999942779541,0.23999999463558197,0.05999999865889549,0.10999999940395355,0.20999999344348907,2.35,0.132,0.8,-0.1,2.74,Bournemouth,3,1,4.01,Everton,9,0,3.0,Spurs,19,1,3.34,Man Utd,16,1,3.22,Sunderland,20,0,3.26,0,0,5,False,True,3.16,0.029,🟡 Moderate,0.0,2.05,0.0,1.07,0.181,2.1
140,Robert Lynch Sánchez,Goalkeeper,Chelsea,4.9,6,u,0,False,False,1,883,1.0,3,0.0,0.5,0.0,0.0,0.0,0.0,0.0,0.0,0.0,0.0,0.0,0.0,0.0,0.25,0.5925925925925928,11.25,0.0,0.0,0.0,0.0,1.0,0.5,0.0,6,0.7,0,5098,0.2199999988079071,0.0,0.6899999976158142,0.0,0.0,0.03999999910593033,0.05000000074505806,0.05,0.0,0.0,-0.1,2.74,Bournemouth,3,1,4.01,Everton,9,0,3.0,Spurs,19,1,3.34,Man Utd,16,1,3.22,Sunderland,20,0,3.26,0,0,5,False,True,3.16,0.029,🟡 Moderate,0.0,0.22,0.0,0.3,0.061,0.1
141,Filip Jörgensen,Goalkeeper,Chelsea,5.0,6,u,0,False,False,1,883,1.0,3,0.0,0.0,0.0,0.0,0.0,0.0,0.0,0.0,0.0,0.0,0.0,0.0,0.0,0.0,0.0,0.0,0.0,0.0,0.0,0.0,0.0,0.5,0.0,6,0.0,0,33,0.49000000953674316,0.0,2.740000009536743,0.0,0.0,0.07999999821186066,0.07000000029802322,0.07,0.0,0.0,-0.1,2.74,Bournemouth,3,1,4.01,Everton,9,0,3.0,Spurs,19,1,3.34,Man Utd,16,1,3.22,Sunderland,20,0,3.26,0,0,5,False,True,3.16,0.029,🟡 Moderate,0.0,0.49,0.0,0.67,0.134,0.41
142,Reece James,Defender,Chelsea,5.3,6,d,75,False,False,1,883,1.0,3,1.0,0.75,67.33333333333333,1.3366336633663367,0.0,0.0,0.0,0.0,10.0,8.6,10.933333333333332,0.0,0.0,0.875,0.7037037037037037,81.5,0.0,0.0,13.375,11.100000000000001,4.0,0.5,0.0,6,5.8,670,81181,1.6299999952316284,0.0,5.269999980926514,0.019999999552965164,0.029999999329447746,0.11999999731779099,0.38999998569488525,3.1,0.816,1.07,-0.1,2.74,Bournemouth,3,1,4.01,Everton,9,0,3.0,Spurs,19,1,3.34,Man Utd,16,1,3.22,Sunderland,20,0,3.26,0,0,5,False,True,3.16,0.029,🟡 Moderate,0.0,1.63,0.0,1.58,0.298,2.93
143,Trevoh Chalobah,Defender,Chelsea,5.5,6,u,0,False,False,1,883,1.0,3,0.0,0.0,0.0,0.0,0.0,0.0,0.0,0.0,0.0,0.0,0.0,0.0,0.0,0.0,0.0,0.0,0.0,0.0,0.0,0.0,0.0,0.5,0.0,6,0.1,0,344,1.6699999570846558,0.0,4.010000228881836,0.019999999552965164,0.029999999329447746,0.10000000149011612,0.11999999731779099,0.35,0.0,0.0,-0.1,2.74,Bournemouth,3,1,4.01,Everton,9,0,3.0,Spurs,19,1,3.34,Man Utd,16,1,3.22,Sunderland,20,0,3.26,0,0,5,False,True,3.16,0.029,🟡 Moderate,0.0,1.67,0.0,2.47,0.449,0.6
144,Malo Gusto,Defender,Chelsea,4.9,6,a,100,False,False,1,883,1.0,3,1.0,1.0,65.66666666666667,1.3705583756345177,0.0,0.0,0.0,0.0,2.3333333333333335,9.133333333333333,8.266666666666667,0.0,0.0,1.0,1.0,66.625,0.0,0.0,4.0,13.8125,4.0,0.5,0.0,6,0.9,1644,7099,1.3899999856948853,0.0,4.599999904632568,0.019999999552965164,0.029999999329447746,0.11999999731779099,0.05000000074505806,2.76,0.802,1.2,-0.1,2.74,Bournemouth,3,1,4.01,Everton,9,0,3.0,Spurs,19,1,3.34,Man Utd,16,1,3.22,Sunderland,20,0,3.26,0,0,5,False,True,3.16,0.029,🟡 Moderate,0.0,1.39,0.0,1.77,0.361,3.09
145,Wesley Fofana,Defender,Chelsea,5.0,6,a,100,False,False,1,883,1.0,3,1.3333333333333333,1.0,80.66666666666667,1.4876033057851237,0.0,0.0,0.0,0.0,1.3333333333333333,9.466666666666667,25.866666666666664,0.0,0.3333333333333333,1.25,1.0,73.375,0.0,0.0,2.0,8.1625,3.0,0.5,0.0,6,0.2,2670,1373,1.7200000286102295,0.05000000074505806,5.130000114440918,0.019999999552965164,0.15000000596046448,0.11999999731779099,0.07000000029802322,3.15,0.926,1.63,-0.1,2.74,Bournemouth,3,1,4.01,Everton,9,0,3.0,Spurs,19,1,3.34,Man Utd,16,1,3.22,Sunderland,20,0,3.26,0,0,5,False,True,3.16,0.029,🟡 Moderate,0.0,1.72,0.0,2.41,0.482,4.02
146,Benoît Badiashile Mukinayi,Defender,Chelsea,4.5,6,u,0,False,False,1,883,1.0,3,0.0,0.0,0.0,0.0,0.0,0.0,0.0,0.0,0.0,0.0,0.0,0.0,0.0,0.0,0.0,0.0,0.0,0.0,0.0,0.0,0.0,0.5,0.0,6,0.0,0,45,0.6299999952316284,0.0,2.319999933242798,0.019999999552965164,0.019999999552965164,0.10000000149011612,0.03999999910593033,0.23,0.0,0.0,-0.1,2.74,Bournemouth,3,1,4.01,Everton,9,0,3.0,Spurs,19,1,3.34,Man Utd,16,1,3.22,Sunderland,20,0,3.26,0,0,5,False,True,3.16,0.029,🟡 Moderate,0.0,0.63,0.0,0.93,0.207,0.35
148,Jorrel Hato,Defender,Chelsea,4.5,6,a,100,False,False,1,883,1.0,3,2.3333333333333335,2.0,64.66666666666667,3.2474226804123707,0.0,0.6666666666666666,0.0,0.0,1.3333333333333333,11.6,22.866666666666664,0.0,0.0,1.375,1.5555555555555558,56.5,0.0,0.375,2.875,8.375,4.0,0.5,0.0,6,0.8,879,7612,1.7599999904632568,0.0,5.769999980926514,0.019999999552965164,0.05000000074505806,0.11999999731779099,0.03999999910593033,2.84,0.793,1.51,-0.1,2.74,Bournemouth,3,1,4.01,Everton,9,0,3.0,Spurs,19,1,3.34,Man Utd,16,1,3.22,Sunderland,20,0,3.26,0,0,5,False,True,3.16,0.029,🟡 Moderate,0.0,1.76,0.0,2.23,0.496,3.89
149,Levi Samuels Colwill,Defender,Chelsea,4.8,6,a,100,False,False,1,883,1.0,3,0.6666666666666666,0.5,53.666666666666664,1.1180124223602483,0.0,0.0,0.0,0.0,1.3333333333333333,4.2,13.333333333333334,0.0,0.0,0.625,0.4814814814814815,65.125,0.0,0.0,2.875,6.35,3.0,0.5,0.0,6,0.9,1156,5625,1.4700000286102295,0.0,4.860000133514404,0.019999999552965164,0.019999999552965164,0.11999999731779099,0.05000000074505806,1.25,0.696,1.16,-0.1,2.74,Bournemouth,3,1,4.01,Everton,9,0,3.0,Spurs,19,1,3.34,Man Utd,16,1,3.22,Sunderland,20,0,3.26,0,0,5,False,True,3.16,0.029,🟡 Moderate,0.0,1.47,0.0,1.72,0.358,3.05
150,Mamadou Sarr,Defender,Chelsea,4.5,6,u,0,False,False,1,883,1.0,3,0.0,0.0,0.0,0.0,0.0,0.0,0.0,0.0,0.0,0.0,0.0,0.0,0.0,0.0,0.0,0.0,0.0,0.0,0.0,0.0,0.0,0.5,0.0,6,0.0,0,177,0.6299999952316284,0.0,2.319999933242798,0.019999999552965164,0.019999999552965164,0.10000000149011612,0.03999999910593033,0.23,0.0,0.0,-0.1,2.74,Bournemouth,3,1,4.01,Everton,9,0,3.0,Spurs,19,1,3.34,Man Utd,16,1,3.22,Sunderland,20,0,3.26,0,0,5,False,True,3.16,0.029,🟡 Moderate,0.0,0.63,0.0,0.93,0.207,0.35
151,Josh Acheampong,Defender,Chelsea,4.5,6,a,100,False,False,1,883,1.0,3,0.6666666666666666,1.25,37.333333333333336,1.607142857142857,0.0,0.0,0.0,0.0,1.3333333333333333,0.6333333333333334,2.8000000000000003,0.0,0.0,0.75,1.2592592592592595,36.5,0.0,0.0,1.25,0.7375,3.0,0.5,0.0,6,0.3,443,2032,0.9399999976158142,0.0,3.0199999809265137,0.019999999552965164,0.019999999552965164,0.10999999940395355,0.03999999910593033,1.23,0.54,0.64,-0.1,2.74,Bournemouth,3,1,4.01,Everton,9,0,3.0,Spurs,19,1,3.34,Man Utd,16,1,3.22,Sunderland,20,0,3.26,0,0,5,False,True,3.16,0.029,🟡 Moderate,0.0,0.94,0.0,0.95,0.211,1.73
152,Marco Palestra,Defender,Chelsea,5.3,6,d,50,False,False,1,883,1.0,3,0.0,0.0,0.0,0.0,0.0,0.0,0.0,0.0,0.0,0.0,0.0,0.0,0.0,0.0,0.0,0.0,0.0,0.0,0.0,0.0,0.0,0.5,-1.0,6,0.6,253,4075,0.6600000262260437,0.0,2.1600000858306885,0.019999999552965164,0.019999999552965164,0.10000000149011612,0.05999999865889549,0.26,0.0,0.1,-0.1,2.74,Bournemouth,3,1,4.01,Everton,9,0,3.0,Spurs,19,1,3.34,Man Utd,16,1,3.22,Sunderland,20,0,3.26,0,0,5,False,True,3.16,0.029,🟡 Moderate,0.0,0.66,0.0,0.15,0.028,0.52
154,Cole Palmer,Midfielder,Chelsea,9.7,6,d,75,False,False,1,883,1.0,3,4.333333333333333,6.5,90.0,4.333333333333333,0.3333333333333333,0.3333333333333333,0.0,0.0,23.333333333333332,26.233333333333334,22.133333333333336,0.0,0.3333333333333333,5.25,6.777777777777779,89.0,0.25,0.625,24.0,31.075,4.0,0.5,0.0,6,25.5,50860,182453,6.239999771118164,1.340000033378601,10.5600004196167,0.15000000596046448,0.46000000834465027,0.17000000178813934,0.3199999928474426,4.61,1.0,4.68,-0.1,2.74,Bournemouth,3,1,4.01,Everton,9,0,3.0,Spurs,19,1,3.34,Man Utd,16,1,3.22,Sunderland,20,0,3.26,0,0,5,False,True,3.16,0.029,🟡 Moderate,0.0,6.24,0.0,6.27,0.646,10.74
156,Pedro Lomba Neto,Midfielder,Chelsea,6.5,6,a,100,False,False,1,883,1.0,3,3.6666666666666665,3.0,77.33333333333333,4.267241379310344,0.3333333333333333,0.0,0.0,0.0,26.333333333333332,26.900000000000002,22.400000000000002,0.0,0.0,2.5,2.4444444444444446,72.625,0.125,0.0,22.25,25.3125,4.0,0.5,0.0,6,1.4,5642,10025,4.090000152587891,0.800000011920929,9.100000381469727,0.07000000029802322,0.05999999865889549,0.12999999523162842,0.09000000357627869,2.75,0.899,3.8,-0.1,2.74,Bournemouth,3,1,4.01,Everton,9,0,3.0,Spurs,19,1,3.34,Man Utd,16,1,3.22,Sunderland,20,0,3.26,0,0,5,False,True,3.16,0.029,🟡 Moderate,0.0,4.09,0.0,5.09,0.783,8.85
157,Estêvão Almeida de Oliveira Gonçalves,Midfielder,Chelsea,6.3,6,a,100,False,False,1,883,1.0,3,0.6666666666666666,0.75,4.333333333333333,13.846153846153847,0.0,0.0,0.0,0.0,12.666666666666666,0.3,2.733333333333333,0.0,0.0,0.875,0.8518518518518521,5.125,0.0,0.0,14.75,0.4,3.0,0.5,-1.0,6,0.7,1928,4491,0.8700000047683716,0.0,2.859999895095825,0.07000000029802322,0.029999999329447746,0.05000000074505806,0.09000000357627869,1.52,0.12,0.33,-0.1,2.74,Bournemouth,3,1,4.01,Everton,9,0,3.0,Spurs,19,1,3.34,Man Utd,16,1,3.22,Sunderland,20,0,3.26,0,0,5,False,True,3.16,0.029,🟡 Moderate,0.0,0.87,0.0,0.44,0.07,1.09
158,Jamie Bynoe-Gittens,Midfielder,Chelsea,5.8,6,d,75,False,False,1,883,1.0,3,0.0,0.0,0.0,0.0,0.0,0.0,0.0,0.0,0.0,0.0,0.0,0.0,0.0,0.0,0.0,0.0,0.0,0.0,0.0,0.0,0.0,0.5,0.0,6,0.0,159,266,0.5699999928474426,0.0,1.5499999523162842,0.05000000074505806,0.019999999552965164,0.03999999910593033,0.09000000357627869,0.4,0.0,0.13,-0.1,2.74,Bournemouth,3,1,4.01,Everton,9,0,3.0,Spurs,19,1,3.34,Man Utd,16,1,3.22,Sunderland,20,0,3.26,0,0,5,False,True,3.16,0.029,🟡 Moderate,0.0,0.57,0.0,0.17,0.029,0.49
159,Moisés Caicedo Corozo,Midfielder,Chelsea,5.3,6,d,50,False,False,1,883,1.0,3,0.3333333333333333,0.25,4.333333333333333,6.923076923076923,0.0,0.0,0.0,0.0,0.0,0.03333333333333333,0.0,0.0,0.0,0.125,0.14814814814814817,1.625,0.0,0.0,0.0,0.0125,1.0,0.5,-1.0,6,1.0,432,9374,0.44999998807907104,0.0,1.0399999618530273,0.03999999910593033,0.019999999552965164,0.029999999329447746,0.07999999821186066,1.33,0.12,0.09,-0.1,2.74,Bournemouth,3,1,4.01,Everton,9,0,3.0,Spurs,19,1,3.34,Man Utd,16,1,3.22,Sunderland,20,0,3.26,0,0,5,False,True,3.16,0.029,🟡 Moderate,0.0,0.45,0.0,0.12,0.023,0.34
161,Roméo Lavia,Midfielder,Chelsea,5.0,6,a,100,False,False,1,883,1.0,3,3.3333333333333335,2.75,64.66666666666667,4.639175257731958,0.3333333333333333,0.0,0.0,0.0,11.0,2.4,17.400000000000002,0.0,0.0,2.25,2.2222222222222223,65.125,0.125,0.0,8.25,5.6625,4.0,0.5,0.0,6,0.2,460,2540,2.5899999141693115,0.3100000023841858,6.449999809265137,0.03999999910593033,0.03999999910593033,0.07000000029802322,0.07999999821186066,2.49,0.793,2.22,-0.1,2.74,Bournemouth,3,1,4.01,Everton,9,0,3.0,Spurs,19,1,3.34,Man Utd,16,1,3.22,Sunderland,20,0,3.26,0,0,5,False,True,3.16,0.029,🟡 Moderate,0.0,2.59,0.0,2.97,0.594,5.36
163,Dário Luís Essugo,Midfielder,Chelsea,4.5,6,u,0,False,False,1,883,1.0,3,0.0,0.0,0.0,0.0,0.0,0.0,0.0,0.0,0.0,0.0,0.0,0.0,0.0,0.0,0.0,0.0,0.0,0.0,0.0,0.0,0.0,0.5,0.0,6,0.1,0,757,0.38999998569488525,0.0,0.5299999713897705,0.03999999910593033,0.019999999552965164,0.029999999329447746,0.07999999821186066,0.33,0.0,0.0,-0.1,2.74,Bournemouth,3,1,4.01,Everton,9,0,3.0,Spurs,19,1,3.34,Man Utd,16,1,3.22,Sunderland,20,0,3.26,0,0,5,False,True,3.16,0.029,🟡 Moderate,0.0,0.39,0.0,0.52,0.116,0.08
164,Geovany Quenda,Midfielder,Chelsea,5.3,6,a,100,False,False,1,883,1.0,3,0.0,0.25,0.0,0.0,0.0,0.0,0.0,0.0,0.0,0.0,0.0,0.0,0.0,0.125,0.2962962962962964,1.0,0.0,0.0,0.25,0.0375,1.0,0.5,-1.0,6,0.0,77,188,0.4300000071525574,0.0,0.7300000190734863,0.03999999910593033,0.019999999552965164,0.03999999910593033,0.07999999821186066,0.34,0.0,0.13,-0.1,2.74,Bournemouth,3,1,4.01,Everton,9,0,3.0,Spurs,19,1,3.34,Man Utd,16,1,3.22,Sunderland,20,0,3.26,0,0,5,False,True,3.16,0.029,🟡 Moderate,0.0,0.43,0.0,0.17,0.032,0.37
165,João Pedro Junqueira de Jesus,Forward,Chelsea,7.7,6,d,75,False,False,1,883,1.0,3,7.333333333333333,8.25,90.0,7.333333333333333,0.6666666666666666,0.6666666666666666,0.0,1.6666666666666667,28.666666666666668,22.333333333333332,35.73333333333333,0.0,0.3333333333333333,8.75,8.814814814814817,90.0,0.75,0.75,28.125,20.737499999999997,4.0,0.5,1.0,6,64.9,68698,410309,4.429999828338623,0.05000000074505806,7.989999771118164,0.41999998688697815,0.10000000149011612,0.07999999821186066,0.8199999928474426,4.78,1.0,3.32,-0.1,2.74,Bournemouth,3,1,4.01,Everton,9,0,3.0,Spurs,19,1,3.34,Man Utd,16,1,3.22,Sunderland,20,0,3.26,0,0,5,False,True,3.16,0.029,🟡 Moderate,0.0,4.43,0.0,4.45,0.578,7.83
168,Marc Guiu Paz,Forward,Chelsea,5.0,6,u,0,False,False,1,883,1.0,3,0.0,0.0,0.0,0.0,0.0,0.0,0.0,0.0,0.0,0.0,0.0,0.0,0.0,0.0,0.0,0.0,0.0,0.0,0.0,0.0,0.0,0.5,0.0,6,0.2,0,1625,0.5099999904632568,0.0,0.8299999833106995,0.05000000074505806,0.05999999865889549,0.019999999552965164,0.10999999940395355,0.51,0.0,0.0,-0.1,2.74,Bournemouth,3,1,4.01,Everton,9,0,3.0,Spurs,19,1,3.34,Man Utd,16,1,3.22,Sunderland,20,0,3.26,0,0,5,False,True,3.16,0.029,🟡 Moderate,0.0,0.51,0.0,0.68,0.136,0.12
169,Shumaira Mheuka,Forward,Chelsea,4.5,6,a,100,False,False,1,883,1.0,3,0.0,0.0,0.0,0.0,0.0,0.0,0.0,0.0,0.0,0.0,0.0,0.0,0.0,0.0,0.0,0.0,0.0,0.0,0.0,0.0,0.0,0.5,0.0,6,0.5,4742,3696,0.49000000953674316,0.0,0.6299999952316284,0.05000000074505806,0.05999999865889549,0.019999999552965164,0.10999999940395355,0.51,0.0,0.15,-0.1,2.74,Bournemouth,3,1,4.01,Everton,9,0,3.0,Spurs,19,1,3.34,Man Utd,16,1,3.22,Sunderland,20,0,3.26,0,0,5,False,True,3.16,0.029,🟡 Moderate,0.0,0.49,0.0,0.2,0.044,0.39
170,Emmanuel Emegha,Forward,Chelsea,4.9,6,i,0,False,False,1,883,1.0,3,0.0,0.0,0.0,0.0,0.0,0.0,0.0,0.0,0.0,0.0,0.0,0.0,0.0,0.0,0.0,0.0,0.0,0.0,0.0,0.0,0.0,0.5,0.0,6,0.1,89,1139,0.5099999904632568,0.0,0.7599999904632568,0.05000000074505806,0.05999999865889549,0.019999999552965164,0.10999999940395355,0.51,0.0,0.0,-0.1,2.74,Bournemouth,3,1,4.01,Everton,9,0,3.0,Spurs,19,1,3.34,Man Utd,16,1,3.22,Sunderland,20,0,3.26,0,0,5,False,True,3.16,0.029,🟡 Moderate,0.0,0.51,0.0,0.68,0.139,0.11
200,Maxence Lacroix,Defender,Chelsea,5.9,6,a,100,False,False,1,883,1.0,3,1.3333333333333333,2.5,61.333333333333336,1.9565217391304348,0.0,0.0,0.0,0.0,2.6666666666666665,0.46666666666666673,14.200000000000001,0.0,0.3333333333333333,1.875,2.703703703703704,47.0,0.0,0.125,1.5,1.7374999999999998,4.0,0.5,0.0,6,6.8,8639,30605,2.109999895095825,0.0,5.340000152587891,0.03999999910593033,0.05000000074505806,0.10999999940395355,0.10999999940395355,2.96,0.765,1.76,-0.1,2.74,Bournemouth,3,1,4.01,Everton,9,0,3.0,Spurs,19,1,3.34,Man Utd,16,1,3.22,Sunderland,20,0,3.26,0,0,5,False,True,3.16,0.029,🟡 Moderate,0.0,2.11,0.0,2.6,0.441,4.32
560,Mike Penders,Goalkeeper,Chelsea,4.4,6,a,100,False,False,1,883,1.0,3,0.0,0.0,0.0,0.0,0.0,0.0,0.0,0.0,0.0,0.0,0.0,0.0,0.0,0.0,0.0,0.0,0.0,0.0,0.0,0.0,0.0,0.5,0.0,6,0.1,251,310,0.12999999523162842,0.0,0.05999999865889549,0.0,0.0,0.029999999329447746,0.05000000074505806,0.05,0.0,0.04,-0.1,2.74,Bournemouth,3,1,4.01,Everton,9,0,3.0,Spurs,19,1,3.34,Man Utd,16,1,3.22,Sunderland,20,0,3.26,0,0,5,False,True,3.16,0.029,🟡 Moderate,0.0,0.13,0.0,0.05,0.011,0.09
561,Aaron Anselmino,Defender,Chelsea,4.5,6,a,100,False,False,1,883,1.0,3,0.0,0.0,0.0,0.0,0.0,0.0,0.0,0.0,0.0,0.0,0.0,0.0,0.0,0.0,0.0,0.0,0.0,0.0,0.0,0.0,0.0,0.5,0.0,6,0.0,69,110,0.6299999952316284,0.0,2.319999933242798,0.019999999552965164,0.019999999552965164,0.10000000149011612,0.03999999910593033,0.23,0.0,0.19,-0.1,2.74,Bournemouth,3,1,4.01,Everton,9,0,3.0,Spurs,19,1,3.34,Man Utd,16,1,3.22,Sunderland,20,0,3.26,0,0,5,False,True,3.16,0.029,🟡 Moderate,0.0,0.63,0.0,0.28,0.062,0.73
568,Valentín Barco,Midfielder,Chelsea,5.4,6,a,100,False,False,1,883,1.0,3,0.3333333333333333,0.25,9.666666666666666,3.103448275862069,0.0,0.0,0.0,0.0,2.0,0.9666666666666667,0.5333333333333333,0.0,0.3333333333333333,0.125,0.14814814814814817,11.5,0.0,0.0,1.5,1.45,2.0,0.5,-1.0,6,0.1,250,469,0.9700000286102295,0.0,1.6799999475479126,0.03999999910593033,0.019999999552965164,0.03999999910593033,0.09000000357627869,1.37,0.21,0.43,-0.1,2.74,Bournemouth,3,1,4.01,Everton,9,0,3.0,Spurs,19,1,3.34,Man Utd,16,1,3.22,Sunderland,20,0,3.26,0,0,5,False,True,3.16,0.029,🟡 Moderate,0.0,0.97,0.0,0.58,0.107,1.11
583,Pep Chavarría,Defender,Chelsea,4.9,6,a,100,False,False,1,883,1.0,3,1.0,1.0,31.0,2.903225806451613,0.0,0.0,0.0,0.0,2.0,1.3333333333333333,3.6,0.0,0.0,1.0,1.0,35.375,0.0,0.0,2.25,1.4125,4.0,0.5,0.0,6,0.1,447,578,0.8799999952316284,0.0,3.2799999713897705,0.019999999552965164,0.019999999552965164,0.10999999940395355,0.03999999910593033,1.23,0.474,0.56,-0.1,2.74,Bournemouth,3,1,4.01,Everton,9,0,3.0,Spurs,19,1,3.34,Man Utd,16,1,3.22,Sunderland,20,0,3.26,0,0,5,False,True,3.16,0.029,🟡 Moderate,0.0,0.88,0.0,0.83,0.169,1.61
662,Mahdi Nicoll-Jazuli,Midfielder,Chelsea,4.5,6,a,100,False,False,1,883,1.0,3,,,,0.0,,,,,,,,,,,,,,,,,,,0.0,6,0.0,352,77,0.5099999904632568,0.0,1.3799999952316284,0.03999999910593033,0.019999999552965164,0.05000000074505806,0.07999999821186066,0.35,,,-0.1,2.74,Bournemouth,3,1,4.01,Everton,9,0,3.0,Spurs,19,1,3.34,Man Utd,16,1,3.22,Sunderland,20,0,3.26,0,0,5,False,True,3.16,0.029,🟡 Moderate,0.0,0.51,0.0,0.68,0.151,
91,Ethan Pinnock,Defender,Coventry City,4.5,7,a,100,False,False,1,747,1.0,3,2.0,1.5,64.0,2.8125,0.0,0.0,0.0,0.0,3.3333333333333335,0.4666666666666666,13.333333333333334,0.0,0.3333333333333333,1.875,1.4814814814814816,69.0,0.0,0.0,3.5,0.4375,3.0,0.75,0.0,6,0.1,424,242,1.6299999952316284,0.0,5.110000133514404,0.029999999329447746,0.05000000074505806,0.11999999731779099,0.05000000074505806,2.85,0.788,1.39,-0.1,2.53,Newcastle,17,1,3.16,Spurs,19,0,3.42,Fulham,10,1,1.8,Sunderland,20,1,4.01,Everton,9,0,2.98,0,0,5,False,True,2.81,0.16,🟢 Easy,0.0,1.63,0.0,2.26,0.502,3.55
104,Frank Onyeka,Midfielder,Coventry City,4.9,7,a,100,False,False,1,747,1.0,3,1.3333333333333333,1.5,44.666666666666664,2.6865671641791042,0.0,0.0,0.0,0.0,7.0,0.43333333333333335,2.1999999999999997,0.0,0.0,1.75,1.7037037037037042,62.75,0.0,0.0,10.5,0.75,3.0,0.5,0.0,6,0.1,184,477,2.1600000858306885,0.09000000357627869,4.130000114440918,0.05000000074505806,0.03999999910593033,0.07999999821186066,0.09000000357627869,1.47,0.612,1.57,-0.1,2.53,Newcastle,17,1,3.16,Spurs,19,0,3.42,Fulham,10,1,1.8,Sunderland,20,1,4.01,Everton,9,0,2.98,0,0,5,False,True,2.81,0.16,🟢 Easy,0.0,2.16,0.0,2.3,0.469,3.75
110,Carl Rushworth,Goalkeeper,Coventry City,4.5,7,a,100,False,False,1,747,1.0,3,1.3333333333333333,1.25,90.0,1.3333333333333333,0.0,0.0,0.0,0.0,0.0,0.0,15.800000000000002,1.6666666666666667,0.0,0.875,1.0370370370370374,90.0,0.0,0.0,0.0,0.0,4.0,0.5,0.0,6,0.8,2732,6139,3.9000000953674316,0.05000000074505806,6.949999809265137,0.0,0.0,0.4099999964237213,0.05000000074505806,3.69,1.0,3.9,-0.1,2.53,Newcastle,17,1,3.16,Spurs,19,0,3.42,Fulham,10,1,1.8,Sunderland,20,1,4.01,Everton,9,0,2.98,0,0,5,False,True,2.81,0.16,🟢 Easy,0.0,3.9,0.0,5.89,1.309,8.83
171,Oliver Dovin,Goalkeeper,Coventry City,4.0,7,u,0,False,False,1,747,1.0,3,0.0,0.0,0.0,0.0,0.0,0.0,0.0,0.0,0.0,0.0,0.0,0.0,0.0,0.0,0.0,0.0,0.0,0.0,0.0,0.0,0.0,0.5,0.0,6,1.0,0,5041,0.12999999523162842,0.0,0.05999999865889549,0.0,0.0,0.029999999329447746,0.05000000074505806,0.05,0.0,0.0,-0.1,2.53,Newcastle,17,1,3.16,Spurs,19,0,3.42,Fulham,10,1,1.8,Sunderland,20,1,4.01,Everton,9,0,2.98,0,0,5,False,True,2.81,0.16,🟢 Easy,0.0,0.13,0.0,0.2,0.05,0.01
172,Ben Wilson,Goalkeeper,Coventry City,4.4,7,a,100,False,False,1,747,1.0,3,0.0,0.0,0.0,0.0,0.0,0.0,0.0,0.0,0.0,0.0,0.0,0.0,0.0,0.0,0.0,0.0,0.0,0.0,0.0,0.0,0.0,0.5,-1.0,6,0.4,253,726,0.12999999523162842,0.0,0.05999999865889549,0.0,0.0,0.029999999329447746,0.05000000074505806,0.05,0.0,0.04,-0.1,2.53,Newcastle,17,1,3.16,Spurs,19,0,3.42,Fulham,10,1,1.8,Sunderland,20,1,4.01,Everton,9,0,2.98,0,0,5,False,True,2.81,0.16,🟢 Easy,0.0,0.13,0.0,0.06,0.014,0.09
173,Bobby Thomas,Defender,Coventry City,4.0,7,a,100,False,False,1,747,1.0,3,4.0,3.75,85.66666666666667,4.202334630350195,0.0,0.0,0.3333333333333333,0.6666666666666666,15.666666666666666,7.3,14.799999999999999,0.0,0.0,2.375,2.9629629629629632,88.375,0.0,0.0,17.625,6.8875,4.0,0.5,0.0,6,8.5,28278,33892,2.2200000286102295,0.05000000074505806,5.389999866485596,0.029999999329447746,0.019999999552965164,0.10000000149011612,0.23000000417232513,2.87,0.966,2.17,-0.1,2.53,Newcastle,17,1,3.16,Spurs,19,0,3.42,Fulham,10,1,1.8,Sunderland,20,1,4.01,Everton,9,0,2.98,0,0,5,False,True,2.81,0.16,🟢 Easy,0.0,2.22,0.0,3.53,0.882,5.14
174,Liam Kitching,Defender,Coventry City,4.0,7,u,0,False,False,1,747,1.0,3,0.0,0.0,0.0,0.0,0.0,0.0,0.0,0.0,0.0,0.0,0.0,0.0,0.0,0.0,0.0,0.0,0.0,0.0,0.0,0.0,0.0,0.5,0.0,6,0.3,0,1929,0.36000001430511475,0.0,0.47999998927116394,0.019999999552965164,0.019999999552965164,0.09000000357627869,0.029999999329447746,0.22,0.0,0.0,-0.1,2.53,Newcastle,17,1,3.16,Spurs,19,0,3.42,Fulham,10,1,1.8,Sunderland,20,1,4.01,Everton,9,0,2.98,0,0,5,False,True,2.81,0.16,🟢 Easy,0.0,0.36,0.0,0.59,0.148,0.07
175,Milan van Ewijk,Defender,Coventry City,4.0,7,d,75,False,False,1,747,1.0,3,1.6666666666666667,1.5,90.0,1.666666666666667,0.0,0.0,0.0,0.0,4.0,16.900000000000002,17.0,0.0,0.3333333333333333,1.125,1.2592592592592595,90.0,0.0,0.0,3.5,11.587499999999999,4.0,0.5,0.0,6,8.7,1197,79826,2.2300000190734863,0.05000000074505806,4.5,0.029999999329447746,0.019999999552965164,0.10000000149011612,0.05999999865889549,2.68,1.0,1.67,-0.1,2.53,Newcastle,17,1,3.16,Spurs,19,0,3.42,Fulham,10,1,1.8,Sunderland,20,1,4.01,Everton,9,0,2.98,0,0,5,False,True,2.81,0.16,🟢 Easy,0.0,2.23,0.0,2.72,0.68,4.01
176,Jay Dasilva,Defender,Coventry City,4.0,7,a,100,False,False,1,747,1.0,3,1.3333333333333333,1.25,88.0,1.3636363636363635,0.0,0.0,0.0,0.0,5.666666666666667,16.066666666666666,16.6,0.0,0.0,0.875,1.0370370370370374,88.5,0.0,0.0,2.125,18.1125,4.0,0.5,0.0,6,0.7,6977,1952,2.1600000858306885,0.05000000074505806,4.25,0.029999999329447746,0.019999999552965164,0.10000000149011612,0.05999999865889549,2.68,0.984,2.14,-0.1,2.53,Newcastle,17,1,3.16,Spurs,19,0,3.42,Fulham,10,1,1.8,Sunderland,20,1,4.01,Everton,9,0,2.98,0,0,5,False,True,2.81,0.16,🟢 Easy,0.0,2.16,0.0,3.48,0.87,4.91
177,Kaine Kesler-Hayden,Defender,Coventry City,3.9,7,i,0,False,False,1,747,1.0,3,0.0,0.0,0.0,0.0,0.0,0.0,0.0,0.0,0.0,0.0,0.0,0.0,0.0,0.0,0.0,0.0,0.0,0.0,0.0,0.0,0.0,0.5,0.0,6,0.0,1080,599,0.3499999940395355,0.0,0.47999998927116394,0.019999999552965164,0.019999999552965164,0.09000000357627869,0.029999999329447746,0.22,0.0,0.0,-0.1,2.53,Newcastle,17,1,3.16,Spurs,19,0,3.42,Fulham,10,1,1.8,Sunderland,20,1,4.01,Everton,9,0,2.98,0,0,5,False,True,2.81,0.16,🟢 Easy,0.0,0.35,0.0,0.57,0.146,0.07
178,Jake Bidwell,Defender,Coventry City,4.0,7,a,100,False,False,1,747,1.0,3,0.0,0.0,0.0,0.0,0.0,0.0,0.0,0.0,0.0,0.0,0.0,0.0,0.0,0.0,0.0,0.0,0.0,0.0,0.0,0.0,0.0,0.5,0.0,6,0.1,187,315,0.36000001430511475,0.0,0.47999998927116394,0.019999999552965164,0.019999999552965164,0.09000000357627869,0.029999999329447746,0.22,0.0,0.11,-0.1,2.53,Newcastle,17,1,3.16,Spurs,19,0,3.42,Fulham,10,1,1.8,Sunderland,20,1,4.01,Everton,9,0,2.98,0,0,5,False,True,2.81,0.16,🟢 Easy,0.0,0.36,0.0,0.18,0.045,0.29
179,Joel Latibeaudiere,Defender,Coventry City,4.0,7,a,100,False,False,1,747,1.0,3,0.0,0.0,0.0,0.0,0.0,0.0,0.0,0.0,0.0,0.0,0.0,0.0,0.0,0.0,0.0,0.0,0.0,0.0,0.0,0.0,0.0,0.5,0.0,6,0.0,76,142,0.36000001430511475,0.0,0.47999998927116394,0.019999999552965164,0.019999999552965164,0.09000000357627869,0.029999999329447746,0.22,0.0,0.11,-0.1,2.53,Newcastle,17,1,3.16,Spurs,19,0,3.42,Fulham,10,1,1.8,Sunderland,20,1,4.01,Everton,9,0,2.98,0,0,5,False,True,2.81,0.16,🟢 Easy,0.0,0.36,0.0,0.18,0.045,0.29
180,Luke Woolfenden,Defender,Coventry City,3.9,7,i,0,False,False,1,747,1.0,3,0.0,0.0,0.0,0.0,0.0,0.0,0.0,0.0,0.0,0.0,0.0,0.0,0.0,0.0,0.0,0.0,0.0,0.0,0.0,0.0,0.0,0.5,0.0,6,0.1,53,545,0.3499999940395355,0.0,0.47999998927116394,0.019999999552965164,0.019999999552965164,0.09000000357627869,0.029999999329447746,0.22,0.0,0.0,-0.1,2.53,Newcastle,17,1,3.16,Spurs,19,0,3.42,Fulham,10,1,1.8,Sunderland,20,1,4.01,Everton,9,0,2.98,0,0,5,False,True,2.81,0.16,🟢 Easy,0.0,0.35,0.0,0.57,0.146,0.07
181,Miguel Brau,Defender,Coventry City,4.0,7,u,0,False,False,1,747,1.0,3,0.0,0.0,0.0,0.0,0.0,0.0,0.0,0.0,0.0,0.0,0.0,0.0,0.0,0.0,0.0,0.0,0.0,0.0,0.0,0.0,0.0,0.5,0.0,6,0.0,0,106,0.36000001430511475,0.0,0.47999998927116394,0.019999999552965164,0.019999999552965164,0.09000000357627869,0.029999999329447746,0.22,0.0,0.0,-0.1,2.53,Newcastle,17,1,3.16,Spurs,19,0,3.42,Fulham,10,1,1.8,Sunderland,20,1,4.01,Everton,9,0,2.98,0,0,5,False,True,2.81,0.16,🟢 Easy,0.0,0.36,0.0,0.59,0.148,0.07
182,Aurèle Amenda,Defender,Coventry City,4.0,7,i,0,False,False,1,747,1.0,3,1.0,1.0,90.0,1.0,0.0,0.0,0.0,0.0,5.0,4.566666666666667,11.333333333333334,0.0,0.3333333333333333,0.75,0.8888888888888891,90.0,0.0,0.0,4.125,5.8375,4.0,0.5,0.0,6,0.6,41,7120,2.3399999141693115,0.05000000074505806,4.119999885559082,0.029999999329447746,0.019999999552965164,0.10000000149011612,0.07999999821186066,2.7,1.0,0.0,-0.1,2.53,Newcastle,17,1,3.16,Spurs,19,0,3.42,Fulham,10,1,1.8,Sunderland,20,1,4.01,Everton,9,0,2.98,0,0,5,False,True,2.81,0.16,🟢 Easy,0.0,2.34,0.0,3.81,0.952,0.61
183,Jack Rudoni,Midfielder,Coventry City,4.9,7,a,100,False,False,1,747,1.0,3,2.3333333333333335,2.0,68.0,3.088235294117647,0.0,0.0,0.3333333333333333,0.0,20.666666666666668,37.233333333333334,10.666666666666666,0.0,0.0,2.0,1.851851851851852,62.75,0.0,0.0,23.375,38.8125,4.0,0.5,-1.0,6,0.1,965,718,2.4200000762939453,0.3100000023841858,7.21999979019165,0.05999999865889549,0.05999999865889549,0.1599999964237213,0.07999999821186066,2.73,0.822,2.12,-0.1,2.53,Newcastle,17,1,3.16,Spurs,19,0,3.42,Fulham,10,1,1.8,Sunderland,20,1,4.01,Everton,9,0,2.98,0,0,5,False,True,2.81,0.16,🟢 Easy,0.0,2.42,0.0,3.11,0.635,5.28
184,Matt Grimes,Midfielder,Coventry City,4.9,7,a,100,False,False,1,747,1.0,3,2.0,2.0,87.66666666666667,2.053231939163498,0.0,0.0,0.0,0.0,1.6666666666666667,9.666666666666666,12.800000000000002,0.0,0.0,2.0,2.0,86.5,0.0,0.0,1.5,6.549999999999999,4.0,0.5,-1.0,6,0.1,195,908,2.490000009536743,0.41999998688697815,3.4100000858306885,0.03999999910593033,0.07999999821186066,0.17000000178813934,0.07999999821186066,2.72,0.982,2.46,-0.1,2.53,Newcastle,17,1,3.16,Spurs,19,0,3.42,Fulham,10,1,1.8,Sunderland,20,1,4.01,Everton,9,0,2.98,0,0,5,False,True,2.81,0.16,🟢 Easy,0.0,2.49,0.0,3.6,0.735,5.37
185,Tatsuhiro Sakamoto,Midfielder,Coventry City,4.8,7,a,100,False,False,1,747,1.0,3,0.3333333333333333,0.25,10.333333333333334,2.903225806451613,0.0,0.0,0.0,0.0,2.3333333333333335,1.9666666666666668,2.066666666666667,0.0,0.0,0.125,0.14814814814814817,3.875,0.0,0.0,0.875,0.7375,1.0,0.5,-1.0,6,0.1,131,400,0.7900000214576721,0.0,1.6399999856948853,0.03999999910593033,0.019999999552965164,0.03999999910593033,0.07999999821186066,1.34,0.22,0.36,-0.1,2.53,Newcastle,17,1,3.16,Spurs,19,0,3.42,Fulham,10,1,1.8,Sunderland,20,1,4.01,Everton,9,0,2.98,0,0,5,False,True,2.81,0.16,🟢 Easy,0.0,0.79,0.0,0.53,0.11,0.97
186,Ephron Mason-Clark,Midfielder,Coventry City,5.3,7,a,100,False,False,1,747,1.0,3,1.3333333333333333,1.0,62.0,1.9354838709677418,0.0,0.0,0.0,0.0,15.333333333333334,5.933333333333334,3.4,0.0,0.0,1.125,0.925925925925926,54.125,0.0,0.0,22.5,2.7,3.0,0.5,0.0,6,0.1,76,369,2.5199999809265137,0.23999999463558197,5.710000038146973,0.07999999821186066,0.03999999910593033,0.20000000298023224,0.07999999821186066,2.82,0.77,2.11,-0.1,2.53,Newcastle,17,1,3.16,Spurs,19,0,3.42,Fulham,10,1,1.8,Sunderland,20,1,4.01,Everton,9,0,2.98,0,0,5,False,True,2.81,0.16,🟢 Easy,0.0,2.52,0.0,3.09,0.583,5.04
187,Josh Eccles,Midfielder,Coventry City,4.8,7,i,0,False,False,1,747,1.0,3,0.0,0.0,0.0,0.0,0.0,0.0,0.0,0.0,0.0,0.0,0.0,0.0,0.0,0.0,0.0,0.0,0.0,0.0,0.0,0.0,0.0,0.5,0.0,6,0.0,22,94,0.3799999952316284,0.0,0.6399999856948853,0.03999999910593033,0.019999999552965164,0.03999999910593033,0.07999999821186066,0.33,0.0,0.0,-0.1,2.53,Newcastle,17,1,3.16,Spurs,19,0,3.42,Fulham,10,1,1.8,Sunderland,20,1,4.01,Everton,9,0,2.98,0,0,5,False,True,2.81,0.16,🟢 Easy,0.0,0.38,0.0,0.56,0.117,0.1
188,Victor Torp,Midfielder,Coventry City,5.3,7,a,100,False,False,1,747,1.0,3,0.6666666666666666,0.75,8.333333333333334,7.199999999999999,0.0,0.0,0.0,0.0,0.0,1.3333333333333333,0.13333333333333333,0.0,0.0,0.75,0.7777777777777779,8.875,0.0,0.0,0.0,2.7,3.0,0.5,0.0,6,0.1,44,456,1.2699999809265137,0.0,1.399999976158142,0.05000000074505806,0.019999999552965164,0.03999999910593033,0.07999999821186066,1.42,0.189,0.55,-0.1,2.53,Newcastle,17,1,3.16,Spurs,19,0,3.42,Fulham,10,1,1.8,Sunderland,20,1,4.01,Everton,9,0,2.98,0,0,5,False,True,2.81,0.16,🟢 Easy,0.0,1.27,0.0,0.81,0.153,1.31
189,George Shepherd,Midfielder,Coventry City,4.4,7,a,100,False,False,1,747,1.0,3,0.0,0.0,0.0,0.0,0.0,0.0,0.0,0.0,0.0,0.0,0.0,0.0,0.0,0.0,0.0,0.0,0.0,0.0,0.0,0.0,0.0,0.5,-1.0,6,0.3,4168,2603,0.3799999952316284,0.0,0.4099999964237213,0.03999999910593033,0.019999999552965164,0.03999999910593033,0.07999999821186066,0.33,0.0,0.11,-0.1,2.53,Newcastle,17,1,3.16,Spurs,19,0,3.42,Fulham,10,1,1.8,Sunderland,20,1,4.01,Everton,9,0,2.98,0,0,5,False,True,2.81,0.16,🟢 Easy,0.0,0.38,0.0,0.16,0.036,0.28
190,Loum Tchaouna,Midfielder,Coventry City,5.4,7,a,100,False,False,1,747,1.0,3,0.6666666666666666,1.0,28.333333333333332,2.1176470588235294,0.0,0.0,0.0,0.0,8.666666666666666,14.433333333333332,5.066666666666666,0.0,0.0,0.625,0.9629629629629632,24.125,0.0,0.0,6.25,9.2625,3.0,0.5,0.0,6,0.1,27,362,1.6299999952316284,0.18000000715255737,4.96999979019165,0.03999999910593033,0.029999999329447746,0.07999999821186066,0.10000000149011612,1.4,0.445,1.0,-0.1,2.53,Newcastle,17,1,3.16,Spurs,19,0,3.42,Fulham,10,1,1.8,Sunderland,20,1,4.01,Everton,9,0,2.98,0,0,5,False,True,2.81,0.16,🟢 Easy,0.0,1.63,0.0,1.47,0.272,2.72
191,Raphael Borges Rodrigues,Midfielder,Coventry City,4.5,7,u,0,False,False,1,747,1.0,3,0.0,0.0,0.0,0.0,0.0,0.0,0.0,0.0,0.0,0.0,0.0,0.0,0.0,0.0,0.0,0.0,0.0,0.0,0.0,0.0,0.0,0.5,0.0,6,0.1,0,715,0.3799999952316284,0.0,0.44999998807907104,0.03999999910593033,0.019999999552965164,0.03999999910593033,0.07999999821186066,0.33,0.0,0.0,-0.1,2.53,Newcastle,17,1,3.16,Spurs,19,0,3.42,Fulham,10,1,1.8,Sunderland,20,1,4.01,Everton,9,0,2.98,0,0,5,False,True,2.81,0.16,🟢 Easy,0.0,0.38,0.0,0.56,0.124,0.07
192,Kai Andrews,Midfielder,Coventry City,4.5,7,u,0,False,False,1,747,1.0,3,0.0,0.0,0.0,0.0,0.0,0.0,0.0,0.0,0.0,0.0,0.0,0.0,0.0,0.0,0.0,0.0,0.0,0.0,0.0,0.0,0.0,0.5,0.0,6,0.3,0,2083,0.3799999952316284,0.0,0.44999998807907104,0.03999999910593033,0.019999999552965164,0.03999999910593033,0.07999999821186066,0.33,0.0,0.0,-0.1,2.53,Newcastle,17,1,3.16,Spurs,19,0,3.42,Fulham,10,1,1.8,Sunderland,20,1,4.01,Everton,9,0,2.98,0,0,5,False,True,2.81,0.16,🟢 Easy,0.0,0.38,0.0,0.56,0.124,0.07
193,Haji Wright,Forward,Coventry City,5.3,7,i,0,False,False,1,747,1.0,3,0.0,0.0,0.0,0.0,0.0,0.0,0.0,0.0,0.0,0.0,0.0,0.0,0.0,0.0,0.0,0.0,0.0,0.0,0.0,0.0,0.0,0.5,0.0,6,0.1,50,589,0.6299999952316284,0.0,1.3899999856948853,0.05000000074505806,0.05999999865889549,0.029999999329447746,0.10000000149011612,0.5,0.0,0.0,-0.1,2.53,Newcastle,17,1,3.16,Spurs,19,0,3.42,Fulham,10,1,1.8,Sunderland,20,1,4.01,Everton,9,0,2.98,0,0,5,False,True,2.81,0.16,🟢 Easy,0.0,0.63,0.0,0.92,0.174,0.21
194,Brandon Thomas-Asante,Forward,Coventry City,5.0,7,a,100,False,False,1,747,1.0,3,1.0,1.25,22.666666666666668,3.9705882352941173,0.0,0.0,0.0,0.0,10.0,0.9333333333333332,3.1333333333333333,0.0,0.0,1.125,1.2962962962962965,25.875,0.0,0.0,13.75,0.7125,4.0,0.5,0.0,6,0.8,8731,6255,1.6100000143051147,0.05000000074505806,3.9600000381469727,0.20999999344348907,0.05999999865889549,0.05999999865889549,0.20000000298023224,2.24,0.381,0.91,-0.1,2.53,Newcastle,17,1,3.16,Spurs,19,0,3.42,Fulham,10,1,1.8,Sunderland,20,1,4.01,Everton,9,0,2.98,0,0,5,False,True,2.81,0.16,🟢 Easy,0.0,1.61,0.0,1.33,0.266,2.41
195,Ellis Simms,Forward,Coventry City,4.9,7,a,100,False,False,1,747,1.0,3,0.3333333333333333,0.75,6.333333333333333,4.7368421052631575,0.0,0.0,0.0,0.0,11.666666666666666,3.3333333333333335,1.6666666666666667,0.0,0.0,0.5,0.814814814814815,13.375,0.0,0.0,9.0,4.0375,2.0,0.5,0.0,6,0.6,2114,5512,0.6200000047683716,0.0,1.100000023841858,0.03999999910593033,0.05999999865889549,0.019999999552965164,0.10000000149011612,1.46,0.156,0.25,-0.1,2.53,Newcastle,17,1,3.16,Spurs,19,0,3.42,Fulham,10,1,1.8,Sunderland,20,1,4.01,Everton,9,0,2.98,0,0,5,False,True,2.81,0.16,🟢 Easy,0.0,0.62,0.0,0.37,0.076,0.67
196,Jahnoah Markelo,Forward,Coventry City,5.0,7,u,0,False,False,1,747,1.0,3,0.0,0.0,0.0,0.0,0.0,0.0,0.0,0.0,0.0,0.0,0.0,0.0,0.0,0.0,0.0,0.0,0.0,0.0,0.0,0.0,0.0,0.5,0.0,6,0.0,0,62,0.5099999904632568,0.0,0.8100000023841858,0.05000000074505806,0.05999999865889549,0.019999999552965164,0.10000000149011612,0.49,0.0,0.0,-0.1,2.53,Newcastle,17,1,3.16,Spurs,19,0,3.42,Fulham,10,1,1.8,Sunderland,20,1,4.01,Everton,9,0,2.98,0,0,5,False,True,2.81,0.16,🟢 Easy,0.0,0.51,0.0,0.75,0.15,0.12
197,Norman Bassette,Forward,Coventry City,4.5,7,u,0,False,False,1,747,1.0,3,0.0,0.0,0.0,0.0,0.0,0.0,0.0,0.0,0.0,0.0,0.0,0.0,0.0,0.0,0.0,0.0,0.0,0.0,0.0,0.0,0.0,0.5,0.0,6,0.0,0,154,0.49000000953674316,0.0,0.6100000143051147,0.05000000074505806,0.05999999865889549,0.019999999552965164,0.10000000149011612,0.49,0.0,0.0,-0.1,2.53,Newcastle,17,1,3.16,Spurs,19,0,3.42,Fulham,10,1,1.8,Sunderland,20,1,4.01,Everton,9,0,2.98,0,0,5,False,True,2.81,0.16,🟢 Easy,0.0,0.49,0.0,0.72,0.16,0.09
492,Taiwo Awoniyi,Forward,Coventry City,5.4,7,s,0,False,False,1,747,1.0,3,0.6666666666666666,0.75,70.66666666666667,0.8490566037735848,0.0,0.0,0.0,0.0,26.0,14.933333333333335,4.533333333333333,0.0,0.0,-0.125,0.3703703703703708,57.25,0.0,0.0,13.875,11.15,4.0,0.5,0.0,6,0.4,75,5240,1.7599999904632568,0.05000000074505806,5.579999923706055,0.2199999988079071,0.05999999865889549,0.07000000029802322,0.1899999976158142,3.23,0.844,0.0,-0.1,2.53,Newcastle,17,1,3.16,Spurs,19,0,3.42,Fulham,10,1,1.8,Sunderland,20,1,4.01,Everton,9,0,2.98,0,0,5,False,True,2.81,0.16,🟢 Easy,0.0,1.76,0.0,2.58,0.478,0.83
575,Caleb Yirenkyi,Midfielder,Coventry City,4.8,7,a,100,False,False,1,747,1.0,3,1.6666666666666667,1.5,38.0,3.947368421052632,0.0,0.0,0.3333333333333333,0.0,2.3333333333333335,8.933333333333334,3.466666666666667,0.0,0.0,1.25,1.2962962962962965,31.625,0.0,0.0,0.875,7.7125,4.0,0.5,0.0,6,0.1,314,1045,1.4900000095367432,0.019999999552965164,3.140000104904175,0.05999999865889549,0.029999999329447746,0.019999999552965164,0.07999999821186066,1.45,0.547,1.02,-0.1,2.53,Newcastle,17,1,3.16,Spurs,19,0,3.42,Fulham,10,1,1.8,Sunderland,20,1,4.01,Everton,9,0,2.98,0,0,5,False,True,2.81,0.16,🟢 Easy,0.0,1.49,0.0,1.49,0.31,2.51
584,Gustavo Hamer,Midfielder,Coventry City,5.4,7,a,100,False,False,1,747,1.0,3,0.6666666666666666,0.75,8.0,7.5,0.0,0.0,0.0,0.0,0.0,0.5,0.06666666666666667,0.0,0.0,0.5,0.6666666666666667,4.625,0.0,0.0,0.0,0.225,3.0,0.5,0.0,6,0.1,43,411,0.7200000286102295,0.0,1.2000000476837158,0.03999999910593033,0.019999999552965164,0.03999999910593033,0.09000000357627869,1.37,0.184,0.31,-0.1,2.53,Newcastle,17,1,3.16,Spurs,19,0,3.42,Fulham,10,1,1.8,Sunderland,20,1,4.01,Everton,9,0,2.98,0,0,5,False,True,2.81,0.16,🟢 Easy,0.0,0.72,0.0,0.45,0.083,0.8
599,Sidiki Cherif,Forward,Coventry City,5.0,7,a,100,False,False,1,747,1.0,3,0.3333333333333333,0.25,10.0,3.0,0.0,0.0,0.0,0.0,0.0,0.06666666666666667,0.3333333333333333,0.0,0.0,0.5,0.3333333333333333,15.0,0.0,0.0,0.0,0.1,1.0,0.5,0.0,6,0.1,566,784,0.6800000071525574,0.0,0.8100000023841858,0.05000000074505806,0.05999999865889549,0.019999999552965164,0.10000000149011612,1.49,0.215,0.31,-0.1,2.53,Newcastle,17,1,3.16,Spurs,19,0,3.42,Fulham,10,1,1.8,Sunderland,20,1,4.01,Everton,9,0,2.98,0,0,5,False,True,2.81,0.16,🟢 Easy,0.0,0.68,0.0,0.45,0.09,0.74
623,Dan Bentley,Goalkeeper,Coventry City,4.0,7,a,100,False,False,1,747,1.0,3,0.0,0.0,0.0,0.0,0.0,0.0,0.0,0.0,0.0,0.0,0.0,0.0,0.0,0.0,0.0,0.0,0.0,0.0,0.0,0.0,0.0,0.6666666666666666,0.0,6,0.6,8312,2437,0.12999999523162842,0.0,0.05999999865889549,0.0,0.0,0.029999999329447746,0.05000000074505806,0.05,0.0,0.04,-0.1,2.53,Newcastle,17,1,3.16,Spurs,19,0,3.42,Fulham,10,1,1.8,Sunderland,20,1,4.01,Everton,9,0,2.98,0,0,5,False,True,2.81,0.16,🟢 Easy,0.0,0.13,0.0,0.06,0.015,0.09
655,Yann Gboho,Midfielder,Coventry City,5.5,7,a,100,False,False,1,747,1.0,3,0.0,0.0,0.0,0.0,0.0,0.0,0.0,0.0,0.0,0.0,0.0,0.0,0.0,0.0,0.0,0.0,0.0,0.0,0.0,0.0,0.0,1.0,0.0,6,0.0,79,54,0.5799999833106995,0.0,1.5499999523162842,0.03999999910593033,0.029999999329447746,0.03999999910593033,0.09000000357627869,0.39,0.0,0.17,-0.1,2.53,Newcastle,17,1,3.16,Spurs,19,0,3.42,Fulham,10,1,1.8,Sunderland,20,1,4.01,Everton,9,0,2.98,0,0,5,False,True,2.81,0.16,🟢 Easy,0.0,0.58,0.0,0.25,0.045,0.57
656,Stephen Mfuni,Defender,Coventry City,4.0,7,a,100,False,False,1,747,1.0,3,0.0,0.0,0.0,0.0,0.0,0.0,0.0,0.0,0.0,0.0,0.0,0.0,0.0,0.0,0.0,0.0,0.0,0.0,0.0,0.0,0.0,1.0,0.0,6,0.1,1944,898,0.36000001430511475,0.0,0.5799999833106995,0.019999999552965164,0.019999999552965164,0.09000000357627869,0.029999999329447746,0.22,0.0,0.11,-0.1,2.53,Newcastle,17,1,3.16,Spurs,19,0,3.42,Fulham,10,1,1.8,Sunderland,20,1,4.01,Everton,9,0,2.98,0,0,5,False,True,2.81,0.16,🟢 Easy,0.0,0.36,0.0,0.18,0.045,0.31
42,Evann Guessand,Midfielder,Crystal Palace,5.4,8,a,100,False,False,1,795,1.0,3,0.3333333333333333,0.5,9.0,3.333333333333333,0.0,0.0,0.0,0.0,0.0,0.09999999999999999,0.7333333333333334,0.0,0.0,0.25,0.44444444444444453,6.75,0.0,0.0,0.875,0.2625,2.0,0.5,-1.0,6,0.0,117,277,0.7300000190734863,0.0,1.340000033378601,0.03999999910593033,0.019999999552965164,0.03999999910593033,0.09000000357627869,1.36,0.2,0.32,-0.1,3.02,Nott'm Forest,18,1,4.32,Brighton,5,0,2.53,Newcastle,17,1,3.16,Spurs,19,0,4.6,Liverpool,14,1,3.53,0,0,5,False,True,3.35,0.2,🔴 Tough,0.0,0.73,0.0,0.42,0.078,0.84
153,Axel Disasi,Defender,Crystal Palace,4.5,8,s,0,False,False,1,795,1.0,3,0.3333333333333333,0.25,46.333333333333336,0.6474820143884892,0.0,0.0,0.0,0.0,0.6666666666666666,4.466666666666667,11.6,0.0,0.0,-0.625,-0.185185185185185,41.0,0.0,0.0,0.5,3.375,3.0,0.5,0.0,6,0.1,28,805,1.340000033378601,0.0,5.360000133514404,0.029999999329447746,0.019999999552965164,0.10999999940395355,0.10000000149011612,1.31,0.628,0.0,-0.1,3.02,Nott'm Forest,18,1,4.32,Brighton,5,0,2.53,Newcastle,17,1,3.16,Spurs,19,0,4.6,Liverpool,14,1,3.53,0,0,5,False,True,3.35,0.2,🔴 Tough,0.0,1.34,0.0,1.92,0.427,0.8
198,Dean Henderson,Goalkeeper,Crystal Palace,4.9,8,i,0,False,False,1,795,1.0,3,1.0,1.25,60.0,1.5,0.0,0.0,0.0,0.0,0.0,0.0,22.866666666666664,3.0,0.0,0.875,1.1851851851851856,45.0,0.0,0.0,0.0,0.0,3.0,0.5,0.0,6,1.3,156,11785,2.809999942779541,0.05000000074505806,4.019999980926514,0.0,0.0,0.14000000059604645,0.05000000074505806,2.59,0.753,0.0,-0.1,3.02,Nott'm Forest,18,1,4.32,Brighton,5,0,2.53,Newcastle,17,1,3.16,Spurs,19,0,4.6,Liverpool,14,1,3.53,0,0,5,False,True,3.35,0.2,🔴 Tough,0.0,2.81,0.0,3.73,0.761,0.6
199,Walter Benítez,Goalkeeper,Crystal Palace,4.5,8,a,100,False,False,1,795,1.0,3,0.6666666666666666,0.5,30.0,1.9999999999999998,0.0,0.0,0.0,0.0,0.0,0.0,6.266666666666667,1.0,0.0,1.0,0.6666666666666666,45.0,0.0,0.0,0.0,0.0,1.0,0.5,0.0,6,0.1,725,403,0.4699999988079071,0.0,1.5,0.0,0.0,0.07000000029802322,0.11999999731779099,1.12,0.463,0.29,-0.1,3.02,Nott'm Forest,18,1,4.32,Brighton,5,0,2.53,Newcastle,17,1,3.16,Spurs,19,0,4.6,Liverpool,14,1,3.53,0,0,5,False,True,3.35,0.2,🔴 Tough,0.0,0.47,0.0,0.39,0.087,0.8
202,Chris Richards,Defender,Crystal Palace,4.9,8,a,100,False,False,1,795,1.0,3,1.0,1.5,90.0,1.0,0.0,0.0,0.0,0.0,8.0,2.1666666666666665,22.066666666666666,0.0,0.3333333333333333,1.625,1.7777777777777781,90.0,0.0,0.0,3.875,3.1750000000000003,4.0,0.5,0.0,6,0.6,1705,2314,2.180000066757202,0.05000000074505806,6.559999942779541,0.029999999329447746,0.029999999329447746,0.11999999731779099,0.17000000178813934,2.88,1.0,2.18,-0.1,3.02,Nott'm Forest,18,1,4.32,Brighton,5,0,2.53,Newcastle,17,1,3.16,Spurs,19,0,4.6,Liverpool,14,1,3.53,0,0,5,False,True,3.35,0.2,🔴 Tough,0.0,2.18,0.0,3.12,0.637,5.34
203,Jaydee Canvot,Defender,Crystal Palace,4.8,8,a,100,False,False,1,795,1.0,3,0.3333333333333333,0.5,60.0,0.49999999999999994,0.0,0.0,0.0,0.0,0.0,0.7999999999999999,11.933333333333332,0.0,0.0,0.375,0.5185185185185187,45.0,0.0,0.0,0.625,1.25,3.0,0.5,0.0,6,0.2,445,907,2.049999952316284,0.0,6.050000190734863,0.029999999329447746,0.019999999552965164,0.10999999940395355,0.05000000074505806,2.72,0.753,1.7,-0.1,3.02,Nott'm Forest,18,1,4.32,Brighton,5,0,2.53,Newcastle,17,1,3.16,Spurs,19,0,4.6,Liverpool,14,1,3.53,0,0,5,False,True,3.35,0.2,🔴 Tough,0.0,2.05,0.0,2.43,0.506,4.31
204,Tyrick Mitchell,Defender,Crystal Palace,4.5,8,a,100,False,False,1,795,1.0,3,5.333333333333333,4.25,79.66666666666667,6.02510460251046,0.6666666666666666,0.0,0.0,0.6666666666666666,18.0,16.8,32.46666666666667,0.0,0.0,4.375,3.9629629629629637,78.75,0.5,0.0,12.875,16.150000000000002,4.0,0.5,0.0,6,6.1,16075,17177,1.8799999952316284,0.05000000074505806,5.789999961853027,0.029999999329447746,0.20000000298023224,0.10000000149011612,0.25,3.42,0.918,1.77,-0.1,3.02,Nott'm Forest,18,1,4.32,Brighton,5,0,2.53,Newcastle,17,1,3.16,Spurs,19,0,4.6,Liverpool,14,1,3.53,0,0,5,False,True,3.35,0.2,🔴 Tough,0.0,1.88,0.0,2.53,0.562,4.4
205,Borna Sosa,Defender,Crystal Palace,4.5,8,u,0,False,False,1,795,1.0,3,0.0,0.0,0.0,0.0,0.0,0.0,0.0,0.0,0.0,0.0,0.0,0.0,0.0,0.0,0.0,0.0,0.0,0.0,0.0,0.0,0.0,0.5,0.0,6,0.0,0,111,0.6200000047683716,0.0,2.259999990463257,0.019999999552965164,0.019999999552965164,0.10000000149011612,0.03999999910593033,0.22,0.0,0.0,-0.1,3.02,Nott'm Forest,18,1,4.32,Brighton,5,0,2.53,Newcastle,17,1,3.16,Spurs,19,0,4.6,Liverpool,14,1,3.53,0,0,5,False,True,3.35,0.2,🔴 Tough,0.0,0.62,0.0,0.89,0.198,0.34
206,Chadi Riad Dnanou,Defender,Crystal Palace,4.3,8,i,0,False,False,1,795,1.0,3,0.0,0.25,0.0,0.0,0.0,0.0,0.0,0.0,0.0,0.0,0.0,0.0,0.0,0.125,0.2962962962962964,9.0,0.0,0.0,0.0,0.1625,1.0,0.5,0.0,6,0.0,25,133,0.6299999952316284,0.0,1.9299999475479126,0.019999999552965164,0.019999999552965164,0.10000000149011612,0.03999999910593033,0.22,0.0,0.0,-0.1,3.02,Nott'm Forest,18,1,4.32,Brighton,5,0,2.53,Newcastle,17,1,3.16,Spurs,19,0,4.6,Liverpool,14,1,3.53,0,0,5,False,True,3.35,0.2,🔴 Tough,0.0,0.63,0.0,0.9,0.209,0.29
207,Oscar Mingueza,Defender,Crystal Palace,4.4,8,a,100,False,False,1,795,1.0,3,0.6666666666666666,0.5,5.333333333333333,11.25,0.0,0.0,0.0,0.0,0.0,0.13333333333333333,1.0666666666666667,0.0,0.0,0.375,0.3703703703703704,2.125,0.0,0.0,0.0,0.0875,2.0,0.5,0.0,6,0.1,91,290,0.9700000286102295,0.0,3.180000066757202,0.019999999552965164,0.019999999552965164,0.10000000149011612,0.03999999910593033,1.22,0.138,0.38,-0.1,3.02,Nott'm Forest,18,1,4.32,Brighton,5,0,2.53,Newcastle,17,1,3.16,Spurs,19,0,4.6,Liverpool,14,1,3.53,0,0,5,False,True,3.35,0.2,🔴 Tough,0.0,0.97,0.0,0.54,0.123,1.24
208,Ismaïla Sarr,Midfielder,Crystal Palace,6.2,8,a,100,False,False,1,795,1.0,3,0.0,0.0,0.0,0.0,0.0,0.0,0.0,0.0,0.0,0.0,0.0,0.0,0.0,0.0,0.0,0.0,0.0,0.0,0.0,0.0,0.0,0.5,-1.0,6,0.6,2682,2334,0.6700000166893005,0.0,1.4900000095367432,0.05000000074505806,0.019999999552965164,0.05000000074505806,0.09000000357627869,0.42,0.0,0.2,-0.1,3.02,Nott'm Forest,18,1,4.32,Brighton,5,0,2.53,Newcastle,17,1,3.16,Spurs,19,0,4.6,Liverpool,14,1,3.53,0,0,5,False,True,3.35,0.2,🔴 Tough,0.0,0.67,0.0,0.26,0.042,0.62
210,Adam Wharton,Midfielder,Crystal Palace,5.4,8,a,100,False,False,1,795,1.0,3,2.0,2.5,85.33333333333333,2.109375,0.0,0.0,0.0,0.0,1.6666666666666667,13.1,12.066666666666668,0.0,0.0,2.25,2.592592592592593,83.0,0.0,0.0,2.0,13.55,4.0,0.5,0.0,6,0.7,1214,4701,2.25,0.7599999904632568,4.46999979019165,0.03999999910593033,0.07000000029802322,0.14000000059604645,0.09000000357627869,2.67,0.963,2.19,-0.1,3.02,Nott'm Forest,18,1,4.32,Brighton,5,0,2.53,Newcastle,17,1,3.16,Spurs,19,0,4.6,Liverpool,14,1,3.53,0,0,5,False,True,3.35,0.2,🔴 Tough,0.0,2.25,0.0,2.85,0.528,4.94
211,Yéremy Pino Santos,Midfielder,Crystal Palace,5.5,8,a,100,False,False,1,795,1.0,3,3.6666666666666665,3.0,63.666666666666664,5.183246073298429,0.0,0.6666666666666666,0.0,0.0,5.666666666666667,26.5,6.266666666666667,0.0,0.0,2.5,2.481481481481482,52.75,0.0,0.375,4.375,17.0625,4.0,0.5,0.0,6,0.3,724,2777,2.240000009536743,0.36000001430511475,5.099999904632568,0.05000000074505806,0.07999999821186066,0.10000000149011612,0.10000000149011612,2.67,0.785,1.9,-0.1,3.02,Nott'm Forest,18,1,4.32,Brighton,5,0,2.53,Newcastle,17,1,3.16,Spurs,19,0,4.6,Liverpool,14,1,3.53,0,0,5,False,True,3.35,0.2,🔴 Tough,0.0,2.24,0.0,2.47,0.449,4.51
212,Will Hughes,Midfielder,Crystal Palace,4.4,8,a,100,False,False,1,795,1.0,3,0.6666666666666666,0.5,9.666666666666666,6.206896551724138,0.0,0.0,0.0,0.0,0.0,5.1000000000000005,2.6666666666666665,0.0,0.0,0.75,0.5555555555555556,10.5,0.0,0.0,0.0,7.575,2.0,0.5,-1.0,6,7.3,9380,46239,0.9399999976158142,0.17000000178813934,1.9500000476837158,0.03999999910593033,0.019999999552965164,0.029999999329447746,0.07999999821186066,1.35,0.21,0.42,-0.1,3.02,Nott'm Forest,18,1,4.32,Brighton,5,0,2.53,Newcastle,17,1,3.16,Spurs,19,0,4.6,Liverpool,14,1,3.53,0,0,5,False,True,3.35,0.2,🔴 Tough,0.0,0.94,0.0,0.55,0.125,1.11
213,Jefferson Lerma Solís,Midfielder,Crystal Palace,4.8,8,a,100,False,False,1,795,1.0,3,0.3333333333333333,0.25,2.0,15.0,0.0,0.0,0.0,0.0,0.0,0.09999999999999999,0.7333333333333334,0.0,0.0,0.5,0.3333333333333333,3.0,0.0,0.0,0.0,0.15,1.0,0.5,0.0,6,0.1,96,394,0.5699999928474426,0.0,1.3899999856948853,0.03999999910593033,0.019999999552965164,0.029999999329447746,0.07999999821186066,1.34,0.07,0.2,-0.1,3.02,Nott'm Forest,18,1,4.32,Brighton,5,0,2.53,Newcastle,17,1,3.16,Spurs,19,0,4.6,Liverpool,14,1,3.53,0,0,5,False,True,3.35,0.2,🔴 Tough,0.0,0.57,0.0,0.26,0.054,0.61
214,Daichi Kamada,Midfielder,Crystal Palace,5.0,8,a,100,False,False,1,795,1.0,3,5.0,4.5,87.0,5.172413793103448,0.0,1.0,0.0,0.0,5.0,15.966666666666667,24.46666666666667,0.0,0.0,5.875,4.962962962962964,86.0,0.0,1.25,3.375,20.7625,4.0,0.5,0.0,6,0.5,3423,3183,3.369999885559082,0.9100000262260437,5.829999923706055,0.05000000074505806,0.2199999988079071,0.15000000596046448,0.09000000357627869,3.15,0.977,3.31,-0.1,3.02,Nott'm Forest,18,1,4.32,Brighton,5,0,2.53,Newcastle,17,1,3.16,Spurs,19,0,4.6,Liverpool,14,1,3.53,0,0,5,False,True,3.35,0.2,🔴 Tough,0.0,3.37,0.0,4.3,0.86,7.36
215,Justin Devenny,Midfielder,Crystal Palace,5.0,8,u,0,False,False,1,795,1.0,3,0.0,0.0,0.0,0.0,0.0,0.0,0.0,0.0,0.0,0.0,0.0,0.0,0.0,0.0,0.0,0.0,0.0,0.0,0.0,0.0,0.0,0.5,0.0,6,0.0,0,37,0.4300000071525574,0.0,0.7599999904632568,0.03999999910593033,0.019999999552965164,0.03999999910593033,0.07999999821186066,0.33,0.0,0.0,-0.1,3.02,Nott'm Forest,18,1,4.32,Brighton,5,0,2.53,Newcastle,17,1,3.16,Spurs,19,0,4.6,Liverpool,14,1,3.53,0,0,5,False,True,3.35,0.2,🔴 Tough,0.0,0.43,0.0,0.56,0.112,0.11
216,Romain Esse,Midfielder,Crystal Palace,5.0,8,u,0,False,False,1,795,1.0,3,0.0,0.0,0.0,0.0,0.0,0.0,0.0,0.0,0.0,0.0,0.0,0.0,0.0,0.0,0.0,0.0,0.0,0.0,0.0,0.0,0.0,0.5,0.0,6,0.0,0,132,0.4300000071525574,0.0,0.7599999904632568,0.03999999910593033,0.019999999552965164,0.03999999910593033,0.07999999821186066,0.33,0.0,0.0,-0.1,3.02,Nott'm Forest,18,1,4.32,Brighton,5,0,2.53,Newcastle,17,1,3.16,Spurs,19,0,4.6,Liverpool,14,1,3.53,0,0,5,False,True,3.35,0.2,🔴 Tough,0.0,0.43,0.0,0.56,0.112,0.11
217,Matheus França de Oliveira,Midfielder,Crystal Palace,4.9,8,u,0,False,False,1,795,1.0,3,0.0,0.0,0.0,0.0,0.0,0.0,0.0,0.0,0.0,0.0,0.0,0.0,0.0,0.0,0.0,0.0,0.0,0.0,0.0,0.0,0.0,0.5,0.0,6,0.0,0,162,0.38999998569488525,0.0,0.6700000166893005,0.03999999910593033,0.019999999552965164,0.03999999910593033,0.07999999821186066,0.33,0.0,0.0,-0.1,3.02,Nott'm Forest,18,1,4.32,Brighton,5,0,2.53,Newcastle,17,1,3.16,Spurs,19,0,4.6,Liverpool,14,1,3.53,0,0,5,False,True,3.35,0.2,🔴 Tough,0.0,0.39,0.0,0.51,0.104,0.1
218,Cheick Doucouré,Midfielder,Crystal Palace,4.8,8,a,100,False,False,1,795,1.0,3,0.0,0.0,0.0,0.0,0.0,0.0,0.0,0.0,0.0,0.0,0.0,0.0,0.0,0.0,0.0,0.0,0.0,0.0,0.0,0.0,0.0,0.5,0.0,6,0.0,118,306,0.38999998569488525,0.0,0.6700000166893005,0.03999999910593033,0.019999999552965164,0.03999999910593033,0.07999999821186066,0.33,0.0,0.12,-0.1,3.02,Nott'm Forest,18,1,4.32,Brighton,5,0,2.53,Newcastle,17,1,3.16,Spurs,19,0,4.6,Liverpool,14,1,3.53,0,0,5,False,True,3.35,0.2,🔴 Tough,0.0,0.39,0.0,0.16,0.033,0.34
219,Jesurun Rak-Sakyi,Midfielder,Crystal Palace,4.9,8,u,0,False,False,1,795,1.0,3,0.0,0.0,0.0,0.0,0.0,0.0,0.0,0.0,0.0,0.0,0.0,0.0,0.0,0.0,0.0,0.0,0.0,0.0,0.0,0.0,0.0,0.5,0.0,6,0.0,0,27,0.38999998569488525,0.0,0.6700000166893005,0.03999999910593033,0.019999999552965164,0.03999999910593033,0.07999999821186066,0.33,0.0,0.0,-0.1,3.02,Nott'm Forest,18,1,4.32,Brighton,5,0,2.53,Newcastle,17,1,3.16,Spurs,19,0,4.6,Liverpool,14,1,3.53,0,0,5,False,True,3.35,0.2,🔴 Tough,0.0,0.39,0.0,0.51,0.104,0.1
220,Rio Cardines,Defender,Crystal Palace,4.5,8,u,0,False,False,1,795,1.0,3,0.0,0.0,0.0,0.0,0.0,0.0,0.0,0.0,0.0,0.0,0.0,0.0,0.0,0.0,0.0,0.0,0.0,0.0,0.0,0.0,0.0,0.5,0.0,6,0.0,0,3,0.6200000047683716,0.0,2.259999990463257,0.019999999552965164,0.019999999552965164,0.10000000149011612,0.03999999910593033,0.22,0.0,0.0,-0.1,3.02,Nott'm Forest,18,1,4.32,Brighton,5,0,2.53,Newcastle,17,1,3.16,Spurs,19,0,4.6,Liverpool,14,1,3.53,0,0,5,False,True,3.35,0.2,🔴 Tough,0.0,0.62,0.0,0.89,0.198,0.34
221,Joél Drakes-Thomas,Midfielder,Crystal Palace,4.5,8,a,100,False,False,1,795,1.0,3,0.0,0.0,0.0,0.0,0.0,0.0,0.0,0.0,0.0,0.0,0.0,0.0,0.0,0.0,0.0,0.0,0.0,0.0,0.0,0.0,0.0,0.5,0.0,6,0.1,153,442,0.38999998569488525,0.0,0.47999998927116394,0.03999999910593033,0.019999999552965164,0.03999999910593033,0.07999999821186066,0.33,0.0,0.12,-0.1,3.02,Nott'm Forest,18,1,4.32,Brighton,5,0,2.53,Newcastle,17,1,3.16,Spurs,19,0,4.6,Liverpool,14,1,3.53,0,0,5,False,True,3.35,0.2,🔴 Tough,0.0,0.39,0.0,0.16,0.036,0.31
222,Jørgen Strand Larsen,Forward,Crystal Palace,6.0,8,a,100,False,False,1,795,1.0,3,3.6666666666666665,3.0,63.333333333333336,5.2105263157894735,0.3333333333333333,0.0,0.0,0.6666666666666666,11.666666666666666,4.633333333333334,16.133333333333333,0.0,0.0,4.625,3.4814814814814814,63.875,0.5,0.0,18.125,7.075,4.0,0.5,0.0,6,0.7,5348,4128,3.450000047683716,0.0,7.820000171661377,0.23999999463558197,0.05999999865889549,0.2199999988079071,0.3700000047683716,3.52,0.782,2.92,-0.1,3.02,Nott'm Forest,18,1,4.32,Brighton,5,0,2.53,Newcastle,17,1,3.16,Spurs,19,0,4.6,Liverpool,14,1,3.53,0,0,5,False,True,3.35,0.2,🔴 Tough,0.0,3.45,0.0,3.8,0.633,7.01
223,Jean-Philippe Mateta,Forward,Crystal Palace,6.3,8,i,0,False,False,1,795,1.0,3,0.0,0.5,0.0,0.0,0.0,0.0,0.0,0.0,0.0,0.0,0.0,0.0,0.0,0.25,0.5925925925925928,7.75,0.0,0.0,1.375,1.5375,1.0,0.5,-1.0,6,1.3,231,9535,1.9800000190734863,0.0,3.5999999046325684,0.23000000417232513,0.05999999865889549,0.10999999940395355,0.20000000298023224,1.31,0.0,0.0,-0.1,3.02,Nott'm Forest,18,1,4.32,Brighton,5,0,2.53,Newcastle,17,1,3.16,Spurs,19,0,4.6,Liverpool,14,1,3.53,0,0,5,False,True,3.35,0.2,🔴 Tough,0.0,1.98,0.0,2.57,0.408,0.54
224,Eddie Nketiah,Forward,Crystal Palace,5.5,8,a,100,False,False,1,795,1.0,3,2.0,1.75,37.333333333333336,4.821428571428571,0.0,0.3333333333333333,0.0,0.0,9.0,7.099999999999999,7.933333333333334,0.0,0.0,1.375,1.4814814814814816,26.5,0.0,0.25,8.625,7.0625,3.0,0.5,0.0,6,0.5,1371,3476,3.5399999618530273,0.0,6.03000020980835,0.3499999940395355,0.10000000149011612,0.05000000074505806,0.30000001192092896,2.98,0.54,2.4,-0.1,3.02,Nott'm Forest,18,1,4.32,Brighton,5,0,2.53,Newcastle,17,1,3.16,Spurs,19,0,4.6,Liverpool,14,1,3.53,0,0,5,False,True,3.35,0.2,🔴 Tough,0.0,3.54,0.0,3.12,0.567,5.7
225,Christantus Uche,Forward,Crystal Palace,5.0,8,u,0,False,False,1,795,1.0,3,0.0,0.0,0.0,0.0,0.0,0.0,0.0,0.0,0.0,0.0,0.0,0.0,0.0,0.0,0.0,0.0,0.0,0.0,0.0,0.0,0.0,0.5,0.0,6,0.0,0,0,0.5099999904632568,0.0,0.8100000023841858,0.05000000074505806,0.05999999865889549,0.019999999552965164,0.10000000149011612,0.49,0.0,0.0,-0.1,3.02,Nott'm Forest,18,1,4.32,Brighton,5,0,2.53,Newcastle,17,1,3.16,Spurs,19,0,4.6,Liverpool,14,1,3.53,0,0,5,False,True,3.35,0.2,🔴 Tough,0.0,0.51,0.0,0.66,0.132,0.12
241,Dwight McNeil,Midfielder,Crystal Palace,5.3,8,a,100,False,False,1,795,1.0,3,0.3333333333333333,0.75,7.333333333333333,4.090909090909091,0.0,0.0,0.0,0.0,0.0,0.09999999999999999,0.13333333333333333,0.0,0.0,0.375,0.740740740740741,10.5,0.0,0.0,0.25,0.625,2.0,0.5,0.0,6,0.1,82,505,0.6000000238418579,0.0,1.0099999904632568,0.03999999910593033,0.019999999552965164,0.029999999329447746,0.07999999821186066,1.34,0.173,0.25,-0.1,3.02,Nott'm Forest,18,1,4.32,Brighton,5,0,2.53,Newcastle,17,1,3.16,Spurs,19,0,4.6,Liverpool,14,1,3.53,0,0,5,False,True,3.35,0.2,🔴 Tough,0.0,0.6,0.0,0.33,0.062,0.65
555,Remi Matthews,Goalkeeper,Crystal Palace,4.0,8,a,100,False,False,1,795,1.0,3,0.0,0.0,0.0,0.0,0.0,0.0,0.0,0.0,0.0,0.0,0.0,0.0,0.0,0.0,0.0,0.0,0.0,0.0,0.0,0.0,0.0,0.5,0.0,6,1.7,1162,3150,0.12999999523162842,0.0,0.05999999865889549,0.0,0.0,0.029999999329447746,0.05000000074505806,0.05,0.0,0.04,-0.1,3.02,Nott'm Forest,18,1,4.32,Brighton,5,0,2.53,Newcastle,17,1,3.16,Spurs,19,0,4.6,Liverpool,14,1,3.53,0,0,5,False,True,3.35,0.2,🔴 Tough,0.0,0.13,0.0,0.05,0.012,0.09
577,Takehiro Tomiyasu,Defender,Crystal Palace,4.4,8,d,75,False,False,1,795,1.0,3,0.3333333333333333,0.5,42.0,0.7142857142857142,0.0,0.0,0.0,0.0,2.0,0.8666666666666667,7.599999999999999,0.0,0.0,0.25,0.44444444444444453,37.875,0.0,0.0,2.25,1.1125,3.0,0.5,-1.0,6,0.3,149,1267,1.2100000381469727,0.05000000074505806,4.699999809265137,0.029999999329447746,0.019999999552965164,0.10999999940395355,0.03999999910593033,1.25,0.587,0.64,-0.1,3.02,Nott'm Forest,18,1,4.32,Brighton,5,0,2.53,Newcastle,17,1,3.16,Spurs,19,0,4.6,Liverpool,14,1,3.53,0,0,5,False,True,3.35,0.2,🔴 Tough,0.0,1.21,0.0,0.92,0.209,1.98
588,Anan Khalaili,Defender,Crystal Palace,5.0,8,a,100,False,False,1,795,1.0,3,4.0,3.25,84.66666666666667,4.251968503937007,0.3333333333333333,0.0,0.0,0.0,14.0,6.6000000000000005,29.46666666666667,0.0,0.3333333333333333,4.625,3.5925925925925926,81.125,0.5,0.0,18.375,12.075,4.0,0.5,0.0,6,0.3,2205,1227,2.109999895095825,0.05000000074505806,5.550000190734863,0.029999999329447746,0.23000000417232513,0.10000000149011612,0.25999999046325684,3.53,0.958,2.05,-0.1,3.02,Nott'm Forest,18,1,4.32,Brighton,5,0,2.53,Newcastle,17,1,3.16,Spurs,19,0,4.6,Liverpool,14,1,3.53,0,0,5,False,True,3.35,0.2,🔴 Tough,0.0,2.11,0.0,2.93,0.586,4.93
595,Zavier Gozo,Midfielder,Crystal Palace,4.9,8,a,100,False,False,1,795,1.0,3,0.6666666666666666,0.5,9.333333333333334,6.428571428571428,0.0,0.0,0.0,0.0,0.0,0.5333333333333333,0.4666666666666666,0.0,0.0,0.625,0.4814814814814815,5.75,0.0,0.0,0.0,0.3125,2.0,0.5,0.0,6,0.0,41,93,0.7300000190734863,0.0,1.5199999809265137,0.03999999910593033,0.019999999552965164,0.029999999329447746,0.07999999821186066,1.34,0.205,0.32,-0.1,3.02,Nott'm Forest,18,1,4.32,Brighton,5,0,2.53,Newcastle,17,1,3.16,Spurs,19,0,4.6,Liverpool,14,1,3.53,0,0,5,False,True,3.35,0.2,🔴 Tough,0.0,0.73,0.0,0.42,0.086,0.87
633,Honest Ahanor,Defender,Crystal Palace,4.5,8,a,100,False,False,1,795,1.0,3,1.5,1.5,45.0,3.0,0.0,0.0,0.0,0.0,2.0,5.95,12.3,0.0,0.0,1.5,1.0,45.0,0.0,0.0,2.0,5.95,1.0,0.5,0.0,6,0.0,144,112,1.2999999523162842,0.0,4.659999847412109,0.019999999552965164,0.019999999552965164,0.10999999940395355,0.05000000074505806,1.24,0.616,0.95,-0.1,3.02,Nott'm Forest,18,1,4.32,Brighton,5,0,2.53,Newcastle,17,1,3.16,Spurs,19,0,4.6,Liverpool,14,1,3.53,0,0,5,False,True,3.35,0.2,🔴 Tough,0.0,1.3,0.0,1.36,0.302,2.6
643,Ben Chilwell,Defender,Crystal Palace,4.5,8,a,100,False,False,1,795,1.0,3,4.0,4.0,14.5,24.82758620689655,0.5,0.0,0.0,0.0,10.5,2.1,16.700000000000003,0.0,0.0,4.0,5.0,14.5,0.5,0.0,10.5,2.1,2.0,0.5,0.0,6,0.4,591,3038,1.8899999856948853,0.0,5.489999771118164,0.019999999552965164,0.05999999865889549,0.10999999940395355,0.07999999821186066,1.38,0.279,0.94,-0.1,3.02,Nott'm Forest,18,1,4.32,Brighton,5,0,2.53,Newcastle,17,1,3.16,Spurs,19,0,4.6,Liverpool,14,1,3.53,0,0,5,False,True,3.35,0.2,🔴 Tough,0.0,1.89,0.0,1.34,0.298,2.7
644,Quinten Timber,Midfielder,Crystal Palace,5.0,8,a,100,False,False,1,795,1.0,3,3.0,3.0,81.5,3.3128834355828225,0.0,0.0,0.0,0.0,14.0,2.5500000000000003,14.7,0.0,0.0,3.0,2.666666666666667,81.5,0.0,0.0,14.0,2.5500000000000003,2.0,0.5,0.0,6,0.0,483,331,2.700000047683716,0.7900000214576721,5.579999923706055,0.12999999523162842,0.09000000357627869,0.1899999976158142,0.10000000149011612,3.23,0.933,2.57,-0.1,3.02,Nott'm Forest,18,1,4.32,Brighton,5,0,2.53,Newcastle,17,1,3.16,Spurs,19,0,4.6,Liverpool,14,1,3.53,0,0,5,False,True,3.35,0.2,🔴 Tough,0.0,2.7,0.0,3.34,0.668,5.86
647,Darío Osorio,Midfielder,Crystal Palace,5.5,8,a,100,False,False,1,795,1.0,3,0.5,0.5,0.5,90.0,0.0,0.0,0.0,0.0,0.0,0.15,1.0,0.0,0.0,0.5,0.6666666666666667,0.5,0.0,0.0,0.0,0.15,1.0,0.5,0.0,6,0.0,28,80,0.8399999737739563,0.0,2.7699999809265137,0.05000000074505806,0.029999999329447746,0.03999999910593033,0.09000000357627869,0.44,0.026,0.27,-0.1,3.02,Nott'm Forest,18,1,4.32,Brighton,5,0,2.53,Newcastle,17,1,3.16,Spurs,19,0,4.6,Liverpool,14,1,3.53,0,0,5,False,True,3.35,0.2,🔴 Tough,0.0,0.84,0.0,0.35,0.064,0.96
21,Christian Nørgaard,Midfielder,Everton,4.8,9,i,0,False,False,0,650,1.0,2,0.0,0.0,0.0,0.0,0.0,0.0,0.0,0.0,0.0,0.0,0.0,0.0,0.0,0.0,0.0,0.0,0.0,0.0,0.0,0.0,0.0,0.5,0.0,6,0.0,61,343,0.3799999952316284,0.0,0.6399999856948853,0.03999999910593033,0.019999999552965164,0.029999999329447746,0.07999999821186066,0.33,0.0,0.0,-0.1,3.8,Hull City,11,0,2.53,Chelsea,6,1,4.66,Arsenal,1,0,2.88,Newcastle,17,0,3.19,Coventry City,7,1,3.41,0,0,5,False,False,3.5,-0.087,🔴 Tough,0.0,0.38,0.0,0.47,0.098,0.1
209,Brennan Johnson,Midfielder,Everton,5.9,9,a,100,False,False,0,650,1.0,2,1.6666666666666667,1.5,55.666666666666664,2.694610778443114,0.0,0.0,0.3333333333333333,0.0,5.0,17.3,6.333333333333333,0.0,0.3333333333333333,2.0,1.6666666666666667,57.5,0.0,0.0,5.25,20.2625,4.0,0.5,0.0,6,0.1,442,739,2.5299999713897705,0.47999998927116394,5.739999771118164,0.05000000074505806,0.07000000029802322,0.20000000298023224,0.10000000149011612,1.58,0.714,2.02,-0.1,3.8,Hull City,11,0,2.53,Chelsea,6,1,4.66,Arsenal,1,0,2.88,Newcastle,17,0,3.19,Coventry City,7,1,3.41,0,0,5,False,False,3.5,-0.087,🔴 Tough,0.0,2.53,0.0,2.52,0.427,4.83
226,Jordan Pickford,Goalkeeper,Everton,5.5,9,a,100,False,False,0,650,1.0,2,3.3333333333333335,4.25,90.0,3.333333333333334,0.0,0.0,0.3333333333333333,0.0,0.0,0.0,17.46666666666667,2.3333333333333335,0.0,4.5,4.740740740740741,90.0,0.0,0.0,0.0,0.0,4.0,0.5,0.0,6,9.1,30168,16779,5.599999904632568,0.0,10.479999542236328,0.0,0.0,0.5299999713897705,0.27000001072883606,4.37,1.0,5.6,-0.1,3.8,Hull City,11,0,2.53,Chelsea,6,1,4.66,Arsenal,1,0,2.88,Newcastle,17,0,3.19,Coventry City,7,1,3.41,0,0,5,False,False,3.5,-0.087,🔴 Tough,0.0,5.6,0.0,7.4,1.345,12.77
227,Mark Travers,Goalkeeper,Everton,5.0,9,a,100,False,False,0,650,1.0,2,0.0,0.0,0.0,0.0,0.0,0.0,0.0,0.0,0.0,0.0,0.0,0.0,0.0,0.0,0.0,0.0,0.0,0.0,0.0,0.0,0.0,0.5,0.0,6,0.0,264,275,0.6499999761581421,0.0,3.0199999809265137,0.0,0.0,0.10999999940395355,0.07000000029802322,0.07,0.0,0.19,-0.1,3.8,Hull City,11,0,2.53,Chelsea,6,1,4.66,Arsenal,1,0,2.88,Newcastle,17,0,3.19,Coventry City,7,1,3.41,0,0,5,False,False,3.5,-0.087,🔴 Tough,0.0,0.65,0.0,0.25,0.05,0.83
228,Tom King,Goalkeeper,Everton,4.5,9,a,100,False,False,0,650,1.0,2,0.0,0.0,0.0,0.0,0.0,0.0,0.0,0.0,0.0,0.0,0.0,0.0,0.0,0.0,0.0,0.0,0.0,0.0,0.0,0.0,0.0,0.5,0.0,6,0.0,122,181,0.1899999976158142,0.0,0.3499999940395355,0.0,0.0,0.029999999329447746,0.05000000074505806,0.05,0.0,0.06,-0.1,3.8,Hull City,11,0,2.53,Chelsea,6,1,4.66,Arsenal,1,0,2.88,Newcastle,17,0,3.19,Coventry City,7,1,3.41,0,0,5,False,False,3.5,-0.087,🔴 Tough,0.0,0.19,0.0,0.08,0.018,0.17
229,James Tarkowski,Defender,Everton,6.2,9,a,100,False,False,0,650,1.0,2,7.666666666666667,7.25,90.0,7.666666666666666,0.3333333333333333,0.0,0.3333333333333333,1.3333333333333333,8.333333333333334,4.7,32.8,0.0,0.0,7.0,6.888888888888889,90.0,0.125,0.0,4.375,2.6625,4.0,0.5,1.0,6,16.7,244179,23121,3.490000009536743,0.05000000074505806,5.650000095367432,0.029999999329447746,0.18000000715255737,0.11999999731779099,0.41999998688697815,3.59,1.0,3.49,-0.1,3.8,Hull City,11,0,2.53,Chelsea,6,1,4.66,Arsenal,1,0,2.88,Newcastle,17,0,3.19,Coventry City,7,1,3.41,0,0,5,False,False,3.5,-0.087,🔴 Tough,0.0,3.49,0.0,4.87,0.785,7.82
230,Jarrad Branthwaite,Defender,Everton,5.5,9,a,100,False,False,0,650,1.0,2,4.333333333333333,4.75,90.0,4.333333333333333,0.0,0.0,0.3333333333333333,0.0,22.333333333333332,1.8333333333333333,31.400000000000006,0.0,0.0,5.0,5.037037037037037,90.0,0.0,0.0,13.375,2.1375,4.0,0.5,0.0,6,2.4,21070,7804,2.369999885559082,0.05000000074505806,6.300000190734863,0.029999999329447746,0.18000000715255737,0.10000000149011612,0.1599999964237213,3.28,1.0,2.37,-0.1,3.8,Hull City,11,0,2.53,Chelsea,6,1,4.66,Arsenal,1,0,2.88,Newcastle,17,0,3.19,Coventry City,7,1,3.41,0,0,5,False,False,3.5,-0.087,🔴 Tough,0.0,2.37,0.0,3.31,0.602,5.68
231,Michael Keane,Defender,Everton,4.8,9,a,100,False,False,0,650,1.0,2,0.0,0.0,0.0,0.0,0.0,0.0,0.0,0.0,0.0,0.0,0.0,0.0,0.0,0.0,0.0,0.0,0.0,0.0,0.0,0.0,0.0,0.5,-1.0,6,0.7,417,3992,0.6200000047683716,0.0,1.7599999904632568,0.019999999552965164,0.019999999552965164,0.10000000149011612,0.03999999910593033,0.22,0.0,0.19,-0.1,3.8,Hull City,11,0,2.53,Chelsea,6,1,4.66,Arsenal,1,0,2.88,Newcastle,17,0,3.19,Coventry City,7,1,3.41,0,0,5,False,False,3.5,-0.087,🔴 Tough,0.0,0.62,0.0,0.27,0.056,0.64
232,Jake O'Brien,Defender,Everton,4.8,9,a,100,False,False,0,650,1.0,2,0.3333333333333333,0.25,5.0,6.0,0.0,0.0,0.0,0.0,0.0,0.0,0.3333333333333333,0.0,0.0,0.5,0.3333333333333333,7.5,0.0,0.0,0.0,0.0,1.0,0.5,0.0,6,0.3,354,1207,1.0199999809265137,0.0,2.430000066757202,0.019999999552965164,0.019999999552965164,0.10000000149011612,0.03999999910593033,1.22,0.132,0.4,-0.1,3.8,Hull City,11,0,2.53,Chelsea,6,1,4.66,Arsenal,1,0,2.88,Newcastle,17,0,3.19,Coventry City,7,1,3.41,0,0,5,False,False,3.5,-0.087,🔴 Tough,0.0,1.02,0.0,0.56,0.117,1.16
233,Vitalii Mykolenko,Defender,Everton,4.6,9,d,75,False,False,0,650,1.0,2,5.333333333333333,5.5,90.0,5.333333333333333,0.0,0.0,0.3333333333333333,1.0,1.3333333333333333,4.933333333333334,24.666666666666668,0.0,0.0,7.0,6.2592592592592595,90.0,0.0,0.0,2.25,8.125,4.0,0.5,0.0,6,4.2,41612,25384,2.3399999141693115,0.05000000074505806,7.0,0.029999999329447746,0.15000000596046448,0.10000000149011612,0.3199999928474426,3.33,1.0,1.75,-0.1,3.8,Hull City,11,0,2.53,Chelsea,6,1,4.66,Arsenal,1,0,2.88,Newcastle,17,0,3.19,Coventry City,7,1,3.41,0,0,5,False,False,3.5,-0.087,🔴 Tough,0.0,2.34,0.0,2.44,0.53,4.54
234,Nathan Patterson,Defender,Everton,4.5,9,u,0,False,False,0,650,1.0,2,0.0,0.0,0.0,0.0,0.0,0.0,0.0,0.0,0.0,0.0,0.0,0.0,0.0,0.0,0.0,0.0,0.0,0.0,0.0,0.0,0.0,0.5,0.0,6,0.0,0,132,0.6200000047683716,0.0,1.9700000286102295,0.019999999552965164,0.019999999552965164,0.10000000149011612,0.03999999910593033,0.22,0.0,0.0,-0.1,3.8,Hull City,11,0,2.53,Chelsea,6,1,4.66,Arsenal,1,0,2.88,Newcastle,17,0,3.19,Coventry City,7,1,3.41,0,0,5,False,False,3.5,-0.087,🔴 Tough,0.0,0.62,0.0,0.87,0.193,0.3
235,Adam Aznou,Defender,Everton,4.0,9,u,0,False,False,0,650,1.0,2,0.0,0.0,0.0,0.0,0.0,0.0,0.0,0.0,0.0,0.0,0.0,0.0,0.0,0.0,0.0,0.0,0.0,0.0,0.0,0.0,0.0,0.5,0.0,6,0.1,0,587,0.36000001430511475,0.0,0.20000000298023224,0.019999999552965164,0.019999999552965164,0.09000000357627869,0.029999999329447746,0.22,0.0,0.0,-0.1,3.8,Hull City,11,0,2.53,Chelsea,6,1,4.66,Arsenal,1,0,2.88,Newcastle,17,0,3.19,Coventry City,7,1,3.41,0,0,5,False,False,3.5,-0.087,🔴 Tough,0.0,0.36,0.0,0.5,0.125,0.03
236,Kiernan Dewsbury-Hall,Midfielder,Everton,6.6,9,a,100,False,False,0,650,1.0,2,2.0,4.25,90.0,2.0,0.0,0.0,0.3333333333333333,0.0,23.333333333333332,33.766666666666666,19.466666666666665,0.0,0.3333333333333333,3.125,4.666666666666668,90.0,0.125,0.0,26.75,27.075,4.0,0.5,0.0,6,5.9,35309,49136,6.340000152587891,1.2200000286102295,9.600000381469727,0.14000000059604645,0.36000001430511475,0.25999999046325684,0.49000000953674316,4.52,1.0,6.34,-0.1,3.8,Hull City,11,0,2.53,Chelsea,6,1,4.66,Arsenal,1,0,2.88,Newcastle,17,0,3.19,Coventry City,7,1,3.41,0,0,5,False,False,3.5,-0.087,🔴 Tough,0.0,6.34,0.0,7.91,1.198,13.94
238,Jack Grealish,Midfielder,Everton,6.5,9,a,100,False,False,0,650,1.0,2,0.6666666666666666,0.75,16.333333333333332,3.6734693877551026,0.0,0.0,0.0,0.0,4.0,4.5,3.1333333333333333,0.0,0.0,0.875,0.8518518518518521,19.5,0.0,0.0,3.5,3.7500000000000004,3.0,0.5,0.0,6,0.5,4027,3126,1.4299999475479126,0.009999999776482582,4.070000171661377,0.05000000074505806,0.029999999329447746,0.09000000357627869,0.09000000357627869,1.46,0.303,0.73,-0.1,3.8,Hull City,11,0,2.53,Chelsea,6,1,4.66,Arsenal,1,0,2.88,Newcastle,17,0,3.19,Coventry City,7,1,3.41,0,0,5,False,False,3.5,-0.087,🔴 Tough,0.0,1.43,0.0,0.91,0.14,2.07
239,James Garner,Midfielder,Everton,6.0,9,a,100,False,False,0,650,1.0,2,2.3333333333333335,2.0,75.66666666666667,2.7753303964757707,0.0,0.0,0.3333333333333333,0.0,2.3333333333333335,12.433333333333335,12.199999999999998,0.0,0.6666666666666666,2.75,2.2222222222222223,73.0,0.0,0.0,3.75,11.9375,4.0,0.5,0.0,6,0.2,1875,2121,2.6500000953674316,0.3799999952316284,4.679999828338623,0.07000000029802322,0.029999999329447746,0.20999999344348907,0.09000000357627869,2.72,0.886,2.44,-0.1,3.8,Hull City,11,0,2.53,Chelsea,6,1,4.66,Arsenal,1,0,2.88,Newcastle,17,0,3.19,Coventry City,7,1,3.41,0,0,5,False,False,3.5,-0.087,🔴 Tough,0.0,2.65,0.0,3.04,0.507,5.52
242,Tyrique George,Midfielder,Everton,5.5,9,a,100,False,False,0,650,1.0,2,5.0,4.5,71.66666666666667,6.27906976744186,0.3333333333333333,0.0,0.3333333333333333,1.0,15.333333333333334,20.666666666666668,18.866666666666667,0.0,0.0,4.625,4.407407407407407,72.5,0.25,0.0,13.875,20.75,4.0,0.5,0.0,6,0.9,2580,11223,3.140000104904175,0.6200000047683716,7.079999923706055,0.10999999940395355,0.05000000074505806,0.14000000059604645,0.09000000357627869,2.93,0.853,2.82,-0.1,3.8,Hull City,11,0,2.53,Chelsea,6,1,4.66,Arsenal,1,0,2.88,Newcastle,17,0,3.19,Coventry City,7,1,3.41,0,0,5,False,False,3.5,-0.087,🔴 Tough,0.0,3.14,0.0,3.52,0.64,6.61
243,Carlos Alcaraz Durán,Midfielder,Everton,4.9,9,a,100,False,False,0,650,1.0,2,0.0,0.25,1.3333333333333333,0.0,0.0,0.0,0.0,0.0,2.6666666666666665,0.16666666666666666,0.0,0.0,0.3333333333333333,0.125,0.2962962962962964,0.625,0.0,0.0,3.125,0.1,2.0,0.5,0.0,6,0.1,165,416,0.6399999856948853,0.029999999329447746,1.3300000429153442,0.03999999910593033,0.019999999552965164,0.029999999329447746,0.07999999821186066,1.34,0.052,0.22,-0.1,3.8,Hull City,11,0,2.53,Chelsea,6,1,4.66,Arsenal,1,0,2.88,Newcastle,17,0,3.19,Coventry City,7,1,3.41,0,0,5,False,False,3.5,-0.087,🔴 Tough,0.0,0.64,0.0,0.27,0.055,0.64
244,Harrison Armstrong,Midfielder,Everton,5.0,9,a,100,False,False,0,650,1.0,2,2.0,3.5,88.66666666666667,2.0300751879699246,0.0,0.0,0.3333333333333333,0.0,3.6666666666666665,7.833333333333333,9.6,0.0,0.3333333333333333,3.0,3.8888888888888897,89.5,0.0,0.125,3.75,7.3,4.0,0.5,0.0,6,0.4,891,3442,2.740000009536743,0.8199999928474426,4.570000171661377,0.05000000074505806,0.1599999964237213,0.14000000059604645,0.09000000357627869,2.95,0.99,2.72,-0.1,3.8,Hull City,11,0,2.53,Chelsea,6,1,4.66,Arsenal,1,0,2.88,Newcastle,17,0,3.19,Coventry City,7,1,3.41,0,0,5,False,False,3.5,-0.087,🔴 Tough,0.0,2.74,0.0,3.39,0.678,6.0
245,Tyler Dibling,Midfielder,Everton,5.4,9,a,100,False,False,0,650,1.0,2,0.0,0.0,0.0,0.0,0.0,0.0,0.0,0.0,0.0,0.0,0.0,0.0,0.0,0.0,0.0,0.0,0.0,0.0,0.0,0.0,0.0,0.5,0.0,6,0.0,121,161,0.46000000834465027,0.0,0.9300000071525574,0.03999999910593033,0.019999999552965164,0.03999999910593033,0.09000000357627869,0.36,0.0,0.14,-0.1,3.8,Hull City,11,0,2.53,Chelsea,6,1,4.66,Arsenal,1,0,2.88,Newcastle,17,0,3.19,Coventry City,7,1,3.41,0,0,5,False,False,3.5,-0.087,🔴 Tough,0.0,0.46,0.0,0.17,0.031,0.42
246,Merlin Röhl,Midfielder,Everton,4.9,9,i,0,False,False,0,650,1.0,2,1.0,1.5,53.0,1.6981132075471697,0.0,0.0,0.0,0.0,0.0,6.366666666666667,4.266666666666667,0.0,0.3333333333333333,0.875,1.4074074074074077,40.375,0.0,0.0,0.25,6.112500000000001,3.0,0.5,-1.0,6,0.0,8,603,1.4600000381469727,0.0,3.390000104904175,0.05000000074505806,0.029999999329447746,0.25999999046325684,0.07999999821186066,1.44,0.69,0.0,-0.1,3.8,Hull City,11,0,2.53,Chelsea,6,1,4.66,Arsenal,1,0,2.88,Newcastle,17,0,3.19,Coventry City,7,1,3.41,0,0,5,False,False,3.5,-0.087,🔴 Tough,0.0,1.46,0.0,1.82,0.371,0.51
247,Hayden Hackney,Midfielder,Everton,5.4,9,a,100,False,False,0,650,1.0,2,2.0,2.25,19.333333333333332,9.310344827586208,0.0,0.3333333333333333,0.0,0.0,5.333333333333333,12.566666666666668,10.533333333333333,0.0,0.0,2.0,2.25925925925926,24.5,0.0,0.25,5.375,13.475,4.0,0.5,0.0,6,0.2,206,1141,1.5800000429153442,0.15000000596046448,4.829999923706055,0.03999999910593033,0.09000000357627869,0.07999999821186066,0.10000000149011612,1.58,0.341,0.85,-0.1,3.8,Hull City,11,0,2.53,Chelsea,6,1,4.66,Arsenal,1,0,2.88,Newcastle,17,0,3.19,Coventry City,7,1,3.41,0,0,5,False,False,3.5,-0.087,🔴 Tough,0.0,1.58,0.0,1.06,0.196,2.4
248,Norberto Bercique Gomes Betuncal,Forward,Everton,5.4,9,u,0,False,False,0,650,1.0,2,0.3333333333333333,0.5,6.666666666666667,4.5,0.0,0.0,0.0,0.0,1.0,0.09999999999999999,1.0,0.0,0.0,0.25,0.44444444444444453,3.875,0.0,0.0,0.625,0.0375,2.0,0.5,0.0,6,0.6,0,7637,0.7799999713897705,0.05000000074505806,1.409999966621399,0.05000000074505806,0.05999999865889549,0.019999999552965164,0.10000000149011612,1.49,0.162,0.0,-0.1,3.8,Hull City,11,0,2.53,Chelsea,6,1,4.66,Arsenal,1,0,2.88,Newcastle,17,0,3.19,Coventry City,7,1,3.41,0,0,5,False,False,3.5,-0.087,🔴 Tough,0.0,0.78,0.0,0.97,0.18,0.2
249,Thierno Barry,Forward,Everton,5.7,9,a,100,False,False,0,650,1.0,2,2.0,3.5,83.0,2.168674698795181,0.0,0.0,0.3333333333333333,0.0,46.333333333333336,13.566666666666668,4.466666666666667,0.0,0.0,2.75,3.7777777777777786,85.875,0.125,0.0,46.875,14.5875,4.0,0.5,0.0,6,8.3,89620,41886,1.9500000476837158,0.05000000074505806,5.289999961853027,0.15000000596046448,0.05999999865889549,0.15000000596046448,0.20999999344348907,2.99,0.945,1.87,-0.1,3.8,Hull City,11,0,2.53,Chelsea,6,1,4.66,Arsenal,1,0,2.88,Newcastle,17,0,3.19,Coventry City,7,1,3.41,0,0,5,False,False,3.5,-0.087,🔴 Tough,0.0,1.95,0.0,2.33,0.409,4.53
649,Ainsley Maitland-Niles,Defender,Everton,4.5,9,a,100,False,False,0,650,1.0,2,6.5,6.5,43.5,13.448275862068966,0.5,0.0,0.5,0.0,4.0,6.4,21.7,0.0,0.0,6.5,6.666666666666667,43.5,0.5,0.0,4.0,6.4,2.0,0.5,0.0,6,1.4,20279,5119,2.1600000858306885,0.0,5.599999904632568,0.019999999552965164,0.11999999731779099,0.10999999940395355,0.03999999910593033,1.52,0.601,1.56,-0.1,3.8,Hull City,11,0,2.53,Chelsea,6,1,4.66,Arsenal,1,0,2.88,Newcastle,17,0,3.19,Coventry City,7,1,3.41,0,0,5,False,False,3.5,-0.087,🔴 Tough,0.0,2.16,0.0,2.18,0.484,3.96
654,Braiden Graham,Midfielder,Everton,4.5,9,a,100,False,False,0,650,1.0,2,0.0,0.0,0.0,0.0,0.0,0.0,0.0,0.0,0.0,0.0,0.0,0.0,0.0,0.0,0.0,0.0,0.0,0.0,0.0,0.0,0.0,0.5,0.0,6,0.1,243,1037,0.3799999952316284,0.0,0.44999998807907104,0.03999999910593033,0.019999999552965164,0.029999999329447746,0.07999999821186066,0.33,0.0,0.11,-0.1,3.8,Hull City,11,0,2.53,Chelsea,6,1,4.66,Arsenal,1,0,2.88,Newcastle,17,0,3.19,Coventry City,7,1,3.41,0,0,5,False,False,3.5,-0.087,🔴 Tough,0.0,0.38,0.0,0.14,0.031,0.29
250,Bernd Leno,Goalkeeper,Fulham,4.5,10,a,100,False,False,0,112,1.0,2,4.333333333333333,3.75,90.0,4.333333333333333,0.0,0.0,0.3333333333333333,0.6666666666666666,0.0,0.0,21.133333333333333,2.6666666666666665,0.0,5.375,4.2592592592592595,90.0,0.0,0.0,0.0,0.0,4.0,0.5,0.0,6,3.4,43017,12429,3.549999952316284,0.0,6.300000190734863,0.0,0.0,0.3199999928474426,0.2199999988079071,3.52,1.0,3.55,-0.1,2.67,Ipswich Town,12,0,2.88,Hull City,11,1,1.4,Coventry City,7,0,2.74,Aston Villa,2,0,2.53,Newcastle,17,1,2.44,0,0,5,False,False,2.56,-0.042,🟢 Easy,0.0,3.55,0.0,5.55,1.233,8.05
251,Benjamin Lecomte,Goalkeeper,Fulham,4.0,10,a,100,False,False,0,112,1.0,2,0.0,0.0,0.0,0.0,0.0,0.0,0.0,0.0,0.0,0.0,0.0,0.0,0.0,0.0,0.0,0.0,0.0,0.0,0.0,0.0,0.0,0.5,0.0,6,1.1,2650,2663,0.1599999964237213,0.0,0.07999999821186066,0.0,0.0,0.03999999910593033,0.05000000074505806,0.05,0.0,0.05,-0.1,2.67,Ipswich Town,12,0,2.88,Hull City,11,1,1.4,Coventry City,7,0,2.74,Aston Villa,2,0,2.53,Newcastle,17,1,2.44,0,0,5,False,False,2.56,-0.042,🟢 Easy,0.0,0.16,0.0,0.08,0.02,0.11
252,Alfie McNally,Goalkeeper,Fulham,4.0,10,u,0,False,False,0,112,1.0,2,0.0,0.0,0.0,0.0,0.0,0.0,0.0,0.0,0.0,0.0,0.0,0.0,0.0,0.0,0.0,0.0,0.0,0.0,0.0,0.0,0.0,0.5,0.0,6,0.1,0,626,0.1599999964237213,0.0,0.07999999821186066,0.0,0.0,0.03999999910593033,0.05000000074505806,0.05,0.0,0.0,-0.1,2.67,Ipswich Town,12,0,2.88,Hull City,11,1,1.4,Coventry City,7,0,2.74,Aston Villa,2,0,2.53,Newcastle,17,1,2.44,0,0,5,False,False,2.56,-0.042,🟢 Easy,0.0,0.16,0.0,0.25,0.062,0.01
253,Joachim Andersen,Defender,Fulham,5.0,10,a,100,False,False,0,112,1.0,2,0.6666666666666666,0.5,60.0,0.9999999999999999,0.0,0.0,0.0,0.0,2.6666666666666665,11.933333333333332,14.066666666666668,0.0,0.3333333333333333,0.375,0.3703703703703704,33.75,0.0,0.0,1.75,7.3374999999999995,2.0,0.5,0.0,6,0.2,2876,1154,1.399999976158142,0.05000000074505806,4.119999885559082,0.019999999552965164,0.019999999552965164,0.10999999940395355,0.07000000029802322,2.69,0.753,1.16,-0.1,2.67,Ipswich Town,12,0,2.88,Hull City,11,1,1.4,Coventry City,7,0,2.74,Aston Villa,2,0,2.53,Newcastle,17,1,2.44,0,0,5,False,False,2.56,-0.042,🟢 Easy,0.0,1.4,0.0,1.93,0.386,2.93
254,Antonee Robinson,Defender,Fulham,4.5,10,a,100,False,False,0,112,1.0,2,3.0,2.5,86.0,3.13953488372093,0.0,0.0,0.3333333333333333,0.0,5.0,17.166666666666668,14.0,0.0,0.0,3.625,2.814814814814815,85.875,0.0,0.0,5.625,20.975,4.0,0.5,0.0,6,1.5,17404,7214,2.3499999046325684,0.05000000074505806,6.25,0.029999999329447746,0.029999999329447746,0.09000000357627869,0.17000000178813934,2.76,0.969,2.3,-0.1,2.67,Ipswich Town,12,0,2.88,Hull City,11,1,1.4,Coventry City,7,0,2.74,Aston Villa,2,0,2.53,Newcastle,17,1,2.44,0,0,5,False,False,2.56,-0.042,🟢 Easy,0.0,2.35,0.0,3.83,0.851,5.53
255,Jorge Cuenca Barreno,Defender,Fulham,4.5,10,a,100,False,False,0,112,1.0,2,0.0,0.75,0.0,0.0,0.0,0.0,0.0,0.0,0.0,0.0,0.0,0.0,0.0,0.375,0.8888888888888891,11.25,0.0,0.0,0.0,2.6625,1.0,0.5,0.0,6,0.0,68,119,0.6899999976158142,0.0,1.9800000190734863,0.019999999552965164,0.019999999552965164,0.10000000149011612,0.029999999329447746,0.22,0.0,0.21,-0.1,2.67,Ipswich Town,12,0,2.88,Hull City,11,1,1.4,Coventry City,7,0,2.74,Aston Villa,2,0,2.53,Newcastle,17,1,2.44,0,0,5,False,False,2.56,-0.042,🟢 Easy,0.0,0.69,0.0,0.35,0.078,0.72
256,Kenny Tete,Defender,Fulham,4.4,10,a,100,False,False,0,112,1.0,2,0.0,0.0,9.0,0.0,0.0,0.0,0.0,0.0,0.6666666666666666,0.09999999999999999,0.5333333333333333,0.0,0.3333333333333333,0.0,0.0,13.5,0.0,0.0,1.0,0.15,1.0,0.5,0.0,6,0.2,63,1069,0.75,0.0,1.899999976158142,0.019999999552965164,0.019999999552965164,0.10999999940395355,0.029999999329447746,1.22,0.2,0.33,-0.1,2.67,Ipswich Town,12,0,2.88,Hull City,11,1,1.4,Coventry City,7,0,2.74,Aston Villa,2,0,2.53,Newcastle,17,1,2.44,0,0,5,False,False,2.56,-0.042,🟢 Easy,0.0,0.75,0.0,0.55,0.125,0.94
257,Calvin Bassey,Defender,Fulham,4.5,10,a,100,False,False,0,112,1.0,2,3.0,2.25,90.0,3.0,0.0,0.0,0.3333333333333333,0.0,7.0,3.233333333333333,18.866666666666667,0.0,0.0,3.5,2.5185185185185186,90.0,0.0,0.0,10.75,2.7500000000000004,4.0,0.5,0.0,6,0.7,6342,2007,1.899999976158142,0.05000000074505806,7.21999979019165,0.029999999329447746,0.029999999329447746,0.11999999731779099,0.10999999940395355,2.83,1.0,1.9,-0.1,2.67,Ipswich Town,12,0,2.88,Hull City,11,1,1.4,Coventry City,7,0,2.74,Aston Villa,2,0,2.53,Newcastle,17,1,2.44,0,0,5,False,False,2.56,-0.042,🟢 Easy,0.0,1.9,0.0,3.16,0.702,4.88
258,Timothy Castagne,Defender,Fulham,4.5,10,a,100,False,False,0,112,1.0,2,4.333333333333333,4.75,76.0,5.13157894736842,0.0,0.0,0.6666666666666666,0.0,10.666666666666666,8.533333333333333,10.6,0.0,0.0,4.75,4.888888888888889,77.625,0.0,0.25,11.375,9.9875,4.0,0.5,0.0,6,1.0,15763,5224,1.409999966621399,0.0,5.829999923706055,0.029999999329447746,0.029999999329447746,0.09000000357627869,0.17000000178813934,2.76,0.888,1.3,-0.1,2.67,Ipswich Town,12,0,2.88,Hull City,11,1,1.4,Coventry City,7,0,2.74,Aston Villa,2,0,2.53,Newcastle,17,1,2.44,0,0,5,False,False,2.56,-0.042,🟢 Easy,0.0,1.41,0.0,2.16,0.48,3.47
261,Alex Iwobi,Midfielder,Fulham,5.4,10,a,100,False,False,0,112,1.0,2,2.3333333333333335,2.25,82.66666666666667,2.540322580645161,0.0,0.0,0.3333333333333333,0.0,7.666666666666667,30.96666666666667,9.066666666666668,0.0,0.0,2.5,2.3333333333333335,81.0,0.0,0.0,8.0,28.625,4.0,0.5,0.0,6,0.7,3842,3447,2.8399999141693115,1.0499999523162842,6.25,0.05000000074505806,0.33000001311302185,0.1599999964237213,0.10000000149011612,3.48,0.942,2.73,-0.1,2.67,Ipswich Town,12,0,2.88,Hull City,11,1,1.4,Coventry City,7,0,2.74,Aston Villa,2,0,2.53,Newcastle,17,1,2.44,0,0,5,False,False,2.56,-0.042,🟢 Easy,0.0,2.84,0.0,4.0,0.741,6.24
262,Emile Smith Rowe,Midfielder,Fulham,5.3,10,a,100,False,False,0,112,1.0,2,1.0,0.75,12.666666666666666,7.105263157894738,0.0,0.0,0.0,0.0,3.0,7.933333333333334,2.1999999999999997,0.0,0.0,0.875,0.7037037037037037,11.0,0.0,0.0,1.375,3.225,3.0,0.5,0.0,6,0.2,322,1384,1.0299999713897705,0.07000000029802322,1.9600000381469727,0.03999999910593033,0.029999999329447746,0.029999999329447746,0.07999999821186066,1.38,0.253,0.49,-0.1,2.67,Ipswich Town,12,0,2.88,Hull City,11,1,1.4,Coventry City,7,0,2.74,Aston Villa,2,0,2.53,Newcastle,17,1,2.44,0,0,5,False,False,2.56,-0.042,🟢 Easy,0.0,1.03,0.0,0.72,0.136,1.26
263,Kevin Santos Lopes de Macedo,Midfielder,Fulham,5.3,10,a,100,False,False,0,112,1.0,2,0.6666666666666666,0.75,8.333333333333334,7.199999999999999,0.0,0.0,0.0,0.0,0.3333333333333333,1.5999999999999999,0.06666666666666667,0.0,0.0,0.75,0.7777777777777779,12.0,0.0,0.0,0.5,2.0749999999999997,3.0,0.5,-1.0,6,0.0,206,301,0.7400000095367432,0.029999999329447746,1.309999942779541,0.03999999910593033,0.019999999552965164,0.029999999329447746,0.07999999821186066,1.35,0.189,0.32,-0.1,2.67,Ipswich Town,12,0,2.88,Hull City,11,1,1.4,Coventry City,7,0,2.74,Aston Villa,2,0,2.53,Newcastle,17,1,2.44,0,0,5,False,False,2.56,-0.042,🟢 Easy,0.0,0.74,0.0,0.47,0.089,0.83
264,Oscar Bobb,Midfielder,Fulham,5.5,10,a,100,False,False,0,112,1.0,2,2.6666666666666665,2.5,69.0,3.4782608695652173,0.0,0.0,0.6666666666666666,0.0,21.0,33.733333333333334,9.4,0.0,0.0,2.625,2.481481481481482,67.125,0.0,0.0,16.75,32.975,4.0,0.5,0.0,6,0.3,2617,1897,2.799999952316284,0.4399999976158142,7.070000171661377,0.07999999821186066,0.10000000149011612,0.17000000178813934,0.11999999731779099,2.96,0.83,2.47,-0.1,2.67,Ipswich Town,12,0,2.88,Hull City,11,1,1.4,Coventry City,7,0,2.74,Aston Villa,2,0,2.53,Newcastle,17,1,2.44,0,0,5,False,False,2.56,-0.042,🟢 Easy,0.0,2.8,0.0,3.62,0.658,5.93
265,Sander Berge,Midfielder,Fulham,4.9,10,a,100,False,False,0,112,1.0,2,2.0,2.0,67.0,2.6865671641791042,0.0,0.0,0.3333333333333333,0.0,2.6666666666666665,14.166666666666666,9.266666666666667,0.0,0.0,2.25,2.1111111111111116,71.5,0.0,0.0,4.125,12.95,4.0,0.5,0.0,6,0.3,671,1352,2.0799999237060547,0.2800000011920929,4.340000152587891,0.03999999910593033,0.019999999552965164,0.14000000059604645,0.07999999821186066,2.51,0.813,1.81,-0.1,2.67,Ipswich Town,12,0,2.88,Hull City,11,1,1.4,Coventry City,7,0,2.74,Aston Villa,2,0,2.53,Newcastle,17,1,2.44,0,0,5,False,False,2.56,-0.042,🟢 Easy,0.0,2.08,0.0,2.65,0.541,4.23
266,Tom Cairney,Midfielder,Fulham,4.9,10,i,0,False,False,0,112,1.0,2,0.0,0.0,0.0,0.0,0.0,0.0,0.0,0.0,0.0,0.0,0.0,0.0,0.0,0.0,0.0,0.0,0.0,0.0,0.0,0.0,0.0,0.5,-1.0,6,0.0,10,21,0.3799999952316284,0.0,0.5799999833106995,0.03999999910593033,0.019999999552965164,0.029999999329447746,0.07999999821186066,0.33,0.0,0.0,-0.1,2.67,Ipswich Town,12,0,2.88,Hull City,11,1,1.4,Coventry City,7,0,2.74,Aston Villa,2,0,2.53,Newcastle,17,1,2.44,0,0,5,False,False,2.56,-0.042,🟢 Easy,0.0,0.38,0.0,0.56,0.114,0.09
268,Josh King,Midfielder,Fulham,5.5,10,a,100,False,False,0,112,1.0,2,5.0,5.5,85.33333333333333,5.2734375,0.3333333333333333,0.0,0.3333333333333333,1.0,30.666666666666668,14.933333333333332,22.200000000000003,0.0,0.0,5.125,5.5925925925925934,83.0,0.375,0.0,34.75,16.1625,4.0,0.5,0.0,6,2.7,97448,20103,4.150000095367432,1.1200000047683716,8.170000076293945,0.10000000149011612,0.03999999910593033,0.17000000178813934,0.10999999940395355,2.89,0.963,4.04,-0.1,2.67,Ipswich Town,12,0,2.88,Hull City,11,1,1.4,Coventry City,7,0,2.74,Aston Villa,2,0,2.53,Newcastle,17,1,2.44,0,0,5,False,False,2.56,-0.042,🟢 Easy,0.0,4.15,0.0,5.92,1.076,9.14
269,Ryan Sessegnon,Defender,Fulham,4.3,10,a,100,False,False,0,112,1.0,2,0.6666666666666666,0.75,11.0,5.454545454545454,0.0,0.0,0.0,0.0,4.0,8.6,3.533333333333333,0.0,0.0,0.5,0.6666666666666667,7.625,0.0,0.0,4.375,5.1375,3.0,0.5,0.0,6,0.3,324,1354,0.9399999976158142,0.0,3.2100000381469727,0.029999999329447746,0.019999999552965164,0.10000000149011612,0.029999999329447746,1.24,0.23,0.43,-0.1,2.67,Ipswich Town,12,0,2.88,Hull City,11,1,1.4,Coventry City,7,0,2.74,Aston Villa,2,0,2.53,Newcastle,17,1,2.44,0,0,5,False,False,2.56,-0.042,🟢 Easy,0.0,0.94,0.0,0.72,0.167,1.34
270,Harrison Reed,Midfielder,Fulham,4.4,10,a,100,False,False,0,112,1.0,2,0.0,0.0,0.0,0.0,0.0,0.0,0.0,0.0,0.0,0.0,0.0,0.0,0.0,0.0,0.0,0.0,0.0,0.0,0.0,0.0,0.0,0.5,-1.0,6,1.1,2905,7150,0.3799999952316284,0.0,0.44999998807907104,0.03999999910593033,0.019999999552965164,0.029999999329447746,0.07999999821186066,0.33,0.0,0.11,-0.1,2.67,Ipswich Town,12,0,2.88,Hull City,11,1,1.4,Coventry City,7,0,2.74,Aston Villa,2,0,2.53,Newcastle,17,1,2.44,0,0,5,False,False,2.56,-0.042,🟢 Easy,0.0,0.38,0.0,0.16,0.036,0.29
271,Rodrigo Muniz Carvalho,Forward,Fulham,5.4,10,a,100,False,False,0,112,1.0,2,0.6666666666666666,0.75,6.666666666666667,9.0,0.0,0.0,0.0,0.0,9.666666666666666,3.466666666666667,1.7333333333333334,0.0,0.0,0.875,0.8518518518518521,9.25,0.0,0.0,8.625,4.1125,3.0,0.5,0.0,6,0.4,1838,2778,0.6700000166893005,0.05000000074505806,3.4700000286102295,0.12999999523162842,0.05999999865889549,0.07000000029802322,0.18000000715255737,1.89,0.162,0.28,-0.1,2.67,Ipswich Town,12,0,2.88,Hull City,11,1,1.4,Coventry City,7,0,2.74,Aston Villa,2,0,2.53,Newcastle,17,1,2.44,0,0,5,False,False,2.56,-0.042,🟢 Easy,0.0,0.67,0.0,0.41,0.076,1.07
272,Jonah Kusi-Asare,Forward,Fulham,4.5,10,a,100,False,False,0,112,1.0,2,0.0,0.0,0.0,0.0,0.0,0.0,0.0,0.0,0.0,0.0,0.0,0.0,0.0,0.0,0.0,0.0,0.0,0.0,0.0,0.0,0.0,0.5,0.0,6,5.4,11503,34661,0.47999998927116394,0.0,0.5600000023841858,0.05000000074505806,0.05999999865889549,0.019999999552965164,0.10000000149011612,0.49,0.0,0.14,-0.1,2.67,Ipswich Town,12,0,2.88,Hull City,11,1,1.4,Coventry City,7,0,2.74,Aston Villa,2,0,2.53,Newcastle,17,1,2.44,0,0,5,False,False,2.56,-0.042,🟢 Easy,0.0,0.48,0.0,0.21,0.047,0.36
569,Gonzalo García,Forward,Fulham,6.0,10,a,100,False,False,0,112,1.0,2,2.0,3.0,85.33333333333333,2.109375,0.0,0.0,0.3333333333333333,0.0,24.333333333333332,9.233333333333333,5.266666666666667,0.0,0.0,2.5,3.1851851851851856,83.0,0.125,0.0,22.75,9.8375,4.0,0.5,0.0,6,4.0,76178,34419,3.0799999237060547,0.05000000074505806,8.319999694824219,0.3700000047683716,0.05999999865889549,0.12999999523162842,0.3400000035762787,4.01,0.963,3.0,-0.1,2.67,Ipswich Town,12,0,2.88,Hull City,11,1,1.4,Coventry City,7,0,2.74,Aston Villa,2,0,2.53,Newcastle,17,1,2.44,0,0,5,False,False,2.56,-0.042,🟢 Easy,0.0,3.08,0.0,4.4,0.733,7.24
570,César Palacios,Midfielder,Fulham,5.4,10,a,100,False,False,0,112,1.0,2,3.0,2.75,45.0,6.0,0.3333333333333333,0.0,0.0,0.3333333333333333,18.0,4.999999999999999,12.266666666666666,0.0,0.3333333333333333,2.375,2.5185185185185186,33.375,0.25,0.0,14.125,4.5,3.0,0.5,-1.0,6,0.2,737,987,1.7400000095367432,0.029999999329447746,5.059999942779541,0.10000000149011612,0.03999999910593033,0.03999999910593033,0.09000000357627869,1.72,0.616,1.27,-0.1,2.67,Ipswich Town,12,0,2.88,Hull City,11,1,1.4,Coventry City,7,0,2.74,Aston Villa,2,0,2.53,Newcastle,17,1,2.44,0,0,5,False,False,2.56,-0.042,🟢 Easy,0.0,1.74,0.0,1.86,0.344,3.29
580,Shea Charles,Midfielder,Fulham,5.0,10,a,100,False,False,0,112,1.0,2,2.6666666666666665,2.25,63.333333333333336,3.789473684210526,0.0,0.0,0.3333333333333333,0.0,4.666666666666667,13.800000000000002,14.0,0.0,0.0,3.25,2.5555555555555554,70.125,0.0,0.0,2.75,11.0125,4.0,0.5,0.0,6,0.1,693,458,2.0899999141693115,0.5099999904632568,4.389999866485596,0.03999999910593033,0.029999999329447746,0.12999999523162842,0.07999999821186066,2.53,0.782,1.77,-0.1,2.67,Ipswich Town,12,0,2.88,Hull City,11,1,1.4,Coventry City,7,0,2.74,Aston Villa,2,0,2.53,Newcastle,17,1,2.44,0,0,5,False,False,2.56,-0.042,🟢 Easy,0.0,2.09,0.0,2.59,0.518,4.12
610,Luc De Fougerolles,Defender,Fulham,4.0,10,u,0,False,False,0,112,1.0,2,0.0,0.0,0.0,0.0,0.0,0.0,0.0,0.0,0.0,0.0,0.0,0.0,0.0,0.0,0.0,0.0,0.0,0.0,0.0,0.0,0.0,0.5,0.0,6,0.1,0,514,0.3799999952316284,0.0,0.23000000417232513,0.019999999552965164,0.019999999552965164,0.09000000357627869,0.029999999329447746,0.22,0.0,0.0,-0.1,2.67,Ipswich Town,12,0,2.88,Hull City,11,1,1.4,Coventry City,7,0,2.74,Aston Villa,2,0,2.53,Newcastle,17,1,2.44,0,0,5,False,False,2.56,-0.042,🟢 Easy,0.0,0.38,0.0,0.63,0.158,0.03
626,Macaulay Zepa,Midfielder,Fulham,4.4,10,a,100,False,False,0,112,1.0,2,0.0,0.0,0.0,0.0,0.0,0.0,0.0,0.0,0.0,0.0,0.0,0.0,0.0,0.0,0.0,0.0,0.0,0.0,0.0,0.0,0.0,0.3333333333333333,0.0,6,0.3,1008,2376,0.3799999952316284,0.0,0.47999998927116394,0.03999999910593033,0.019999999552965164,0.029999999329447746,0.07999999821186066,0.33,0.0,0.11,-0.1,2.67,Ipswich Town,12,0,2.88,Hull City,11,1,1.4,Coventry City,7,0,2.74,Aston Villa,2,0,2.53,Newcastle,17,1,2.44,0,0,5,False,False,2.56,-0.042,🟢 Easy,0.0,0.38,0.0,0.16,0.036,0.29
635,Hugo Larsson,Midfielder,Fulham,5.0,10,a,100,False,False,0,112,1.0,2,1.0,1.0,12.0,7.5,0.0,0.0,0.0,0.0,4.5,0.9,1.8,0.0,0.0,1.0,1.0,12.0,0.0,0.0,4.5,0.9,2.0,0.5,0.0,6,0.0,98,73,0.8799999952316284,0.0,2.259999990463257,0.03999999910593033,0.019999999552965164,0.07000000029802322,0.07999999821186066,1.36,0.244,0.41,-0.1,2.67,Ipswich Town,12,0,2.88,Hull City,11,1,1.4,Coventry City,7,0,2.74,Aston Villa,2,0,2.53,Newcastle,17,1,2.44,0,0,5,False,False,2.56,-0.042,🟢 Easy,0.0,0.88,0.0,0.6,0.12,1.16
636,Manuel Ángel Morán Ibáñez,Midfielder,Fulham,5.0,10,a,100,False,False,0,112,1.0,2,0.0,0.0,0.0,0.0,0.0,0.0,0.0,0.0,0.0,0.0,0.0,0.0,0.0,0.0,0.0,0.0,0.0,0.0,0.0,0.0,0.0,0.5,0.0,6,0.0,33,28,0.41999998688697815,0.0,0.7799999713897705,0.03999999910593033,0.019999999552965164,0.03999999910593033,0.07999999821186066,0.33,0.0,0.13,-0.1,2.67,Ipswich Town,12,0,2.88,Hull City,11,1,1.4,Coventry City,7,0,2.74,Aston Villa,2,0,2.53,Newcastle,17,1,2.44,0,0,5,False,False,2.56,-0.042,🟢 Easy,0.0,0.42,0.0,0.19,0.038,0.38
650,David Affengruber,Defender,Fulham,4.5,10,a,100,False,False,0,112,1.0,2,4.0,4.0,45.0,8.0,0.0,0.0,0.5,0.0,0.0,1.65,9.3,0.0,0.0,4.0,2.6666666666666665,45.0,0.0,0.0,0.0,1.65,1.0,0.5,0.0,6,0.1,7123,1739,1.1399999856948853,0.0,5.550000190734863,0.019999999552965164,0.019999999552965164,0.10999999940395355,0.05999999865889549,1.25,0.616,0.83,-0.1,2.67,Ipswich Town,12,0,2.88,Hull City,11,1,1.4,Coventry City,7,0,2.74,Aston Villa,2,0,2.53,Newcastle,17,1,2.44,0,0,5,False,False,2.56,-0.042,🟢 Easy,0.0,1.14,0.0,1.38,0.307,2.49
240,Tim Iroegbunam,Midfielder,Hull City,5.0,11,a,100,False,False,1,374,1.0,3,0.3333333333333333,0.25,8.333333333333334,3.5999999999999996,0.0,0.0,0.0,0.0,0.0,0.06666666666666667,1.0,0.0,0.3333333333333333,0.125,0.14814814814814817,11.0,0.0,0.0,0.0,0.1,2.0,0.5,0.0,6,0.0,80,142,0.8100000023841858,0.0,1.3899999856948853,0.03999999910593033,0.019999999552965164,0.05000000074505806,0.07999999821186066,1.33,0.189,0.35,-0.1,3.94,Everton,9,1,2.66,Fulham,10,0,2.74,Brentford,4,1,2.01,Ipswich Town,12,1,4.66,Arsenal,1,0,3.2,0,0,5,False,True,3.35,0.079,🟡 Moderate,0.0,0.81,0.0,0.47,0.094,0.91
273,Dillon Phillips,Goalkeeper,Hull City,4.0,11,a,100,False,False,1,374,1.0,3,0.0,0.0,0.0,0.0,0.0,0.0,0.0,0.0,0.0,0.0,0.0,0.0,0.0,0.0,0.0,0.0,0.0,0.0,0.0,0.0,0.0,0.5,0.0,6,1.4,3161,3717,0.12999999523162842,0.0,0.05999999865889549,0.0,0.0,0.029999999329447746,0.05000000074505806,0.05,0.0,0.04,-0.1,3.94,Everton,9,1,2.66,Fulham,10,0,2.74,Brentford,4,1,2.01,Ipswich Town,12,1,4.66,Arsenal,1,0,3.2,0,0,5,False,True,3.35,0.079,🟡 Moderate,0.0,0.13,0.0,0.05,0.012,0.09
274,Jack Butland,Goalkeeper,Hull City,4.4,11,i,0,False,False,1,374,1.0,3,0.0,0.0,0.0,0.0,0.0,0.0,0.0,0.0,0.0,0.0,0.0,0.0,0.0,0.0,0.0,0.0,0.0,0.0,0.0,0.0,0.0,0.5,0.0,6,0.1,70,333,0.12999999523162842,0.0,0.05999999865889549,0.0,0.0,0.029999999329447746,0.05000000074505806,0.05,0.0,0.0,-0.1,3.94,Everton,9,1,2.66,Fulham,10,0,2.74,Brentford,4,1,2.01,Ipswich Town,12,1,4.66,Arsenal,1,0,3.2,0,0,5,False,True,3.35,0.079,🟡 Moderate,0.0,0.13,0.0,0.18,0.041,0.01
275,Harvey Cartwright,Goalkeeper,Hull City,4.0,11,u,0,False,False,1,374,1.0,3,0.0,0.0,0.0,0.0,0.0,0.0,0.0,0.0,0.0,0.0,0.0,0.0,0.0,0.0,0.0,0.0,0.0,0.0,0.0,0.0,0.0,0.5,0.0,6,0.0,0,29,0.12999999523162842,0.0,0.05999999865889549,0.0,0.0,0.029999999329447746,0.05000000074505806,0.05,0.0,0.0,-0.1,3.94,Everton,9,1,2.66,Fulham,10,0,2.74,Brentford,4,1,2.01,Ipswich Town,12,1,4.66,Arsenal,1,0,3.2,0,0,5,False,True,3.35,0.079,🟡 Moderate,0.0,0.13,0.0,0.18,0.045,0.01
276,Thimothée Lo-Tutala,Goalkeeper,Hull City,4.0,11,u,0,False,False,1,374,1.0,3,0.0,0.0,0.0,0.0,0.0,0.0,0.0,0.0,0.0,0.0,0.0,0.0,0.0,0.0,0.0,0.0,0.0,0.0,0.0,0.0,0.0,0.5,0.0,6,0.0,0,119,0.12999999523162842,0.0,0.05999999865889549,0.0,0.0,0.029999999329447746,0.05000000074505806,0.05,0.0,0.0,-0.1,3.94,Everton,9,1,2.66,Fulham,10,0,2.74,Brentford,4,1,2.01,Ipswich Town,12,1,4.66,Arsenal,1,0,3.2,0,0,5,False,True,3.35,0.079,🟡 Moderate,0.0,0.13,0.0,0.18,0.045,0.01
277,John Egan,Defender,Hull City,4.1,11,a,100,False,False,1,374,1.0,3,5.666666666666667,6.25,90.0,5.666666666666667,0.0,0.0,0.6666666666666666,0.3333333333333333,2.0,0.3333333333333333,17.8,0.0,0.3333333333333333,4.625,5.703703703703705,90.0,0.0,0.0,3.25,0.3375,4.0,0.5,0.0,6,7.0,28483,30995,1.909999966621399,0.0,6.900000095367432,0.029999999329447746,0.029999999329447746,0.09000000357627869,0.05000000074505806,2.64,1.0,1.91,-0.1,3.94,Everton,9,1,2.66,Fulham,10,0,2.74,Brentford,4,1,2.01,Ipswich Town,12,1,4.66,Arsenal,1,0,3.2,0,0,5,False,True,3.35,0.079,🟡 Moderate,0.0,1.91,0.0,2.82,0.688,4.86
278,Charlie Hughes,Defender,Hull City,3.9,11,i,0,False,False,1,374,1.0,3,0.0,0.0,0.0,0.0,0.0,0.0,0.0,0.0,0.0,0.0,0.0,0.0,0.0,0.0,0.0,0.0,0.0,0.0,0.0,0.0,0.0,0.5,-1.0,6,0.2,1146,2020,0.3499999940395355,0.0,0.5,0.019999999552965164,0.019999999552965164,0.09000000357627869,0.029999999329447746,0.22,0.0,0.0,-0.1,3.94,Everton,9,1,2.66,Fulham,10,0,2.74,Brentford,4,1,2.01,Ipswich Town,12,1,4.66,Arsenal,1,0,3.2,0,0,5,False,True,3.35,0.079,🟡 Moderate,0.0,0.35,0.0,0.52,0.133,0.08
279,Semi Ajayi,Defender,Hull City,4.2,11,a,100,False,False,1,374,1.0,3,4.0,6.5,90.0,4.0,0.0,0.0,0.6666666666666666,0.0,2.0,0.9333333333333332,10.666666666666666,0.0,0.3333333333333333,4.25,6.481481481481483,86.625,0.125,0.0,7.375,0.95,4.0,0.5,0.0,6,13.9,45560,61666,2.059999942779541,0.0,7.449999809265137,0.029999999329447746,0.019999999552965164,0.09000000357627869,0.11999999731779099,2.7,1.0,2.06,-0.1,3.94,Everton,9,1,2.66,Fulham,10,0,2.74,Brentford,4,1,2.01,Ipswich Town,12,1,4.66,Arsenal,1,0,3.2,0,0,5,False,True,3.35,0.079,🟡 Moderate,0.0,2.06,0.0,3.04,0.724,5.24
280,Lewie Coyle,Defender,Hull City,4.0,11,a,100,False,False,1,374,1.0,3,2.3333333333333335,3.25,63.0,3.333333333333334,0.0,0.0,0.3333333333333333,0.0,1.6666666666666667,5.266666666666667,3.866666666666666,0.0,0.3333333333333333,2.75,3.444444444444445,70.5,0.0,0.0,2.5,8.05,4.0,0.5,0.0,6,0.7,2165,2169,1.909999966621399,0.0,5.090000152587891,0.029999999329447746,0.05000000074505806,0.09000000357627869,0.23999999463558197,2.91,0.779,1.61,-0.1,3.94,Everton,9,1,2.66,Fulham,10,0,2.74,Brentford,4,1,2.01,Ipswich Town,12,1,4.66,Arsenal,1,0,3.2,0,0,5,False,True,3.35,0.079,🟡 Moderate,0.0,1.91,0.0,2.38,0.595,3.98
281,Cody Drameh,Defender,Hull City,4.0,11,u,0,False,False,1,374,1.0,3,0.3333333333333333,0.5,15.0,1.9999999999999998,0.0,0.0,0.0,0.0,0.0,0.13333333333333333,1.4000000000000001,0.0,0.0,0.25,0.44444444444444453,8.125,0.0,0.0,0.125,0.05,2.0,0.5,0.0,6,0.0,0,263,0.6600000262260437,0.0,1.6399999856948853,0.019999999552965164,0.019999999552965164,0.09000000357627869,0.029999999329447746,1.22,0.285,0.0,-0.1,3.94,Everton,9,1,2.66,Fulham,10,0,2.74,Brentford,4,1,2.01,Ipswich Town,12,1,4.66,Arsenal,1,0,3.2,0,0,5,False,True,3.35,0.079,🟡 Moderate,0.0,0.66,0.0,0.97,0.242,0.25
282,Ryan Giles,Defender,Hull City,4.0,11,a,100,False,False,1,374,1.0,3,6.0,6.0,90.0,6.0,0.0,0.3333333333333333,0.6666666666666666,0.6666666666666666,0.6666666666666666,24.96666666666667,18.933333333333334,0.0,0.0,5.5,5.777777777777778,89.25,0.0,0.5,0.75,27.575,4.0,0.5,0.0,6,2.9,22284,14573,2.130000114440918,0.0,5.869999885559082,0.029999999329447746,0.019999999552965164,0.09000000357627869,0.1599999964237213,2.74,1.0,2.13,-0.1,3.94,Everton,9,1,2.66,Fulham,10,0,2.74,Brentford,4,1,2.01,Ipswich Town,12,1,4.66,Arsenal,1,0,3.2,0,0,5,False,True,3.35,0.079,🟡 Moderate,0.0,2.13,0.0,3.14,0.785,5.14
283,Matty Jacob,Defender,Hull City,4.0,11,u,0,False,False,1,374,1.0,3,0.0,0.0,0.0,0.0,0.0,0.0,0.0,0.0,0.0,0.0,0.0,0.0,0.0,0.0,0.0,0.0,0.0,0.0,0.0,0.0,0.0,0.5,0.0,6,0.0,0,39,0.36000001430511475,0.0,0.41999998688697815,0.019999999552965164,0.019999999552965164,0.09000000357627869,0.029999999329447746,0.22,0.0,0.0,-0.1,3.94,Everton,9,1,2.66,Fulham,10,0,2.74,Brentford,4,1,2.01,Ipswich Town,12,1,4.66,Arsenal,1,0,3.2,0,0,5,False,True,3.35,0.079,🟡 Moderate,0.0,0.36,0.0,0.53,0.132,0.06
284,Cathal McCarthy,Defender,Hull City,4.0,11,a,100,False,False,1,374,1.0,3,0.0,0.0,0.0,0.0,0.0,0.0,0.0,0.0,0.0,0.0,0.0,0.0,0.0,0.0,0.0,0.0,0.0,0.0,0.0,0.0,0.0,0.5,0.0,6,0.1,408,456,0.36000001430511475,0.0,0.41999998688697815,0.019999999552965164,0.019999999552965164,0.09000000357627869,0.029999999329447746,0.22,0.0,0.11,-0.1,3.94,Everton,9,1,2.66,Fulham,10,0,2.74,Brentford,4,1,2.01,Ipswich Town,12,1,4.66,Arsenal,1,0,3.2,0,0,5,False,True,3.35,0.079,🟡 Moderate,0.0,0.36,0.0,0.16,0.04,0.28
285,Paddy McNair,Defender,Hull City,4.0,11,a,100,False,False,1,374,1.0,3,0.0,0.25,0.0,0.0,0.0,0.0,0.0,0.0,0.0,0.0,0.0,0.0,0.0,0.125,0.2962962962962964,3.25,0.0,0.0,0.0,0.0,1.0,0.5,0.0,6,0.1,200,430,0.36000001430511475,0.0,0.3499999940395355,0.019999999552965164,0.019999999552965164,0.09000000357627869,0.029999999329447746,0.22,0.0,0.11,-0.1,3.94,Everton,9,1,2.66,Fulham,10,0,2.74,Brentford,4,1,2.01,Ipswich Town,12,1,4.66,Arsenal,1,0,3.2,0,0,5,False,True,3.35,0.079,🟡 Moderate,0.0,0.36,0.0,0.16,0.04,0.27
286,Mohamed Belloumi,Midfielder,Hull City,5.1,11,a,100,False,False,1,374,1.0,3,8.0,6.75,74.0,9.72972972972973,0.6666666666666666,0.3333333333333333,0.6666666666666666,0.6666666666666666,17.333333333333332,12.066666666666668,38.06666666666667,0.0,0.0,8.875,7.222222222222223,71.25,1.0,0.125,20.25,10.7375,4.0,0.5,1.0,6,5.2,80504,26898,3.2699999809265137,0.2800000011920929,7.5,0.07999999821186066,0.20999999344348907,0.14000000059604645,0.17000000178813934,3.31,0.872,2.98,-0.1,3.94,Everton,9,1,2.66,Fulham,10,0,2.74,Brentford,4,1,2.01,Ipswich Town,12,1,4.66,Arsenal,1,0,3.2,0,0,5,False,True,3.35,0.079,🟡 Moderate,0.0,3.27,0.0,4.0,0.784,7.04
287,Liam Millar,Midfielder,Hull City,5.0,11,u,0,False,False,1,374,1.0,3,2.0,1.5,10.333333333333334,17.419354838709676,0.3333333333333333,0.0,0.0,0.0,4.333333333333333,0.26666666666666666,11.333333333333334,0.0,0.0,0.75,0.8888888888888891,6.25,0.125,0.0,1.875,0.1375,2.0,0.5,0.0,6,0.0,0,318,0.8899999856948853,0.09000000357627869,1.7400000095367432,0.03999999910593033,0.03999999910593033,0.03999999910593033,0.07999999821186066,1.41,0.22,0.0,-0.1,3.94,Everton,9,1,2.66,Fulham,10,0,2.74,Brentford,4,1,2.01,Ipswich Town,12,1,4.66,Arsenal,1,0,3.2,0,0,5,False,True,3.35,0.079,🟡 Moderate,0.0,0.89,0.0,1.19,0.238,0.25
288,Kieran Dowell,Midfielder,Hull City,4.4,11,a,100,False,False,1,374,1.0,3,0.0,0.0,0.0,0.0,0.0,0.0,0.0,0.0,0.0,0.0,0.0,0.0,0.0,0.0,0.0,0.0,0.0,0.0,0.0,0.0,0.0,0.5,0.0,6,0.3,624,2104,0.3799999952316284,0.0,0.44999998807907104,0.03999999910593033,0.019999999552965164,0.03999999910593033,0.07999999821186066,0.33,0.0,0.11,-0.1,3.94,Everton,9,1,2.66,Fulham,10,0,2.74,Brentford,4,1,2.01,Ipswich Town,12,1,4.66,Arsenal,1,0,3.2,0,0,5,False,True,3.35,0.079,🟡 Moderate,0.0,0.38,0.0,0.15,0.034,0.29
289,Matt Crooks,Midfielder,Hull City,4.4,11,a,100,False,False,1,374,1.0,3,0.3333333333333333,0.75,22.666666666666668,1.3235294117647056,0.0,0.0,0.0,0.0,0.0,0.13333333333333333,3.6666666666666665,0.0,0.3333333333333333,0.75,0.925925925925926,45.25,0.0,0.0,0.0,0.5,2.0,0.5,0.0,6,0.5,5273,4389,1.159999966621399,0.0,2.640000104904175,0.05000000074505806,0.019999999552965164,0.05000000074505806,0.07999999821186066,1.41,0.381,0.66,-0.1,3.94,Everton,9,1,2.66,Fulham,10,0,2.74,Brentford,4,1,2.01,Ipswich Town,12,1,4.66,Arsenal,1,0,3.2,0,0,5,False,True,3.35,0.079,🟡 Moderate,0.0,1.16,0.0,0.89,0.202,1.72
290,Regan Slater,Midfielder,Hull City,4.5,11,a,100,False,False,1,374,1.0,3,2.3333333333333335,3.25,90.0,2.3333333333333335,0.0,0.0,0.6666666666666666,0.0,5.666666666666667,14.0,13.200000000000001,0.0,0.3333333333333333,2.75,3.407407407407408,90.0,0.0,0.125,5.75,19.2875,4.0,0.5,0.0,6,5.2,16577,39280,3.180000066757202,0.7900000214576721,6.269999980926514,0.05000000074505806,0.2199999988079071,0.15000000596046448,0.1599999964237213,3.21,1.0,3.18,-0.1,3.94,Everton,9,1,2.66,Fulham,10,0,2.74,Brentford,4,1,2.01,Ipswich Town,12,1,4.66,Arsenal,1,0,3.2,0,0,5,False,True,3.35,0.079,🟡 Moderate,0.0,3.18,0.0,4.27,0.949,7.18
291,Eliot Matazo,Midfielder,Hull City,4.5,11,i,0,False,False,1,374,1.0,3,0.0,0.0,0.0,0.0,0.0,0.0,0.0,0.0,0.0,0.0,0.0,0.0,0.0,0.0,0.0,0.0,0.0,0.0,0.0,0.0,0.0,0.5,0.0,6,0.0,33,56,0.3799999952316284,0.0,0.44999998807907104,0.03999999910593033,0.019999999552965164,0.03999999910593033,0.07999999821186066,0.33,0.0,0.0,-0.1,3.94,Everton,9,1,2.66,Fulham,10,0,2.74,Brentford,4,1,2.01,Ipswich Town,12,1,4.66,Arsenal,1,0,3.2,0,0,5,False,True,3.35,0.079,🟡 Moderate,0.0,0.38,0.0,0.51,0.113,0.07
292,Abdülkadir Ömür,Midfielder,Hull City,4.9,11,a,100,False,False,1,374,1.0,3,0.0,0.0,0.0,0.0,0.0,0.0,0.0,0.0,0.0,0.0,0.0,0.0,0.0,0.0,0.0,0.0,0.0,0.0,0.0,0.0,0.0,0.5,0.0,6,0.0,89,150,0.3799999952316284,0.0,0.6399999856948853,0.03999999910593033,0.019999999552965164,0.03999999910593033,0.07999999821186066,0.33,0.0,0.11,-0.1,3.94,Everton,9,1,2.66,Fulham,10,0,2.74,Brentford,4,1,2.01,Ipswich Town,12,1,4.66,Arsenal,1,0,3.2,0,0,5,False,True,3.35,0.079,🟡 Moderate,0.0,0.38,0.0,0.15,0.031,0.32
293,Abu Kamara,Midfielder,Hull City,5.0,11,u,0,False,False,1,374,1.0,3,0.0,0.0,0.0,0.0,0.0,0.0,0.0,0.0,0.0,0.0,0.0,0.0,0.0,0.0,0.0,0.0,0.0,0.0,0.0,0.0,0.0,0.5,0.0,6,0.0,0,12,0.41999998688697815,0.0,0.7300000190734863,0.03999999910593033,0.019999999552965164,0.03999999910593033,0.07999999821186066,0.33,0.0,0.0,-0.1,3.94,Everton,9,1,2.66,Fulham,10,0,2.74,Brentford,4,1,2.01,Ipswich Town,12,1,4.66,Arsenal,1,0,3.2,0,0,5,False,True,3.35,0.079,🟡 Moderate,0.0,0.42,0.0,0.56,0.112,0.11
294,Óscar Zambrano,Midfielder,Hull City,4.5,11,a,100,False,False,1,374,1.0,3,0.0,0.0,0.0,0.0,0.0,0.0,0.0,0.0,0.0,0.0,0.0,0.0,0.0,0.0,0.0,0.0,0.0,0.0,0.0,0.0,0.0,0.5,0.0,6,0.1,156,508,0.3799999952316284,0.0,0.44999998807907104,0.03999999910593033,0.019999999552965164,0.03999999910593033,0.07999999821186066,0.33,0.0,0.11,-0.1,3.94,Everton,9,1,2.66,Fulham,10,0,2.74,Brentford,4,1,2.01,Ipswich Town,12,1,4.66,Arsenal,1,0,3.2,0,0,5,False,True,3.35,0.079,🟡 Moderate,0.0,0.38,0.0,0.15,0.033,0.29
295,Oli McBurnie,Forward,Hull City,5.5,11,a,100,False,False,1,374,1.0,3,2.3333333333333335,3.0,87.0,2.413793103448276,0.0,0.3333333333333333,0.6666666666666666,0.0,14.0,11.800000000000002,9.000000000000002,0.0,0.6666666666666666,3.25,3.4074074074074083,85.5,0.0,0.625,20.75,12.525000000000002,4.0,0.5,0.0,6,1.9,8645,18793,3.1500000953674316,0.05000000074505806,6.150000095367432,0.28999999165534973,0.10000000149011612,0.07000000029802322,0.25999999046325684,3.74,0.977,3.1,-0.1,3.94,Everton,9,1,2.66,Fulham,10,0,2.74,Brentford,4,1,2.01,Ipswich Town,12,1,4.66,Arsenal,1,0,3.2,0,0,5,False,True,3.35,0.079,🟡 Moderate,0.0,3.15,0.0,4.16,0.756,7.12
296,David Akintola,Midfielder,Hull City,5.0,11,u,0,False,False,1,374,1.0,3,0.0,0.0,0.0,0.0,0.0,0.0,0.0,0.0,0.0,0.0,0.0,0.0,0.0,0.0,0.0,0.0,0.0,0.0,0.0,0.0,0.0,0.5,0.0,6,0.0,0,280,0.41999998688697815,0.0,0.7300000190734863,0.03999999910593033,0.019999999552965164,0.03999999910593033,0.07999999821186066,0.33,0.0,0.0,-0.1,3.94,Everton,9,1,2.66,Fulham,10,0,2.74,Brentford,4,1,2.01,Ipswich Town,12,1,4.66,Arsenal,1,0,3.2,0,0,5,False,True,3.35,0.079,🟡 Moderate,0.0,0.42,0.0,0.56,0.112,0.11
297,Darko Gyabi,Midfielder,Hull City,4.4,11,i,0,False,False,1,374,1.0,3,0.0,0.0,0.0,0.0,0.0,0.0,0.0,0.0,0.0,0.0,0.0,0.0,0.0,0.0,0.0,0.0,0.0,0.0,0.0,0.0,0.0,0.5,0.0,6,0.0,67,151,0.3799999952316284,0.0,0.44999998807907104,0.03999999910593033,0.019999999552965164,0.03999999910593033,0.07999999821186066,0.33,0.0,0.0,-0.1,3.94,Everton,9,1,2.66,Fulham,10,0,2.74,Brentford,4,1,2.01,Ipswich Town,12,1,4.66,Arsenal,1,0,3.2,0,0,5,False,True,3.35,0.079,🟡 Moderate,0.0,0.38,0.0,0.51,0.116,0.07
298,Enis Destan,Forward,Hull City,4.5,11,u,0,False,False,1,374,1.0,3,0.0,0.0,0.0,0.0,0.0,0.0,0.0,0.0,0.0,0.0,0.0,0.0,0.0,0.0,0.0,0.0,0.0,0.0,0.0,0.0,0.0,0.5,0.0,6,0.2,0,1427,0.49000000953674316,0.0,0.5899999737739563,0.05000000074505806,0.05999999865889549,0.019999999552965164,0.10000000149011612,0.49,0.0,0.0,-0.1,3.94,Everton,9,1,2.66,Fulham,10,0,2.74,Brentford,4,1,2.01,Ipswich Town,12,1,4.66,Arsenal,1,0,3.2,0,0,5,False,True,3.35,0.079,🟡 Moderate,0.0,0.49,0.0,0.66,0.147,0.09
299,Mason Burstow,Forward,Hull City,4.5,11,u,0,False,False,1,374,1.0,3,0.0,0.0,0.0,0.0,0.0,0.0,0.0,0.0,0.0,0.0,0.0,0.0,0.0,0.0,0.0,0.0,0.0,0.0,0.0,0.0,0.0,0.5,0.0,6,0.0,0,228,0.49000000953674316,0.0,0.5899999737739563,0.05000000074505806,0.05999999865889549,0.019999999552965164,0.10000000149011612,0.49,0.0,0.0,-0.1,3.94,Everton,9,1,2.66,Fulham,10,0,2.74,Brentford,4,1,2.01,Ipswich Town,12,1,4.66,Arsenal,1,0,3.2,0,0,5,False,True,3.35,0.079,🟡 Moderate,0.0,0.49,0.0,0.66,0.147,0.09
340,Joe Gelhardt,Midfielder,Hull City,5.0,11,a,100,False,False,1,374,1.0,3,0.0,0.0,0.0,0.0,0.0,0.0,0.0,0.0,0.0,0.0,0.0,0.0,0.0,0.0,0.0,0.0,0.0,0.0,0.0,0.0,0.0,0.5,0.0,6,0.0,100,115,0.41999998688697815,0.0,0.7300000190734863,0.03999999910593033,0.019999999552965164,0.03999999910593033,0.07999999821186066,0.33,0.0,0.13,-0.1,3.94,Everton,9,1,2.66,Fulham,10,0,2.74,Brentford,4,1,2.01,Ipswich Town,12,1,4.66,Arsenal,1,0,3.2,0,0,5,False,True,3.35,0.079,🟡 Moderate,0.0,0.42,0.0,0.17,0.034,0.37
556,Matt Targett,Defender,Hull City,4.0,11,d,75,False,False,1,374,1.0,3,0.0,0.25,0.0,0.0,0.0,0.0,0.0,0.0,0.0,0.0,0.0,0.0,0.0,0.125,0.2962962962962964,0.625,0.0,0.0,0.0,0.0,1.0,0.5,0.0,6,1.6,117,10357,0.36000001430511475,0.0,0.3499999940395355,0.019999999552965164,0.019999999552965164,0.09000000357627869,0.029999999329447746,0.22,0.0,0.08,-0.1,3.94,Everton,9,1,2.66,Fulham,10,0,2.74,Brentford,4,1,2.01,Ipswich Town,12,1,4.66,Arsenal,1,0,3.2,0,0,5,False,True,3.35,0.079,🟡 Moderate,0.0,0.36,0.0,0.12,0.03,0.21
563,Hidemasa Morita,Midfielder,Hull City,4.9,11,i,0,False,False,1,374,1.0,3,0.3333333333333333,0.25,15.0,1.9999999999999998,0.0,0.0,0.0,0.0,0.0,4.466666666666667,3.6666666666666665,0.0,0.0,0.125,0.14814814814814817,5.625,0.0,0.0,0.0,1.675,1.0,0.5,0.0,6,0.0,24,186,0.949999988079071,0.019999999552965164,1.9199999570846558,0.03999999910593033,0.019999999552965164,0.029999999329447746,0.07999999821186066,1.34,0.285,0.0,-0.1,3.94,Everton,9,1,2.66,Fulham,10,0,2.74,Brentford,4,1,2.01,Ipswich Town,12,1,4.66,Arsenal,1,0,3.2,0,0,5,False,True,3.35,0.079,🟡 Moderate,0.0,0.95,0.0,1.27,0.259,0.28
572,Konstantinos Tzolakis,Goalkeeper,Hull City,4.7,11,a,100,False,False,1,374,1.0,3,6.0,7.0,90.0,6.0,0.0,0.0,0.6666666666666666,1.0,0.0,0.0,22.399999999999995,3.0,0.0,5.0,6.444444444444446,90.0,0.0,0.0,0.0,0.0,4.0,0.5,0.0,6,12.8,130214,23899,2.7799999713897705,0.0,4.53000020980835,0.0,0.0,0.20999999344348907,0.23999999463558197,3.08,1.0,2.78,-0.1,3.94,Everton,9,1,2.66,Fulham,10,0,2.74,Brentford,4,1,2.01,Ipswich Town,12,1,4.66,Arsenal,1,0,3.2,0,0,5,False,True,3.35,0.079,🟡 Moderate,0.0,2.78,0.0,3.81,0.811,6.24
574,Jens Hjertø-Dahl,Midfielder,Hull City,4.9,11,a,100,False,False,1,374,1.0,3,0.3333333333333333,0.25,2.6666666666666665,11.25,0.0,0.0,0.0,0.0,0.0,0.0,0.0,0.0,0.0,0.25,0.22222222222222224,2.0,0.0,0.0,0.0,0.0,1.0,0.5,0.0,6,0.1,81,335,0.4000000059604645,0.0,0.800000011920929,0.03999999910593033,0.019999999552965164,0.029999999329447746,0.07999999821186066,1.33,0.085,0.14,-0.1,3.94,Everton,9,1,2.66,Fulham,10,0,2.74,Brentford,4,1,2.01,Ipswich Town,12,1,4.66,Arsenal,1,0,3.2,0,0,5,False,True,3.35,0.079,🟡 Moderate,0.0,0.4,0.0,0.19,0.039,0.4
576,Elliot Stroud,Midfielder,Hull City,5.0,11,a,100,False,False,1,374,1.0,3,1.3333333333333333,1.75,59.666666666666664,2.011173184357542,0.0,0.0,0.3333333333333333,0.0,4.0,5.966666666666666,0.0,0.0,0.3333333333333333,1.625,1.888888888888889,61.0,0.0,0.0,2.375,4.987500000000001,4.0,0.5,0.0,6,0.1,148,492,2.390000104904175,0.27000001072883606,3.869999885559082,0.05999999865889549,0.03999999910593033,0.14000000059604645,0.07999999821186066,1.49,0.75,1.97,-0.1,3.94,Everton,9,1,2.66,Fulham,10,0,2.74,Brentford,4,1,2.01,Ipswich Town,12,1,4.66,Arsenal,1,0,3.2,0,0,5,False,True,3.35,0.079,🟡 Moderate,0.0,2.39,0.0,2.64,0.528,4.48
585,Lucas Herrington,Defender,Hull City,4.0,11,a,100,False,False,1,374,1.0,3,1.0,1.0,27.0,3.333333333333333,0.0,0.0,0.0,0.0,0.0,0.23333333333333336,3.733333333333333,0.0,0.0,1.0,1.0,27.375,0.0,0.0,0.0,0.25,4.0,0.5,0.0,6,0.6,1076,1766,0.6800000071525574,0.0,1.440000057220459,0.029999999329447746,0.019999999552965164,0.09000000357627869,0.029999999329447746,1.24,0.431,0.41,-0.1,3.94,Everton,9,1,2.66,Fulham,10,0,2.74,Brentford,4,1,2.01,Ipswich Town,12,1,4.66,Arsenal,1,0,3.2,0,0,5,False,True,3.35,0.079,🟡 Moderate,0.0,0.68,0.0,0.6,0.15,1.04
586,Nobel Mendy,Defender,Hull City,4.1,11,a,100,False,False,1,374,1.0,3,3.3333333333333335,6.25,62.0,4.838709677419355,0.0,0.0,0.3333333333333333,0.0,7.0,0.26666666666666666,18.8,0.0,0.0,4.5,6.703703703703705,61.625,0.125,0.0,8.5,0.32499999999999996,4.0,0.5,0.0,6,6.3,7576,34397,1.940000057220459,0.0,7.210000038146973,0.029999999329447746,0.019999999552965164,0.09000000357627869,0.019999999552965164,2.6,0.77,1.63,-0.1,3.94,Everton,9,1,2.66,Fulham,10,0,2.74,Brentford,4,1,2.01,Ipswich Town,12,1,4.66,Arsenal,1,0,3.2,0,0,5,False,True,3.35,0.079,🟡 Moderate,0.0,1.94,0.0,2.4,0.585,4.34
589,Lucas Gourna-Douath,Midfielder,Hull City,5.0,11,a,100,False,False,1,374,1.0,3,1.0,0.75,42.0,2.142857142857143,0.0,0.0,0.3333333333333333,0.0,0.0,7.5,8.733333333333334,0.0,0.3333333333333333,0.625,0.5925925925925927,25.875,0.0,0.0,0.0,5.5125,2.0,0.5,0.0,6,0.0,33,111,1.4299999475479126,0.0,3.0,0.03999999910593033,0.03999999910593033,0.05000000074505806,0.07999999821186066,1.43,0.587,1.02,-0.1,3.94,Everton,9,1,2.66,Fulham,10,0,2.74,Brentford,4,1,2.01,Ipswich Town,12,1,4.66,Arsenal,1,0,3.2,0,0,5,False,True,3.35,0.079,🟡 Moderate,0.0,1.43,0.0,1.37,0.274,2.49
617,Mohamed-Ali Cho,Midfielder,Hull City,5.0,11,a,100,False,False,1,374,1.0,3,1.0,1.0,15.0,6.0,0.0,0.0,0.0,0.0,12.666666666666666,6.266666666666667,3.533333333333333,0.0,0.0,1.0,1.0,18.75,0.0,0.0,14.75,9.325,3.0,0.3333333333333333,0.0,6,0.0,365,160,1.7599999904632568,0.029999999329447746,4.739999771118164,0.05000000074505806,0.029999999329447746,0.03999999910593033,0.07999999821186066,1.45,0.285,0.88,-0.1,3.94,Everton,9,1,2.66,Fulham,10,0,2.74,Brentford,4,1,2.01,Ipswich Town,12,1,4.66,Arsenal,1,0,3.2,0,0,5,False,True,3.35,0.079,🟡 Moderate,0.0,1.76,0.0,1.18,0.236,2.47
632,Ilyas Ansah,Forward,Hull City,5.0,11,i,0,False,False,1,374,1.0,3,0.0,0.0,0.0,0.0,0.0,0.0,0.0,0.0,0.0,0.0,0.0,0.0,0.0,0.0,0.0,0.0,0.0,0.0,0.0,0.0,0.0,0.5,0.0,6,0.0,77,438,0.5099999904632568,0.0,0.7900000214576721,0.05000000074505806,0.05999999865889549,0.019999999552965164,0.10000000149011612,0.49,0.0,0.0,-0.1,3.94,Everton,9,1,2.66,Fulham,10,0,2.74,Brentford,4,1,2.01,Ipswich Town,12,1,4.66,Arsenal,1,0,3.2,0,0,5,False,True,3.35,0.079,🟡 Moderate,0.0,0.51,0.0,0.68,0.136,0.12
637,Robinio Vaz,Forward,Hull City,5.0,11,a,100,False,False,1,374,1.0,3,0.5,0.5,4.0,11.25,0.0,0.0,0.0,0.0,0.0,0.25,0.0,0.0,0.0,0.5,0.3333333333333333,4.0,0.0,0.0,0.0,0.25,1.0,0.5,0.0,6,0.1,1924,1217,0.550000011920929,0.0,0.7699999809265137,0.05000000074505806,0.05999999865889549,0.019999999552965164,0.10000000149011612,1.48,0.113,0.21,-0.1,3.94,Everton,9,1,2.66,Fulham,10,0,2.74,Brentford,4,1,2.01,Ipswich Town,12,1,4.66,Arsenal,1,0,3.2,0,0,5,False,True,3.35,0.079,🟡 Moderate,0.0,0.55,0.0,0.28,0.056,0.54
638,Brooke Norton-Cuffy,Defender,Hull City,4.0,11,d,75,False,False,1,374,1.0,3,0.5,0.5,17.0,2.6470588235294117,0.0,0.0,0.0,0.0,4.5,0.3,1.1,0.0,0.5,0.5,0.6666666666666667,17.0,0.0,0.0,4.5,0.3,2.0,0.5,0.0,6,0.2,459,2682,1.149999976158142,0.0,1.4600000381469727,0.019999999552965164,0.019999999552965164,0.09000000357627869,0.029999999329447746,1.21,0.311,0.45,-0.1,3.94,Everton,9,1,2.66,Fulham,10,0,2.74,Brentford,4,1,2.01,Ipswich Town,12,1,4.66,Arsenal,1,0,3.2,0,0,5,False,True,3.35,0.079,🟡 Moderate,0.0,1.15,0.0,0.66,0.165,1.12
642,Sorba Thomas,Midfielder,Hull City,5.5,11,a,100,False,False,1,374,1.0,3,1.0,1.0,28.5,3.1578947368421053,0.0,0.0,0.0,0.0,2.0,12.8,4.4,0.0,0.0,1.0,1.0,28.5,0.0,0.0,2.0,12.8,2.0,0.5,0.0,6,0.0,516,363,1.6200000047683716,0.20999999344348907,3.5199999809265137,0.05000000074505806,0.019999999552965164,0.05999999865889549,0.09000000357627869,1.38,0.447,0.99,-0.1,3.94,Everton,9,1,2.66,Fulham,10,0,2.74,Brentford,4,1,2.01,Ipswich Town,12,1,4.66,Arsenal,1,0,3.2,0,0,5,False,True,3.35,0.079,🟡 Moderate,0.0,1.62,0.0,1.33,0.242,2.48
645,Christos Mouzakitis,Midfielder,Hull City,5.0,11,a,100,False,False,1,374,1.0,3,0.0,0.0,0.0,0.0,0.0,0.0,0.0,0.0,0.0,0.0,0.0,0.0,0.0,0.0,0.0,0.0,0.0,0.0,0.0,0.0,0.0,0.5,0.0,6,0.0,94,92,0.41999998688697815,0.0,0.7300000190734863,0.03999999910593033,0.019999999552965164,0.03999999910593033,0.07999999821186066,0.33,0.0,0.13,-0.1,3.94,Everton,9,1,2.66,Fulham,10,0,2.74,Brentford,4,1,2.01,Ipswich Town,12,1,4.66,Arsenal,1,0,3.2,0,0,5,False,True,3.35,0.079,🟡 Moderate,0.0,0.42,0.0,0.17,0.034,0.37
259,Issa Diop,Defender,Ipswich Town,4.0,12,a,100,False,False,1,824,1.0,2,2.0,2.0,90.0,2.0,0.0,0.0,0.0,0.0,0.6666666666666666,4.3,27.666666666666668,0.0,0.0,1.75,1.888888888888889,90.0,0.0,0.0,1.25,3.7375000000000003,4.0,0.5,0.0,6,12.7,7489,58067,2.3299999237060547,0.05000000074505806,4.690000057220459,0.019999999552965164,0.10999999940395355,0.10000000149011612,0.07000000029802322,2.93,1.0,2.33,-0.1,3.42,Fulham,10,1,3.69,Man City,15,0,3.02,Nott'm Forest,18,1,3.8,Hull City,11,0,2.74,Bournemouth,3,1,3.33,0,0,5,False,True,3.44,-0.125,🟡 Moderate,0.0,2.33,0.0,3.22,0.805,5.36
267,Saša Lukić,Midfielder,Ipswich Town,4.9,12,a,100,False,False,1,824,1.0,2,1.3333333333333333,2.25,79.33333333333333,1.5126050420168067,0.0,0.0,0.0,0.0,1.3333333333333333,16.53333333333333,12.666666666666666,0.0,0.6666666666666666,1.75,2.4074074074074083,80.75,0.0,0.125,1.5,18.6375,4.0,0.5,0.0,6,0.1,211,552,2.5799999237060547,0.5400000214576721,3.9100000858306885,0.05000000074505806,0.20000000298023224,0.1899999976158142,0.07999999821186066,3.15,0.915,2.43,-0.1,3.42,Fulham,10,1,3.69,Man City,15,0,3.02,Nott'm Forest,18,1,3.8,Hull City,11,0,2.74,Bournemouth,3,1,3.33,0,0,5,False,True,3.44,-0.125,🟡 Moderate,0.0,2.58,0.0,3.06,0.624,5.37
300,Christian Walton,Goalkeeper,Ipswich Town,4.4,12,a,100,False,False,1,824,1.0,2,0.0,0.0,0.0,0.0,0.0,0.0,0.0,0.0,0.0,0.0,0.0,0.0,0.0,0.0,0.0,0.0,0.0,0.0,0.0,0.0,0.0,0.5,0.0,6,0.4,1839,1134,0.12999999523162842,0.0,0.05999999865889549,0.0,0.0,0.029999999329447746,0.05000000074505806,0.05,0.0,0.04,-0.1,3.42,Fulham,10,1,3.69,Man City,15,0,3.02,Nott'm Forest,18,1,3.8,Hull City,11,0,2.74,Bournemouth,3,1,3.33,0,0,5,False,True,3.44,-0.125,🟡 Moderate,0.0,0.13,0.0,0.05,0.011,0.09
301,Alex Palmer,Goalkeeper,Ipswich Town,4.0,12,a,100,False,False,1,824,1.0,2,0.0,0.0,0.0,0.0,0.0,0.0,0.0,0.0,0.0,0.0,0.0,0.0,0.0,0.0,0.0,0.0,0.0,0.0,0.0,0.0,0.0,0.5,0.0,6,3.9,4211,12509,0.12999999523162842,0.0,0.05999999865889549,0.0,0.0,0.029999999329447746,0.05000000074505806,0.05,0.0,0.04,-0.1,3.42,Fulham,10,1,3.69,Man City,15,0,3.02,Nott'm Forest,18,1,3.8,Hull City,11,0,2.74,Bournemouth,3,1,3.33,0,0,5,False,True,3.44,-0.125,🟡 Moderate,0.0,0.13,0.0,0.05,0.012,0.09
302,David Button,Goalkeeper,Ipswich Town,4.0,12,a,100,False,False,1,824,1.0,2,0.0,0.0,0.0,0.0,0.0,0.0,0.0,0.0,0.0,0.0,0.0,0.0,0.0,0.0,0.0,0.0,0.0,0.0,0.0,0.0,0.0,0.5,0.0,6,0.6,1545,1405,0.12999999523162842,0.0,0.05999999865889549,0.0,0.0,0.029999999329447746,0.05000000074505806,0.05,0.0,0.04,-0.1,3.42,Fulham,10,1,3.69,Man City,15,0,3.02,Nott'm Forest,18,1,3.8,Hull City,11,0,2.74,Bournemouth,3,1,3.33,0,0,5,False,True,3.44,-0.125,🟡 Moderate,0.0,0.13,0.0,0.05,0.012,0.09
303,Cédric Kipré,Defender,Ipswich Town,3.9,12,a,100,False,False,1,824,1.0,2,0.0,0.0,0.0,0.0,0.0,0.0,0.0,0.0,0.0,0.0,0.0,0.0,0.0,0.0,0.0,0.0,0.0,0.0,0.0,0.0,0.0,0.5,-1.0,6,0.9,4714,4602,0.36000001430511475,0.0,0.6299999952316284,0.019999999552965164,0.019999999552965164,0.09000000357627869,0.029999999329447746,0.23,0.0,0.11,-0.1,3.42,Fulham,10,1,3.69,Man City,15,0,3.02,Nott'm Forest,18,1,3.8,Hull City,11,0,2.74,Bournemouth,3,1,3.33,0,0,5,False,True,3.44,-0.125,🟡 Moderate,0.0,0.36,0.0,0.15,0.038,0.31
304,Dara O'Shea,Defender,Ipswich Town,4.0,12,a,100,False,False,1,824,1.0,2,1.3333333333333333,2.0,90.0,1.3333333333333333,0.0,0.0,0.0,0.0,5.666666666666667,12.0,17.8,0.0,0.0,1.75,2.1851851851851856,90.0,0.0,0.0,4.375,19.6625,4.0,0.5,0.0,6,2.7,2139,15349,2.2300000190734863,0.05000000074505806,4.659999847412109,0.019999999552965164,0.019999999552965164,0.10000000149011612,0.07999999821186066,2.67,1.0,2.23,-0.1,3.42,Fulham,10,1,3.69,Man City,15,0,3.02,Nott'm Forest,18,1,3.8,Hull City,11,0,2.74,Bournemouth,3,1,3.33,0,0,5,False,True,3.44,-0.125,🟡 Moderate,0.0,2.23,0.0,3.09,0.772,5.15
305,Leif Davis,Defender,Ipswich Town,4.0,12,a,100,False,False,1,824,1.0,2,7.0,5.75,90.0,7.0,0.6666666666666666,0.6666666666666666,0.0,0.3333333333333333,36.0,17.76666666666667,39.73333333333333,0.0,0.0,8.25,6.37037037037037,90.0,0.625,1.0,30.5,16.05,4.0,0.5,0.0,6,7.0,54262,29587,2.8499999046325684,0.05000000074505806,6.28000020980835,0.019999999552965164,0.17000000178813934,0.10000000149011612,0.20000000298023224,3.25,1.0,2.85,-0.1,3.42,Fulham,10,1,3.69,Man City,15,0,3.02,Nott'm Forest,18,1,3.8,Hull City,11,0,2.74,Bournemouth,3,1,3.33,0,0,5,False,True,3.44,-0.125,🟡 Moderate,0.0,2.85,0.0,3.94,0.985,6.63
306,Jacob Greaves,Defender,Ipswich Town,4.0,12,a,100,False,False,1,824,1.0,2,0.3333333333333333,0.75,89.0,0.33707865168539325,0.0,0.0,0.0,0.0,1.3333333333333333,5.2,17.400000000000002,0.0,0.3333333333333333,0.875,1.0000000000000002,88.5,0.0,0.0,1.0,4.4,4.0,0.5,0.0,6,1.1,511,3670,2.740000009536743,0.05000000074505806,5.809999942779541,0.019999999552965164,0.019999999552965164,0.10000000149011612,0.07999999821186066,2.68,0.992,2.73,-0.1,3.42,Fulham,10,1,3.69,Man City,15,0,3.02,Nott'm Forest,18,1,3.8,Hull City,11,0,2.74,Bournemouth,3,1,3.33,0,0,5,False,True,3.44,-0.125,🟡 Moderate,0.0,2.74,0.0,3.78,0.945,6.32
307,Ben Johnson,Defender,Ipswich Town,4.0,12,u,0,False,False,1,824,1.0,2,0.0,0.0,0.0,0.0,0.0,0.0,0.0,0.0,0.0,0.0,0.0,0.0,0.0,0.0,0.0,0.0,0.0,0.0,0.0,0.0,0.0,0.5,0.0,6,0.1,0,375,0.3700000047683716,0.0,0.6000000238418579,0.019999999552965164,0.019999999552965164,0.09000000357627869,0.029999999329447746,0.23,0.0,0.0,-0.1,3.42,Fulham,10,1,3.69,Man City,15,0,3.02,Nott'm Forest,18,1,3.8,Hull City,11,0,2.74,Bournemouth,3,1,3.33,0,0,5,False,True,3.44,-0.125,🟡 Moderate,0.0,0.37,0.0,0.51,0.128,0.09
308,Darnell Furlong,Defender,Ipswich Town,3.9,12,a,100,False,False,1,824,1.0,2,0.3333333333333333,0.25,5.666666666666667,5.2941176470588225,0.0,0.0,0.0,0.0,0.0,0.16666666666666666,1.6666666666666667,0.0,0.0,0.125,0.14814814814814817,2.125,0.0,0.0,0.0,0.0625,1.0,0.5,-1.0,6,0.6,6670,3116,0.7099999785423279,0.0,0.9399999976158142,0.019999999552965164,0.019999999552965164,0.09000000357627869,0.029999999329447746,1.23,0.144,0.28,-0.1,3.42,Fulham,10,1,3.69,Man City,15,0,3.02,Nott'm Forest,18,1,3.8,Hull City,11,0,2.74,Bournemouth,3,1,3.33,0,0,5,False,True,3.44,-0.125,🟡 Moderate,0.0,0.71,0.0,0.39,0.1,0.7
309,Marcelino Núñez,Midfielder,Ipswich Town,4.9,12,a,100,False,False,1,824,1.0,2,0.6666666666666666,1.5,20.333333333333332,2.9508196721311477,0.0,0.0,0.0,0.0,0.6666666666666666,4.033333333333333,3.8666666666666667,0.0,0.0,0.75,1.481481481481482,17.5,0.0,0.0,0.75,2.425,2.0,0.5,-1.0,6,0.1,101,698,1.2000000476837158,0.0,2.9100000858306885,0.03999999910593033,0.019999999552965164,0.03999999910593033,0.07999999821186066,1.34,0.353,0.66,-0.1,3.42,Fulham,10,1,3.69,Man City,15,0,3.02,Nott'm Forest,18,1,3.8,Hull City,11,0,2.74,Bournemouth,3,1,3.33,0,0,5,False,True,3.44,-0.125,🟡 Moderate,0.0,1.2,0.0,0.83,0.169,1.76
310,Azor Matusiwa,Midfielder,Ipswich Town,4.9,12,a,100,False,False,1,824,1.0,2,0.0,0.0,0.0,0.0,0.0,0.0,0.0,0.0,0.0,0.0,0.0,0.0,0.0,0.0,0.0,0.0,0.0,0.0,0.0,0.0,0.0,0.5,0.0,6,0.0,16,18,0.38999998569488525,0.0,0.7099999785423279,0.03999999910593033,0.019999999552965164,0.029999999329447746,0.07999999821186066,0.33,0.0,0.12,-0.1,3.42,Fulham,10,1,3.69,Man City,15,0,3.02,Nott'm Forest,18,1,3.8,Hull City,11,0,2.74,Bournemouth,3,1,3.33,0,0,5,False,True,3.44,-0.125,🟡 Moderate,0.0,0.39,0.0,0.15,0.031,0.35
311,Wes Burns,Midfielder,Ipswich Town,5.0,12,u,0,False,False,1,824,1.0,2,0.0,0.0,0.0,0.0,0.0,0.0,0.0,0.0,0.0,0.0,0.0,0.0,0.0,0.0,0.0,0.0,0.0,0.0,0.0,0.0,0.0,0.5,0.0,6,0.0,0,8,0.4300000071525574,0.0,0.7900000214576721,0.03999999910593033,0.019999999552965164,0.03999999910593033,0.07999999821186066,0.33,0.0,0.0,-0.1,3.42,Fulham,10,1,3.69,Man City,15,0,3.02,Nott'm Forest,18,1,3.8,Hull City,11,0,2.74,Bournemouth,3,1,3.33,0,0,5,False,True,3.44,-0.125,🟡 Moderate,0.0,0.43,0.0,0.54,0.108,0.12
312,Jack Taylor,Midfielder,Ipswich Town,4.4,12,i,0,False,False,1,824,1.0,2,0.0,0.0,0.0,0.0,0.0,0.0,0.0,0.0,0.0,0.0,0.0,0.0,0.0,0.0,0.0,0.0,0.0,0.0,0.0,0.0,0.0,0.5,0.0,6,0.0,393,287,0.38999998569488525,0.0,0.6200000047683716,0.03999999910593033,0.019999999552965164,0.029999999329447746,0.07999999821186066,0.33,0.0,0.0,-0.1,3.42,Fulham,10,1,3.69,Man City,15,0,3.02,Nott'm Forest,18,1,3.8,Hull City,11,0,2.74,Bournemouth,3,1,3.33,0,0,5,False,True,3.44,-0.125,🟡 Moderate,0.0,0.39,0.0,0.49,0.111,0.09
313,Jack Clarke,Midfielder,Ipswich Town,5.4,12,a,100,False,False,1,824,1.0,2,0.6666666666666666,2.25,28.666666666666668,2.093023255813953,0.0,0.0,0.0,0.0,8.333333333333334,8.233333333333333,2.8000000000000003,0.0,0.3333333333333333,1.625,2.6296296296296306,39.375,0.125,0.0,13.75,9.5,3.0,0.5,0.0,6,0.2,159,981,1.75,0.07000000029802322,4.989999771118164,0.05999999865889549,0.03999999910593033,0.05999999865889549,0.10000000149011612,1.49,0.449,1.07,-0.1,3.42,Fulham,10,1,3.69,Man City,15,0,3.02,Nott'm Forest,18,1,3.8,Hull City,11,0,2.74,Bournemouth,3,1,3.33,0,0,5,False,True,3.44,-0.125,🟡 Moderate,0.0,1.75,0.0,1.35,0.25,2.88
314,Chiedozie Ogbene,Midfielder,Ipswich Town,4.9,12,u,0,False,False,1,824,1.0,2,0.0,0.0,0.0,0.0,0.0,0.0,0.0,0.0,0.0,0.0,0.0,0.0,0.0,0.0,0.0,0.0,0.0,0.0,0.0,0.0,0.0,0.5,0.0,6,0.0,0,67,0.38999998569488525,0.0,0.7099999785423279,0.03999999910593033,0.019999999552965164,0.029999999329447746,0.07999999821186066,0.33,0.0,0.0,-0.1,3.42,Fulham,10,1,3.69,Man City,15,0,3.02,Nott'm Forest,18,1,3.8,Hull City,11,0,2.74,Bournemouth,3,1,3.33,0,0,5,False,True,3.44,-0.125,🟡 Moderate,0.0,0.39,0.0,0.49,0.1,0.11
315,Abdul Fatawu,Midfielder,Ipswich Town,5.4,12,s,0,False,False,1,824,1.0,2,2.3333333333333335,2.25,73.66666666666667,2.850678733031674,0.0,0.3333333333333333,0.0,0.0,4.0,28.83333333333333,14.333333333333334,0.0,0.6666666666666666,1.75,1.9629629629629632,68.375,0.0,0.125,5.25,22.7125,4.0,0.5,-1.0,6,0.2,62,2641,2.2100000381469727,0.5600000023841858,4.900000095367432,0.03999999910593033,0.12999999523162842,0.14000000059604645,0.09000000357627869,2.85,0.869,0.0,-0.1,3.42,Fulham,10,1,3.69,Man City,15,0,3.02,Nott'm Forest,18,1,3.8,Hull City,11,0,2.74,Bournemouth,3,1,3.33,0,0,5,False,True,3.44,-0.125,🟡 Moderate,0.0,2.21,0.0,2.79,0.517,0.65
316,Emersonn Correia da Silva,Forward,Ipswich Town,5.5,12,a,100,False,False,1,824,1.0,2,5.0,6.0,57.333333333333336,7.848837209302326,0.3333333333333333,0.3333333333333333,0.0,1.0,14.333333333333334,7.833333333333333,16.933333333333334,0.0,0.0,7.75,7.25925925925926,61.0,0.625,0.5,23.75,10.875,4.0,0.5,0.0,6,3.6,37615,24186,3.1600000858306885,0.0,6.619999885559082,0.27000001072883606,0.10000000149011612,0.05000000074505806,0.5099999904632568,2.9,0.729,2.56,-0.1,3.42,Fulham,10,1,3.69,Man City,15,0,3.02,Nott'm Forest,18,1,3.8,Hull City,11,0,2.74,Bournemouth,3,1,3.33,0,0,5,False,True,3.44,-0.125,🟡 Moderate,0.0,3.16,0.0,3.23,0.587,6.11
317,George Hirst,Forward,Ipswich Town,5.0,12,u,0,False,False,1,824,1.0,2,0.0,0.0,0.0,0.0,0.0,0.0,0.0,0.0,0.0,0.0,0.0,0.0,0.0,0.0,0.0,0.0,0.0,0.0,0.0,0.0,0.0,0.5,0.0,6,0.1,0,505,0.5099999904632568,0.0,0.8299999833106995,0.05000000074505806,0.05999999865889549,0.019999999552965164,0.10999999940395355,0.51,0.0,0.0,-0.1,3.42,Fulham,10,1,3.69,Man City,15,0,3.02,Nott'm Forest,18,1,3.8,Hull City,11,0,2.74,Bournemouth,3,1,3.33,0,0,5,False,True,3.44,-0.125,🟡 Moderate,0.0,0.51,0.0,0.64,0.128,0.12
318,Jaden Philogene,Midfielder,Ipswich Town,5.4,12,a,100,False,False,1,824,1.0,2,0.3333333333333333,0.25,9.333333333333334,3.214285714285714,0.0,0.0,0.0,0.0,3.0,0.26666666666666666,1.1333333333333333,0.0,0.0,0.5,0.3333333333333333,14.0,0.0,0.0,4.5,0.4,1.0,0.5,0.0,6,0.1,36,169,1.0099999904632568,0.0,2.950000047683716,0.03999999910593033,0.029999999329447746,0.029999999329447746,0.09000000357627869,1.39,0.205,0.45,-0.1,3.42,Fulham,10,1,3.69,Man City,15,0,3.02,Nott'm Forest,18,1,3.8,Hull City,11,0,2.74,Bournemouth,3,1,3.33,0,0,5,False,True,3.44,-0.125,🟡 Moderate,0.0,1.01,0.0,0.57,0.106,1.34
319,Sam Szmodics,Midfielder,Ipswich Town,5.0,12,u,0,False,False,1,824,1.0,2,0.0,0.0,0.0,0.0,0.0,0.0,0.0,0.0,0.0,0.0,0.0,0.0,0.0,0.0,0.0,0.0,0.0,0.0,0.0,0.0,0.0,0.5,0.0,6,0.0,0,14,0.4300000071525574,0.0,0.7900000214576721,0.03999999910593033,0.019999999552965164,0.03999999910593033,0.07999999821186066,0.33,0.0,0.0,-0.1,3.42,Fulham,10,1,3.69,Man City,15,0,3.02,Nott'm Forest,18,1,3.8,Hull City,11,0,2.74,Bournemouth,3,1,3.33,0,0,5,False,True,3.44,-0.125,🟡 Moderate,0.0,0.43,0.0,0.54,0.108,0.12
320,Chuba Akpom,Forward,Ipswich Town,5.0,12,a,100,False,False,1,824,1.0,2,1.6666666666666667,1.5,15.0,10.0,0.3333333333333333,0.0,0.0,0.0,5.666666666666667,0.5666666666666667,11.066666666666668,0.0,0.0,0.75,1.0370370370370372,8.625,0.125,0.0,2.375,0.2125,2.0,0.5,0.0,6,1.2,5201,9973,0.6700000166893005,0.0,0.8700000047683716,0.05000000074505806,0.05999999865889549,0.019999999552965164,0.10999999940395355,1.47,0.285,0.33,-0.1,3.42,Fulham,10,1,3.69,Man City,15,0,3.02,Nott'm Forest,18,1,3.8,Hull City,11,0,2.74,Bournemouth,3,1,3.33,0,0,5,False,True,3.44,-0.125,🟡 Moderate,0.0,0.67,0.0,0.42,0.084,0.79
321,Sindre Walle Egeli,Forward,Ipswich Town,4.5,12,a,100,False,False,1,824,1.0,2,0.0,0.25,0.0,0.0,0.0,0.0,0.0,0.0,0.0,0.0,0.0,0.0,0.0,0.125,0.2962962962962964,1.25,0.0,0.0,0.0,0.0125,1.0,0.5,0.0,6,3.5,19264,28015,0.49000000953674316,0.0,0.6299999952316284,0.05000000074505806,0.05999999865889549,0.019999999552965164,0.10999999940395355,0.51,0.0,0.15,-0.1,3.42,Fulham,10,1,3.69,Man City,15,0,3.02,Nott'm Forest,18,1,3.8,Hull City,11,0,2.74,Bournemouth,3,1,3.33,0,0,5,False,True,3.44,-0.125,🟡 Moderate,0.0,0.49,0.0,0.19,0.042,0.39
322,Ali Al-Hamadi,Forward,Ipswich Town,5.0,12,u,0,False,False,1,824,1.0,2,0.0,0.0,0.0,0.0,0.0,0.0,0.0,0.0,0.0,0.0,0.0,0.0,0.0,0.0,0.0,0.0,0.0,0.0,0.0,0.0,0.0,0.5,0.0,6,0.0,0,391,0.5099999904632568,0.0,0.8299999833106995,0.05000000074505806,0.05999999865889549,0.019999999552965164,0.10999999940395355,0.51,0.0,0.0,-0.1,3.42,Fulham,10,1,3.69,Man City,15,0,3.02,Nott'm Forest,18,1,3.8,Hull City,11,0,2.74,Bournemouth,3,1,3.33,0,0,5,False,True,3.44,-0.125,🟡 Moderate,0.0,0.51,0.0,0.64,0.128,0.12
323,Kasey McAteer,Midfielder,Ipswich Town,4.4,12,a,100,False,False,1,824,1.0,2,0.6666666666666666,0.75,6.0,10.0,0.0,0.0,0.0,0.0,2.3333333333333335,0.16666666666666666,1.1333333333333333,0.0,0.0,0.5,0.6666666666666667,6.625,0.0,0.0,1.75,0.2875,3.0,0.5,0.0,6,1.0,1644,6735,0.75,0.0,1.7799999713897705,0.03999999910593033,0.019999999552965164,0.029999999329447746,0.07999999821186066,1.34,0.15,0.3,-0.1,3.42,Fulham,10,1,3.69,Man City,15,0,3.02,Nott'm Forest,18,1,3.8,Hull City,11,0,2.74,Bournemouth,3,1,3.33,0,0,5,False,True,3.44,-0.125,🟡 Moderate,0.0,0.75,0.0,0.38,0.086,0.87
324,Anis Mehmeti,Midfielder,Ipswich Town,4.8,12,a,100,False,False,1,824,1.0,2,0.0,0.0,0.0,0.0,0.0,0.0,0.0,0.0,0.0,0.0,0.0,0.0,0.0,0.0,0.0,0.0,0.0,0.0,0.0,0.0,0.0,0.5,0.0,6,0.0,78,155,0.38999998569488525,0.0,0.7099999785423279,0.03999999910593033,0.019999999552965164,0.029999999329447746,0.07999999821186066,0.33,0.0,0.12,-0.1,3.42,Fulham,10,1,3.69,Man City,15,0,3.02,Nott'm Forest,18,1,3.8,Hull City,11,0,2.74,Bournemouth,3,1,3.33,0,0,5,False,True,3.44,-0.125,🟡 Moderate,0.0,0.39,0.0,0.15,0.031,0.35
554,Kayne van Oevelen,Goalkeeper,Ipswich Town,4.5,12,u,0,False,False,1,824,1.0,2,0.0,0.0,0.0,0.0,0.0,0.0,0.0,0.0,0.0,0.0,0.0,0.0,0.0,0.0,0.0,0.0,0.0,0.0,0.0,0.0,0.0,0.5,0.0,6,0.0,0,86,0.1899999976158142,0.0,0.3700000047683716,0.0,0.0,0.029999999329447746,0.05000000074505806,0.05,0.0,0.0,-0.1,3.42,Fulham,10,1,3.69,Man City,15,0,3.02,Nott'm Forest,18,1,3.8,Hull City,11,0,2.74,Bournemouth,3,1,3.33,0,0,5,False,True,3.44,-0.125,🟡 Moderate,0.0,0.19,0.0,0.24,0.053,0.06
562,Daizen Maeda,Midfielder,Ipswich Town,5.3,12,a,100,False,False,1,824,1.0,2,1.6666666666666667,1.75,54.666666666666664,2.7439024390243905,0.0,0.0,0.0,0.0,12.0,1.2666666666666666,5.399999999999999,0.0,0.0,1.5,1.6666666666666667,48.625,0.0,0.0,7.5,1.525,4.0,0.5,0.0,6,0.2,146,1527,1.690000057220459,0.09000000357627869,4.369999885559082,0.03999999910593033,0.03999999910593033,0.17000000178813934,0.07999999821186066,1.42,0.705,1.34,-0.1,3.42,Fulham,10,1,3.69,Man City,15,0,3.02,Nott'm Forest,18,1,3.8,Hull City,11,0,2.74,Bournemouth,3,1,3.33,0,0,5,False,True,3.44,-0.125,🟡 Moderate,0.0,1.69,0.0,1.69,0.319,3.32
564,Kjell Scherpen,Goalkeeper,Ipswich Town,4.5,12,a,100,False,False,1,824,1.0,2,1.6666666666666667,1.75,90.0,1.666666666666667,0.0,0.0,0.0,0.0,0.0,0.0,29.73333333333333,4.333333333333333,0.0,1.5,1.6666666666666667,90.0,0.0,0.0,0.0,0.0,4.0,0.5,0.0,6,0.6,711,2906,1.4900000095367432,0.05000000074505806,3.509999990463257,0.0,0.0,0.07000000029802322,0.05000000074505806,2.34,1.0,1.49,-0.1,3.42,Fulham,10,1,3.69,Man City,15,0,3.02,Nott'm Forest,18,1,3.8,Hull City,11,0,2.74,Bournemouth,3,1,3.33,0,0,5,False,True,3.44,-0.125,🟡 Moderate,0.0,1.49,0.0,1.92,0.427,3.5
571,Florentino Ibrain Morris Luís,Midfielder,Ipswich Town,4.8,12,a,100,False,False,1,824,1.0,2,0.3333333333333333,0.25,4.333333333333333,6.923076923076923,0.0,0.0,0.0,0.0,0.6666666666666666,7.1000000000000005,3.0,0.0,0.0,0.5,0.3333333333333333,6.5,0.0,0.0,1.0,10.65,1.0,0.5,0.0,6,0.1,118,354,1.0299999713897705,0.15000000596046448,1.809999942779541,0.03999999910593033,0.019999999552965164,0.03999999910593033,0.07999999821186066,1.35,0.12,0.4,-0.1,3.42,Fulham,10,1,3.69,Man City,15,0,3.02,Nott'm Forest,18,1,3.8,Hull City,11,0,2.74,Bournemouth,3,1,3.33,0,0,5,False,True,3.44,-0.125,🟡 Moderate,0.0,1.03,0.0,0.5,0.104,1.05
591,Julio Enciso,Midfielder,Ipswich Town,5.5,12,a,100,False,False,1,824,1.0,2,2.6666666666666665,3.25,90.0,2.6666666666666665,0.0,0.3333333333333333,0.0,0.0,19.0,16.233333333333334,11.4,0.0,0.3333333333333333,2.5,3.1111111111111116,87.5,0.0,0.25,17.125,15.825000000000001,4.0,0.5,0.0,6,0.8,2502,6365,3.7699999809265137,1.0700000524520874,7.769999980926514,0.10999999940395355,0.25999999046325684,0.10999999940395355,0.20999999344348907,3.63,1.0,3.77,-0.1,3.42,Fulham,10,1,3.69,Man City,15,0,3.02,Nott'm Forest,18,1,3.8,Hull City,11,0,2.74,Bournemouth,3,1,3.33,0,0,5,False,True,3.44,-0.125,🟡 Moderate,0.0,3.77,0.0,4.75,0.864,8.54
592,Abdoul Ouattara,Defender,Ipswich Town,4.0,12,a,100,False,False,1,824,1.0,2,1.0,1.0,10.333333333333334,8.709677419354838,0.0,0.0,0.0,0.0,0.0,4.933333333333333,2.1333333333333333,0.0,0.0,1.0,1.0,7.375,0.0,0.0,0.0,4.925,4.0,0.5,0.0,6,0.9,732,2166,0.8999999761581421,0.0,1.6299999952316284,0.019999999552965164,0.019999999552965164,0.10000000149011612,0.029999999329447746,1.23,0.22,0.41,-0.1,3.42,Fulham,10,1,3.69,Man City,15,0,3.02,Nott'm Forest,18,1,3.8,Hull City,11,0,2.74,Bournemouth,3,1,3.33,0,0,5,False,True,3.44,-0.125,🟡 Moderate,0.0,0.9,0.0,0.57,0.142,1.06
602,Cameron Humphreys,Midfielder,Ipswich Town,4.5,12,u,0,False,False,1,824,1.0,2,0.0,0.0,0.0,0.0,0.0,0.0,0.0,0.0,0.0,0.0,0.0,0.0,0.0,0.0,0.0,0.0,0.0,0.0,0.0,0.0,0.0,0.5,0.0,6,0.0,0,251,0.38999998569488525,0.0,0.5299999713897705,0.03999999910593033,0.019999999552965164,0.029999999329447746,0.07999999821186066,0.33,0.0,0.0,-0.1,3.42,Fulham,10,1,3.69,Man City,15,0,3.02,Nott'm Forest,18,1,3.8,Hull City,11,0,2.74,Bournemouth,3,1,3.33,0,0,5,False,True,3.44,-0.125,🟡 Moderate,0.0,0.39,0.0,0.49,0.109,0.08
619,Exequiel Palacios,Midfielder,Ipswich Town,5.0,12,a,100,False,False,1,824,1.0,2,3.0,3.0,65.0,4.153846153846154,0.0,0.0,0.0,0.0,1.3333333333333333,13.466666666666667,15.133333333333333,0.0,0.0,3.25,2.666666666666667,71.25,0.0,0.0,1.5,11.575,3.0,0.3333333333333333,0.0,6,0.1,549,876,2.0199999809265137,0.30000001192092896,4.340000152587891,0.03999999910593033,0.009999999776482582,0.10000000149011612,0.07999999821186066,2.43,0.796,1.73,-0.1,3.42,Fulham,10,1,3.69,Man City,15,0,3.02,Nott'm Forest,18,1,3.8,Hull City,11,0,2.74,Bournemouth,3,1,3.33,0,0,5,False,True,3.44,-0.125,🟡 Moderate,0.0,2.02,0.0,2.18,0.436,4.07
640,Zian Flemming,Forward,Ipswich Town,5.5,12,a,100,False,False,1,824,1.0,2,3.0,3.0,25.5,10.588235294117647,0.5,0.0,0.0,0.0,25.5,0.9,19.1,0.0,0.0,3.0,2.333333333333333,25.5,0.5,0.0,25.5,0.9,2.0,0.5,0.0,6,0.1,1001,1038,3.359999895095825,0.05000000074505806,4.869999885559082,0.23999999463558197,0.05999999865889549,0.03999999910593033,0.20999999344348907,2.35,0.414,1.98,-0.1,3.42,Fulham,10,1,3.69,Man City,15,0,3.02,Nott'm Forest,18,1,3.8,Hull City,11,0,2.74,Bournemouth,3,1,3.33,0,0,5,False,True,3.44,-0.125,🟡 Moderate,0.0,3.36,0.0,2.5,0.455,4.68
260,Harry Wilson,Midfielder,Leeds,6.2,13,i,0,False,False,0,411,1.0,5,0.6666666666666666,1.25,26.666666666666668,2.25,0.0,0.0,0.0,0.0,2.6666666666666665,12.366666666666669,4.333333333333333,0.0,0.3333333333333333,1.0,1.3703703703703707,27.0,0.0,0.0,1.75,10.85,4.0,0.5,-1.0,6,1.6,76,42086,1.5199999809265137,0.15000000596046448,3.119999885559082,0.07000000029802322,0.019999999552965164,0.10999999940395355,0.09000000357627869,1.48,0.427,0.0,-0.1,4.66,Arsenal,1,0,3.34,Man Utd,16,1,3.22,Sunderland,20,0,3.04,Bournemouth,3,0,3.0,Spurs,19,1,3.45,0,0,5,False,False,3.98,-0.362,🔴 Tough,0.0,1.52,0.0,1.68,0.271,0.45
326,Lucas Estella Perri,Goalkeeper,Leeds,4.5,13,u,0,False,False,0,411,1.0,5,0.0,0.0,0.0,0.0,0.0,0.0,0.0,0.0,0.0,0.0,0.0,0.0,0.0,0.0,0.0,0.0,0.0,0.0,0.0,0.0,0.0,0.5,0.0,6,0.3,0,1354,0.20000000298023224,0.0,0.3499999940395355,0.0,0.0,0.029999999329447746,0.05000000074505806,0.05,0.0,0.0,-0.1,4.66,Arsenal,1,0,3.34,Man Utd,16,1,3.22,Sunderland,20,0,3.04,Bournemouth,3,0,3.0,Spurs,19,1,3.45,0,0,5,False,False,3.98,-0.362,🔴 Tough,0.0,0.2,0.0,0.23,0.051,0.05
327,Jaka Bijol,Defender,Leeds,5.0,13,a,100,False,False,0,411,1.0,5,0.6666666666666666,3.0,24.666666666666668,2.4324324324324325,0.0,0.0,0.0,0.0,0.0,0.06666666666666667,4.866666666666667,0.0,0.0,1.625,3.3333333333333344,24.125,0.0,0.0,1.875,0.07500000000000001,3.0,0.5,0.0,6,0.7,839,5736,1.4199999570846558,0.0,4.309999942779541,0.029999999329447746,0.019999999552965164,0.09000000357627869,0.25,1.46,0.404,0.83,-0.1,4.66,Arsenal,1,0,3.34,Man Utd,16,1,3.22,Sunderland,20,0,3.04,Bournemouth,3,0,3.0,Spurs,19,1,3.45,0,0,5,False,False,3.98,-0.362,🔴 Tough,0.0,1.42,0.0,1.02,0.204,2.31
329,Joe Rodon,Defender,Leeds,4.3,13,i,0,False,False,0,411,1.0,5,0.3333333333333333,1.75,11.0,2.727272727272727,0.0,0.0,0.0,0.0,0.6666666666666666,0.09999999999999999,2.8666666666666667,0.0,0.0,0.875,1.925925925925926,15.375,0.0,0.0,0.875,1.8375000000000001,2.0,0.5,0.0,6,0.8,50,9152,0.8999999761581421,0.0,2.7899999618530273,0.019999999552965164,0.019999999552965164,0.10000000149011612,0.029999999329447746,1.22,0.23,0.0,-0.1,4.66,Arsenal,1,0,3.34,Man Utd,16,1,3.22,Sunderland,20,0,3.04,Bournemouth,3,0,3.0,Spurs,19,1,3.45,0,0,5,False,False,3.98,-0.362,🔴 Tough,0.0,0.9,0.0,1.1,0.256,0.42
330,Jayden Bogle,Defender,Leeds,4.6,13,a,100,False,False,0,411,1.0,5,10.333333333333334,9.25,69.66666666666667,13.349282296650717,0.6666666666666666,0.0,0.6666666666666666,2.0,36.0,10.5,33.93333333333333,0.0,0.3333333333333333,12.0,10.185185185185187,75.625,0.75,0.0,44.25,11.225,4.0,0.5,1.0,6,7.3,132648,27697,2.0899999141693115,0.0,6.739999771118164,0.029999999329447746,0.05000000074505806,0.11999999731779099,0.2199999988079071,2.98,0.836,1.85,-0.1,4.66,Arsenal,1,0,3.34,Man Utd,16,1,3.22,Sunderland,20,0,3.04,Bournemouth,3,0,3.0,Spurs,19,1,3.45,0,0,5,False,False,3.98,-0.362,🔴 Tough,0.0,2.09,0.0,2.26,0.491,4.71
331,Gabriel Gudmundsson,Defender,Leeds,4.5,13,a,100,False,False,0,411,1.0,5,2.6666666666666665,2.0,54.0,4.444444444444445,0.0,0.0,0.3333333333333333,0.0,2.0,3.266666666666666,7.533333333333334,0.0,0.0,3.5,2.4444444444444446,58.5,0.0,0.0,2.5,4.6,2.0,0.5,0.0,6,0.1,593,359,1.159999966621399,0.0,5.340000152587891,0.019999999552965164,0.019999999552965164,0.11999999731779099,0.03999999910593033,1.22,0.699,0.92,-0.1,4.66,Arsenal,1,0,3.34,Man Utd,16,1,3.22,Sunderland,20,0,3.04,Bournemouth,3,0,3.0,Spurs,19,1,3.45,0,0,5,False,False,3.98,-0.362,🔴 Tough,0.0,1.16,0.0,1.13,0.251,2.64
332,James Justin,Defender,Leeds,4.5,13,a,100,False,False,0,411,1.0,5,2.6666666666666665,4.5,90.0,2.6666666666666665,0.0,0.0,0.0,0.0,11.333333333333334,12.966666666666669,19.933333333333334,0.0,0.0,3.5,4.814814814814817,90.0,0.0,0.0,8.625,14.9375,4.0,0.5,0.0,6,1.4,4568,6226,2.190000057220459,0.05000000074505806,7.539999961853027,0.029999999329447746,0.07000000029802322,0.09000000357627869,0.28999999165534973,3.01,1.0,2.19,-0.1,4.66,Arsenal,1,0,3.34,Man Utd,16,1,3.22,Sunderland,20,0,3.04,Bournemouth,3,0,3.0,Spurs,19,1,3.45,0,0,5,False,False,3.98,-0.362,🔴 Tough,0.0,2.19,0.0,2.68,0.596,5.5
333,Sebastiaan Bornauw,Defender,Leeds,4.5,13,u,0,False,False,0,411,1.0,5,0.0,0.0,0.0,0.0,0.0,0.0,0.0,0.0,0.0,0.0,0.0,0.0,0.0,0.0,0.0,0.0,0.0,0.0,0.0,0.0,0.0,0.5,0.0,6,0.0,0,5,0.6200000047683716,0.0,1.9199999570846558,0.019999999552965164,0.019999999552965164,0.10000000149011612,0.03999999910593033,0.22,0.0,0.0,-0.1,4.66,Arsenal,1,0,3.34,Man Utd,16,1,3.22,Sunderland,20,0,3.04,Bournemouth,3,0,3.0,Spurs,19,1,3.45,0,0,5,False,False,3.98,-0.362,🔴 Tough,0.0,0.62,0.0,0.76,0.169,0.29
334,Tarik Muharemović,Defender,Leeds,5.0,13,a,100,False,False,0,411,1.0,5,5.0,5.25,90.0,5.0,0.0,0.3333333333333333,0.0,0.0,2.0,4.033333333333333,39.26666666666667,0.0,0.0,5.75,5.5925925925925934,90.0,0.0,0.5,3.875,5.625,4.0,0.5,0.0,6,4.3,30162,25717,2.0799999237060547,0.05000000074505806,5.840000152587891,0.029999999329447746,0.1599999964237213,0.09000000357627869,0.05999999865889549,3.06,1.0,2.08,-0.1,4.66,Arsenal,1,0,3.34,Man Utd,16,1,3.22,Sunderland,20,0,3.04,Bournemouth,3,0,3.0,Spurs,19,1,3.45,0,0,5,False,False,3.98,-0.362,🔴 Tough,0.0,2.08,0.0,2.54,0.508,5.03
335,Anton Stach,Midfielder,Leeds,6.0,13,a,100,False,False,0,411,1.0,5,3.0,5.5,89.0,3.033707865168539,0.0,0.0,0.3333333333333333,0.0,11.666666666666666,24.633333333333336,17.333333333333332,0.0,0.0,4.125,5.888888888888891,88.5,0.125,0.0,13.25,26.737499999999997,4.0,0.5,0.0,6,2.5,5121,20379,4.590000152587891,1.1200000047683716,8.25,0.10000000149011612,0.30000001192092896,0.20999999344348907,0.14000000059604645,3.76,0.992,4.56,-0.1,4.66,Arsenal,1,0,3.34,Man Utd,16,1,3.22,Sunderland,20,0,3.04,Bournemouth,3,0,3.0,Spurs,19,1,3.45,0,0,5,False,False,3.98,-0.362,🔴 Tough,0.0,4.59,0.0,5.03,0.838,10.19
336,Noah Okafor,Midfielder,Leeds,5.8,13,a,100,False,False,0,411,1.0,5,4.666666666666667,3.75,66.66666666666667,6.299999999999999,0.3333333333333333,0.0,0.6666666666666666,0.3333333333333333,11.0,8.633333333333335,16.400000000000002,0.0,0.0,5.625,4.2592592592592595,62.25,0.5,0.0,12.75,11.7375,4.0,0.5,-1.0,6,0.4,1885,3563,2.7799999713897705,0.1899999976158142,5.869999885559082,0.07000000029802322,0.03999999910593033,0.14000000059604645,0.17000000178813934,2.77,0.811,2.41,-0.1,4.66,Arsenal,1,0,3.34,Man Utd,16,1,3.22,Sunderland,20,0,3.04,Bournemouth,3,0,3.0,Spurs,19,1,3.45,0,0,5,False,False,3.98,-0.362,🔴 Tough,0.0,2.78,0.0,2.66,0.459,5.67
337,Brenden Aaronson,Midfielder,Leeds,5.3,13,a,100,False,False,0,411,1.0,5,1.0,1.5,30.333333333333332,2.967032967032967,0.0,0.0,0.0,0.0,0.6666666666666666,0.6333333333333333,0.8000000000000002,0.0,0.0,1.25,1.5925925925925928,31.75,0.0,0.0,1.875,0.6125,4.0,0.5,0.0,6,0.5,222,3528,1.1100000143051147,0.009999999776482582,2.890000104904175,0.03999999910593033,0.019999999552965164,0.029999999329447746,0.07999999821186066,1.35,0.467,0.7,-0.1,4.66,Arsenal,1,0,3.34,Man Utd,16,1,3.22,Sunderland,20,0,3.04,Bournemouth,3,0,3.0,Spurs,19,1,3.45,0,0,5,False,False,3.98,-0.362,🔴 Tough,0.0,1.11,0.0,0.77,0.145,1.83
338,Ethan Ampadu,Midfielder,Leeds,5.4,13,a,100,False,False,0,411,1.0,5,3.6666666666666665,4.0,90.0,3.6666666666666665,0.0,0.3333333333333333,0.0,0.0,1.6666666666666667,6.533333333333334,17.066666666666666,0.0,0.0,4.875,4.555555555555555,90.0,0.0,0.5,2.125,6.1625000000000005,4.0,0.5,0.0,6,0.9,1727,5191,2.5799999237060547,0.8299999833106995,5.21999979019165,0.05000000074505806,0.10999999940395355,0.12999999523162842,0.09000000357627869,2.78,1.0,2.58,-0.1,4.66,Arsenal,1,0,3.34,Man Utd,16,1,3.22,Sunderland,20,0,3.04,Bournemouth,3,0,3.0,Spurs,19,1,3.45,0,0,5,False,False,3.98,-0.362,🔴 Tough,0.0,2.58,0.0,2.84,0.526,5.82
339,Sean Longstaff,Midfielder,Leeds,4.8,13,a,100,False,False,0,411,1.0,5,0.3333333333333333,0.5,0.6666666666666666,45.0,0.0,0.0,0.0,0.0,0.0,0.0,0.0,0.0,0.0,0.625,0.6296296296296298,2.0,0.0,0.0,0.0,0.025,2.0,0.5,0.0,6,0.1,152,661,0.5199999809265137,0.0,1.3799999952316284,0.03999999910593033,0.019999999552965164,0.029999999329447746,0.09000000357627869,0.35,0.032,0.17,-0.1,4.66,Arsenal,1,0,3.34,Man Utd,16,1,3.22,Sunderland,20,0,3.04,Bournemouth,3,0,3.0,Spurs,19,1,3.45,0,0,5,False,False,3.98,-0.362,🔴 Tough,0.0,0.52,0.0,0.19,0.04,0.55
341,Wilfried Gnonto,Midfielder,Leeds,5.0,13,u,0,False,False,0,411,1.0,5,0.0,0.0,0.0,0.0,0.0,0.0,0.0,0.0,0.0,0.0,0.0,0.0,0.0,0.0,0.0,0.0,0.0,0.0,0.0,0.0,0.0,0.5,0.0,6,0.0,0,56,0.41999998688697815,0.0,0.7300000190734863,0.03999999910593033,0.019999999552965164,0.03999999910593033,0.07999999821186066,0.33,0.0,0.0,-0.1,4.66,Arsenal,1,0,3.34,Man Utd,16,1,3.22,Sunderland,20,0,3.04,Bournemouth,3,0,3.0,Spurs,19,1,3.45,0,0,5,False,False,3.98,-0.362,🔴 Tough,0.0,0.42,0.0,0.46,0.092,0.11
342,Jack Harrison,Midfielder,Leeds,5.0,13,u,0,False,False,0,411,1.0,5,0.0,0.0,0.0,0.0,0.0,0.0,0.0,0.0,0.0,0.0,0.0,0.0,0.0,0.0,0.0,0.0,0.0,0.0,0.0,0.0,0.0,0.5,0.0,6,0.0,0,5,0.41999998688697815,0.0,0.7300000190734863,0.03999999910593033,0.019999999552965164,0.03999999910593033,0.07999999821186066,0.33,0.0,0.0,-0.1,4.66,Arsenal,1,0,3.34,Man Utd,16,1,3.22,Sunderland,20,0,3.04,Bournemouth,3,0,3.0,Spurs,19,1,3.45,0,0,5,False,False,3.98,-0.362,🔴 Tough,0.0,0.42,0.0,0.46,0.092,0.11
343,Daniel James,Midfielder,Leeds,4.9,13,a,100,False,False,0,411,1.0,5,0.6666666666666666,0.5,9.666666666666666,6.206896551724138,0.0,0.0,0.0,0.0,5.0,0.3666666666666667,0.0,0.0,0.0,0.625,0.4814814814814815,6.25,0.0,0.0,3.0,0.1375,2.0,0.5,-1.0,6,0.1,201,579,0.5600000023841858,0.019999999552965164,1.5199999809265137,0.03999999910593033,0.019999999552965164,0.029999999329447746,0.09000000357627869,1.35,0.21,0.25,-0.1,4.66,Arsenal,1,0,3.34,Man Utd,16,1,3.22,Sunderland,20,0,3.04,Bournemouth,3,0,3.0,Spurs,19,1,3.45,0,0,5,False,False,3.98,-0.362,🔴 Tough,0.0,0.56,0.0,0.28,0.057,0.72
344,Ilia Gruev,Midfielder,Leeds,5.0,13,a,100,False,False,0,411,1.0,5,0.0,0.0,0.0,0.0,0.0,0.0,0.0,0.0,0.0,0.0,0.0,0.0,0.0,0.0,0.0,0.0,0.0,0.0,0.0,0.0,0.0,0.5,0.0,6,0.0,49,22,0.41999998688697815,0.0,0.7300000190734863,0.03999999910593033,0.019999999552965164,0.03999999910593033,0.07999999821186066,0.33,0.0,0.13,-0.1,4.66,Arsenal,1,0,3.34,Man Utd,16,1,3.22,Sunderland,20,0,3.04,Bournemouth,3,0,3.0,Spurs,19,1,3.45,0,0,5,False,False,3.98,-0.362,🔴 Tough,0.0,0.42,0.0,0.14,0.028,0.37
345,Tanaka Ao,Midfielder,Leeds,4.9,13,a,100,False,False,0,411,1.0,5,4.0,3.0,62.666666666666664,5.744680851063831,0.0,0.6666666666666666,0.3333333333333333,0.0,5.0,5.7,16.666666666666668,0.0,0.0,4.375,3.2592592592592595,59.125,0.0,0.75,4.25,4.825,3.0,0.5,0.0,6,0.3,2363,2378,2.0999999046325684,0.20000000298023224,4.760000228881836,0.03999999910593033,0.11999999731779099,0.09000000357627869,0.09000000357627869,2.76,0.776,1.77,-0.1,4.66,Arsenal,1,0,3.34,Man Utd,16,1,3.22,Sunderland,20,0,3.04,Bournemouth,3,0,3.0,Spurs,19,1,3.45,0,0,5,False,False,3.98,-0.362,🔴 Tough,0.0,2.1,0.0,1.95,0.398,4.22
346,Dominic Calvert-Lewin,Forward,Leeds,6.0,13,a,100,False,False,0,411,1.0,5,6.333333333333333,5.0,79.66666666666667,7.15481171548117,0.6666666666666666,0.3333333333333333,0.3333333333333333,1.3333333333333333,41.0,9.166666666666666,31.266666666666666,0.0,0.6666666666666666,6.375,5.037037037037037,79.0,0.625,0.5,44.5,9.525,4.0,0.5,0.0,6,24.8,99274,176564,2.049999952316284,0.05000000074505806,6.110000133514404,0.2199999988079071,0.10000000149011612,0.20999999344348907,0.25,3.44,0.918,1.93,-0.1,4.66,Arsenal,1,0,3.34,Man Utd,16,1,3.22,Sunderland,20,0,3.04,Bournemouth,3,0,3.0,Spurs,19,1,3.45,0,0,5,False,False,3.98,-0.362,🔴 Tough,0.0,2.05,0.0,2.13,0.355,4.77
347,Lukas Nmecha,Forward,Leeds,5.4,13,a,100,False,False,0,411,1.0,5,2.0,1.5,16.666666666666668,10.799999999999999,0.0,0.3333333333333333,0.0,0.0,5.0,7.466666666666668,6.133333333333333,0.0,0.0,1.25,1.1481481481481484,12.875,0.0,0.125,3.0,3.1375,3.0,0.5,0.0,6,0.5,2118,3869,0.9200000166893005,0.05000000074505806,3.130000114440918,0.11999999731779099,0.10000000149011612,0.009999999776482582,0.20000000298023224,2.0,0.307,0.47,-0.1,4.66,Arsenal,1,0,3.34,Man Utd,16,1,3.22,Sunderland,20,0,3.04,Bournemouth,3,0,3.0,Spurs,19,1,3.45,0,0,5,False,False,3.98,-0.362,🔴 Tough,0.0,0.92,0.0,0.52,0.096,1.4
348,Joël Piroe,Forward,Leeds,5.0,13,u,0,False,False,0,411,1.0,5,0.0,0.0,0.0,0.0,0.0,0.0,0.0,0.0,0.0,0.0,0.0,0.0,0.0,0.0,0.0,0.0,0.0,0.0,0.0,0.0,0.0,0.5,0.0,6,0.1,0,447,0.5099999904632568,0.0,0.8199999928474426,0.05000000074505806,0.05999999865889549,0.019999999552965164,0.10000000149011612,0.49,0.0,0.0,-0.1,4.66,Arsenal,1,0,3.34,Man Utd,16,1,3.22,Sunderland,20,0,3.04,Bournemouth,3,0,3.0,Spurs,19,1,3.45,0,0,5,False,False,3.98,-0.362,🔴 Tough,0.0,0.51,0.0,0.56,0.112,0.12
349,Mateo Joseph Fernández-Regatillo,Forward,Leeds,4.5,13,i,0,False,False,0,411,1.0,5,0.0,0.0,0.0,0.0,0.0,0.0,0.0,0.0,0.0,0.0,0.0,0.0,0.0,0.0,0.0,0.0,0.0,0.0,0.0,0.0,0.0,0.5,0.0,6,0.1,338,508,0.47999998927116394,0.0,0.6200000047683716,0.05000000074505806,0.05999999865889549,0.019999999552965164,0.10000000149011612,0.49,0.0,0.0,-0.1,4.66,Arsenal,1,0,3.34,Man Utd,16,1,3.22,Sunderland,20,0,3.04,Bournemouth,3,0,3.0,Spurs,19,1,3.45,0,0,5,False,False,3.98,-0.362,🔴 Tough,0.0,0.48,0.0,0.53,0.118,0.09
385,James Trafford,Goalkeeper,Leeds,5.0,13,a,100,False,False,0,411,1.0,5,3.0,4.5,90.0,3.0,0.0,0.0,0.0,0.0,0.0,0.0,33.800000000000004,4.0,0.0,3.75,4.777777777777779,90.0,0.0,0.0,0.0,0.0,4.0,0.5,0.0,6,5.5,24272,15980,2.009999990463257,0.0,3.759999990463257,0.0,0.0,0.07000000029802322,0.10000000149011612,2.39,1.0,2.01,-0.1,4.66,Arsenal,1,0,3.34,Man Utd,16,1,3.22,Sunderland,20,0,3.04,Bournemouth,3,0,3.0,Spurs,19,1,3.45,0,0,5,False,False,3.98,-0.362,🔴 Tough,0.0,2.01,0.0,2.34,0.468,4.58
598,Nico Elvedi,Defender,Leeds,4.5,13,a,100,False,False,0,411,1.0,5,2.3333333333333335,1.75,78.66666666666667,2.669491525423729,0.0,0.0,0.0,0.0,7.333333333333333,7.7,20.733333333333334,0.0,0.0,2.125,1.7037037037037037,74.5,0.0,0.0,7.25,5.862500000000001,3.0,0.5,0.0,6,0.1,259,255,1.8200000524520874,0.05000000074505806,5.659999847412109,0.029999999329447746,0.03999999910593033,0.11999999731779099,0.029999999329447746,2.78,0.91,1.71,-0.1,4.66,Arsenal,1,0,3.34,Man Utd,16,1,3.22,Sunderland,20,0,3.04,Bournemouth,3,0,3.0,Spurs,19,1,3.45,0,0,5,False,False,3.98,-0.362,🔴 Tough,0.0,1.82,0.0,2.09,0.464,4.26
603,Jayden Lienou,Defender,Leeds,4.0,13,a,100,False,False,0,411,1.0,5,0.0,0.0,0.0,0.0,0.0,0.0,0.0,0.0,0.0,0.0,0.0,0.0,0.0,0.0,0.0,0.0,0.0,0.0,0.0,0.0,0.0,0.5,0.0,6,0.1,248,533,0.36000001430511475,0.0,0.1899999976158142,0.019999999552965164,0.019999999552965164,0.09000000357627869,0.029999999329447746,0.22,0.0,0.11,-0.1,4.66,Arsenal,1,0,3.34,Man Utd,16,1,3.22,Sunderland,20,0,3.04,Bournemouth,3,0,3.0,Spurs,19,1,3.45,0,0,5,False,False,3.98,-0.362,🔴 Tough,0.0,0.36,0.0,0.13,0.032,0.25
604,Alfie Cresswell,Midfielder,Leeds,4.5,13,a,100,False,False,0,411,1.0,5,0.0,0.0,0.0,0.0,0.0,0.0,0.0,0.0,0.0,0.0,0.0,0.0,0.0,0.0,0.0,0.0,0.0,0.0,0.0,0.0,0.0,0.5,0.0,6,0.1,318,927,0.3799999952316284,0.0,0.44999998807907104,0.03999999910593033,0.019999999552965164,0.029999999329447746,0.07999999821186066,0.33,0.0,0.11,-0.1,4.66,Arsenal,1,0,3.34,Man Utd,16,1,3.22,Sunderland,20,0,3.04,Bournemouth,3,0,3.0,Spurs,19,1,3.45,0,0,5,False,False,3.98,-0.362,🔴 Tough,0.0,0.38,0.0,0.12,0.027,0.29
625,Alex Cairns,Goalkeeper,Leeds,4.0,13,a,100,False,False,0,411,1.0,5,0.0,0.0,0.0,0.0,0.0,0.0,0.0,0.0,0.0,0.0,0.0,0.0,0.0,0.0,0.0,0.0,0.0,0.0,0.0,0.0,0.0,0.6666666666666666,0.0,6,0.2,869,807,0.12999999523162842,0.0,0.05999999865889549,0.0,0.0,0.029999999329447746,0.05000000074505806,0.05,0.0,0.04,-0.1,4.66,Arsenal,1,0,3.34,Man Utd,16,1,3.22,Sunderland,20,0,3.04,Bournemouth,3,0,3.0,Spurs,19,1,3.45,0,0,5,False,False,3.98,-0.362,🔴 Tough,0.0,0.13,0.0,0.05,0.012,0.09
629,Michael Zetterer,Goalkeeper,Leeds,4.0,13,a,100,False,False,0,411,1.0,5,0.0,0.0,0.0,0.0,0.0,0.0,0.0,0.0,0.0,0.0,0.0,0.0,0.0,0.0,0.0,0.0,0.0,0.0,0.0,0.0,0.0,0.5,0.0,6,0.7,3193,2883,0.12999999523162842,0.0,0.05999999865889549,0.0,0.0,0.029999999329447746,0.05000000074505806,0.05,0.0,0.04,-0.1,4.66,Arsenal,1,0,3.34,Man Utd,16,1,3.22,Sunderland,20,0,3.04,Bournemouth,3,0,3.0,Spurs,19,1,3.45,0,0,5,False,False,3.98,-0.362,🔴 Tough,0.0,0.13,0.0,0.05,0.012,0.09
641,Melvin Bard,Defender,Leeds,4.5,13,a,100,False,False,0,411,1.0,5,0.5,0.5,9.0,5.0,0.0,0.0,0.0,0.0,0.0,5.15,2.2,0.0,0.0,0.5,0.3333333333333333,9.0,0.0,0.0,0.0,5.15,1.0,0.5,0.0,6,0.0,98,81,1.090000033378601,0.0,3.0799999237060547,0.019999999552965164,0.019999999552965164,0.10999999940395355,0.03999999910593033,1.22,0.2,0.48,-0.1,4.66,Arsenal,1,0,3.34,Man Utd,16,1,3.22,Sunderland,20,0,3.04,Bournemouth,3,0,3.0,Spurs,19,1,3.45,0,0,5,False,False,3.98,-0.362,🔴 Tough,0.0,1.09,0.0,0.59,0.131,1.42
648,Jean-Mattéo Bahoya,Midfielder,Leeds,5.0,13,a,100,False,False,0,411,1.0,5,0.0,0.0,0.0,0.0,0.0,0.0,0.0,0.0,0.0,0.0,0.0,0.0,0.0,0.0,0.0,0.0,0.0,0.0,0.0,0.0,0.0,0.5,0.0,6,0.0,115,180,0.41999998688697815,0.0,0.7300000190734863,0.03999999910593033,0.019999999552965164,0.03999999910593033,0.07999999821186066,0.33,0.0,0.13,-0.1,4.66,Arsenal,1,0,3.34,Man Utd,16,1,3.22,Sunderland,20,0,3.04,Bournemouth,3,0,3.0,Spurs,19,1,3.45,0,0,5,False,False,3.98,-0.362,🔴 Tough,0.0,0.42,0.0,0.14,0.028,0.37
350,Alisson Becker,Goalkeeper,Liverpool,5.5,14,a,100,False,False,1,603,1.0,4,5.666666666666667,4.75,90.0,5.666666666666667,0.0,0.0,0.6666666666666666,1.0,0.0,0.0,19.666666666666668,3.0,0.3333333333333333,6.75,5.37037037037037,90.0,0.0,0.0,0.0,0.0,4.0,0.5,0.0,6,4.1,14583,12523,4.550000190734863,0.0,7.019999980926514,0.0,0.0,0.33000001311302185,0.44999998807907104,3.76,1.0,4.55,-0.1,4.28,Man City,15,1,4.1,Brentford,4,0,3.26,Brighton,5,1,3.73,Arsenal,1,1,2.0,Crystal Palace,8,0,3.47,0,0,5,False,True,3.99,-0.493,🔴 Tough,0.0,4.55,0.0,5.28,0.96,10.15
351,Giorgi Mamardashvili,Goalkeeper,Liverpool,4.8,14,a,100,False,False,1,603,1.0,4,0.0,0.0,0.0,0.0,0.0,0.0,0.0,0.0,0.0,0.0,0.0,0.0,0.0,0.0,0.0,0.0,0.0,0.0,0.0,0.0,0.0,0.5,0.0,6,0.1,268,652,0.2199999988079071,0.0,0.47999998927116394,0.0,0.0,0.03999999910593033,0.05000000074505806,0.05,0.0,0.07,-0.1,4.28,Man City,15,1,4.1,Brentford,4,0,3.26,Brighton,5,1,3.73,Arsenal,1,1,2.0,Crystal Palace,8,0,3.47,0,0,5,False,True,3.99,-0.493,🔴 Tough,0.0,0.22,0.0,0.08,0.017,0.21
352,Freddie Woodman,Goalkeeper,Liverpool,4.0,14,a,100,False,False,1,603,1.0,4,0.0,0.0,0.0,0.0,0.0,0.0,0.0,0.0,0.0,0.0,0.0,0.0,0.0,0.0,0.0,0.0,0.0,0.0,0.0,0.0,0.0,0.5,0.0,6,1.0,826,2455,0.12999999523162842,0.0,0.05999999865889549,0.0,0.0,0.029999999329447746,0.05000000074505806,0.05,0.0,0.04,-0.1,4.28,Man City,15,1,4.1,Brentford,4,0,3.26,Brighton,5,1,3.73,Arsenal,1,1,2.0,Crystal Palace,8,0,3.47,0,0,5,False,True,3.99,-0.493,🔴 Tough,0.0,0.13,0.0,0.05,0.012,0.09
353,Armin Pecsi,Goalkeeper,Liverpool,4.0,14,u,0,False,False,1,603,1.0,4,0.0,0.0,0.0,0.0,0.0,0.0,0.0,0.0,0.0,0.0,0.0,0.0,0.0,0.0,0.0,0.0,0.0,0.0,0.0,0.0,0.0,0.5,0.0,6,0.0,0,68,0.12999999523162842,0.0,0.05999999865889549,0.0,0.0,0.029999999329447746,0.05000000074505806,0.05,0.0,0.0,-0.1,4.28,Man City,15,1,4.1,Brentford,4,0,3.26,Brighton,5,1,3.73,Arsenal,1,1,2.0,Crystal Palace,8,0,3.47,0,0,5,False,True,3.99,-0.493,🔴 Tough,0.0,0.13,0.0,0.15,0.038,0.01
354,Vitezslav Jaros,Goalkeeper,Liverpool,4.0,14,i,0,False,False,1,603,1.0,4,0.0,0.0,0.0,0.0,0.0,0.0,0.0,0.0,0.0,0.0,0.0,0.0,0.0,0.0,0.0,0.0,0.0,0.0,0.0,0.0,0.0,0.5,0.0,6,0.0,212,162,0.12999999523162842,0.0,0.05999999865889549,0.0,0.0,0.029999999329447746,0.05000000074505806,0.05,0.0,0.0,-0.1,4.28,Man City,15,1,4.1,Brentford,4,0,3.26,Brighton,5,1,3.73,Arsenal,1,1,2.0,Crystal Palace,8,0,3.47,0,0,5,False,True,3.99,-0.493,🔴 Tough,0.0,0.13,0.0,0.15,0.038,0.01
355,Harvey Davies,Goalkeeper,Liverpool,4.0,14,a,100,False,False,1,603,1.0,4,0.0,0.0,0.0,0.0,0.0,0.0,0.0,0.0,0.0,0.0,0.0,0.0,0.0,0.0,0.0,0.0,0.0,0.0,0.0,0.0,0.0,0.5,0.0,6,0.2,307,487,0.12999999523162842,0.0,0.05999999865889549,0.0,0.0,0.029999999329447746,0.05000000074505806,0.05,0.0,0.04,-0.1,4.28,Man City,15,1,4.1,Brentford,4,0,3.26,Brighton,5,1,3.73,Arsenal,1,1,2.0,Crystal Palace,8,0,3.47,0,0,5,False,True,3.99,-0.493,🔴 Tough,0.0,0.13,0.0,0.05,0.012,0.09
356,Virgil van Dijk,Defender,Liverpool,6.5,14,a,100,False,False,1,603,1.0,4,5.0,4.25,90.0,5.0,0.0,0.0,0.6666666666666666,0.0,0.6666666666666666,6.3,24.53333333333333,0.0,0.0,5.875,4.740740740740741,90.0,0.0,0.0,3.25,7.5875,4.0,0.5,0.0,6,16.2,23518,46026,2.6700000762939453,0.0,5.639999866485596,0.029999999329447746,0.07000000029802322,0.11999999731779099,0.3799999952316284,3.24,1.0,2.67,-0.1,4.28,Man City,15,1,4.1,Brentford,4,0,3.26,Brighton,5,1,3.73,Arsenal,1,1,2.0,Crystal Palace,8,0,3.47,0,0,5,False,True,3.99,-0.493,🔴 Tough,0.0,2.67,0.0,3.32,0.511,6.19
357,Jeremie Frimpong,Defender,Liverpool,5.3,14,a,100,False,False,1,603,1.0,4,0.6666666666666666,0.5,29.333333333333332,2.0454545454545454,0.0,0.0,0.0,0.0,2.0,12.9,8.6,0.0,0.0,0.625,0.4814814814814815,29.0,0.0,0.0,2.75,18.9,3.0,0.5,-1.0,6,1.8,1718,13205,1.2000000476837158,0.0,4.0,0.029999999329447746,0.019999999552965164,0.10999999940395355,0.05000000074505806,1.26,0.456,0.74,-0.1,4.28,Man City,15,1,4.1,Brentford,4,0,3.26,Brighton,5,1,3.73,Arsenal,1,1,2.0,Crystal Palace,8,0,3.47,0,0,5,False,True,3.99,-0.493,🔴 Tough,0.0,1.2,0.0,0.92,0.174,2.08
358,Milos Kerkez,Defender,Liverpool,5.3,14,a,100,False,False,1,603,1.0,4,2.3333333333333335,1.75,68.33333333333333,3.073170731707317,0.0,0.0,0.3333333333333333,0.0,0.0,10.4,15.866666666666667,0.0,0.3333333333333333,1.875,1.5925925925925926,65.0,0.0,0.0,1.5,9.7,4.0,0.5,0.0,6,2.2,2749,11061,1.5,0.0,5.619999885559082,0.029999999329447746,0.029999999329447746,0.11999999731779099,0.09000000357627869,2.81,0.825,1.32,-0.1,4.28,Man City,15,1,4.1,Brentford,4,0,3.26,Brighton,5,1,3.73,Arsenal,1,1,2.0,Crystal Palace,8,0,3.47,0,0,5,False,True,3.99,-0.493,🔴 Tough,0.0,1.5,0.0,1.64,0.309,3.48
359,Joe Gomez,Defender,Liverpool,4.9,14,a,100,False,False,1,603,1.0,4,0.0,0.0,0.0,0.0,0.0,0.0,0.0,0.0,0.0,0.0,0.0,0.0,0.0,0.0,0.0,0.0,0.0,0.0,0.0,0.0,0.0,0.5,-1.0,6,0.0,348,121,0.6200000047683716,0.0,1.9500000476837158,0.019999999552965164,0.019999999552965164,0.10000000149011612,0.03999999910593033,0.23,0.0,0.19,-0.1,4.28,Man City,15,1,4.1,Brentford,4,0,3.26,Brighton,5,1,3.73,Arsenal,1,1,2.0,Crystal Palace,8,0,3.47,0,0,5,False,True,3.99,-0.493,🔴 Tough,0.0,0.62,0.0,0.24,0.049,0.67
360,Conor Bradley,Defender,Liverpool,5.0,14,i,0,False,False,1,603,1.0,4,0.0,0.0,0.0,0.0,0.0,0.0,0.0,0.0,0.0,0.0,0.0,0.0,0.0,0.0,0.0,0.0,0.0,0.0,0.0,0.0,0.0,0.5,0.0,6,0.0,60,90,0.6100000143051147,0.0,2.069999933242798,0.019999999552965164,0.019999999552965164,0.10000000149011612,0.05000000074505806,0.24,0.0,0.0,-0.1,4.28,Man City,15,1,4.1,Brentford,4,0,3.26,Brighton,5,1,3.73,Arsenal,1,1,2.0,Crystal Palace,8,0,3.47,0,0,5,False,True,3.99,-0.493,🔴 Tough,0.0,0.61,0.0,0.76,0.152,0.31
361,Wellity Lucky,Defender,Liverpool,4.0,14,a,100,False,False,1,603,1.0,4,0.0,0.0,0.0,0.0,0.0,0.0,0.0,0.0,0.0,0.0,0.0,0.0,0.0,0.0,0.0,0.0,0.0,0.0,0.0,0.0,0.0,0.5,0.0,6,0.1,306,610,0.36000001430511475,0.0,0.49000000953674316,0.019999999552965164,0.019999999552965164,0.09000000357627869,0.029999999329447746,0.22,0.0,0.11,-0.1,4.28,Man City,15,1,4.1,Brentford,4,0,3.26,Brighton,5,1,3.73,Arsenal,1,1,2.0,Crystal Palace,8,0,3.47,0,0,5,False,True,3.99,-0.493,🔴 Tough,0.0,0.36,0.0,0.14,0.035,0.29
362,Jeremy Jacquet,Defender,Liverpool,5.0,14,a,100,False,False,1,603,1.0,4,5.666666666666667,4.5,85.33333333333333,5.976562500000001,0.0,0.0,0.6666666666666666,1.0,1.3333333333333333,10.3,24.599999999999998,0.0,0.3333333333333333,6.25,4.851851851851852,85.625,0.0,0.0,0.75,8.15,4.0,0.5,0.0,6,3.5,36258,14282,2.200000047683716,0.0,5.760000228881836,0.029999999329447746,0.11999999731779099,0.10000000149011612,0.1599999964237213,3.09,0.963,2.14,-0.1,4.28,Man City,15,1,4.1,Brentford,4,0,3.26,Brighton,5,1,3.73,Arsenal,1,1,2.0,Crystal Palace,8,0,3.47,0,0,5,False,True,3.99,-0.493,🔴 Tough,0.0,2.2,0.0,2.66,0.532,5.14
363,Giovanni Leoni,Defender,Liverpool,4.0,14,i,0,False,False,1,603,1.0,4,0.0,0.0,0.0,0.0,0.0,0.0,0.0,0.0,0.0,0.0,0.0,0.0,0.0,0.0,0.0,0.0,0.0,0.0,0.0,0.0,0.0,0.5,0.0,6,0.0,69,190,0.36000001430511475,0.0,0.49000000953674316,0.019999999552965164,0.019999999552965164,0.09000000357627869,0.029999999329447746,0.22,0.0,0.0,-0.1,4.28,Man City,15,1,4.1,Brentford,4,0,3.26,Brighton,5,1,3.73,Arsenal,1,1,2.0,Crystal Palace,8,0,3.47,0,0,5,False,True,3.99,-0.493,🔴 Tough,0.0,0.36,0.0,0.45,0.112,0.07
364,Kostas Tsimikas,Defender,Liverpool,4.9,14,a,100,False,False,1,603,1.0,4,0.6666666666666666,0.5,21.333333333333332,2.8125,0.0,0.0,0.0,0.0,3.0,0.9666666666666668,2.1333333333333333,0.0,0.0,0.625,0.4814814814814815,24.875,0.0,0.0,1.125,0.9625,2.0,0.5,0.0,6,0.1,104,409,0.8799999952316284,0.0,2.940000057220459,0.019999999552965164,0.019999999552965164,0.10999999940395355,0.03999999910593033,1.22,0.365,0.49,-0.1,4.28,Man City,15,1,4.1,Brentford,4,0,3.26,Brighton,5,1,3.73,Arsenal,1,1,2.0,Crystal Palace,8,0,3.47,0,0,5,False,True,3.99,-0.493,🔴 Tough,0.0,0.88,0.0,0.61,0.124,1.42
365,Calvin Ramsay,Defender,Liverpool,4.0,14,u,0,False,False,1,603,1.0,4,0.0,0.0,0.0,0.0,0.0,0.0,0.0,0.0,0.0,0.0,0.0,0.0,0.0,0.0,0.0,0.0,0.0,0.0,0.0,0.0,0.0,0.5,0.0,6,0.1,0,505,0.36000001430511475,0.0,0.49000000953674316,0.019999999552965164,0.019999999552965164,0.09000000357627869,0.029999999329447746,0.22,0.0,0.0,-0.1,4.28,Man City,15,1,4.1,Brentford,4,0,3.26,Brighton,5,1,3.73,Arsenal,1,1,2.0,Crystal Palace,8,0,3.47,0,0,5,False,True,3.99,-0.493,🔴 Tough,0.0,0.36,0.0,0.45,0.112,0.07
366,Florian Wirtz,Midfielder,Liverpool,7.3,14,a,100,False,False,1,603,1.0,4,3.3333333333333335,3.0,90.0,3.333333333333334,0.0,0.3333333333333333,0.6666666666666666,0.0,18.666666666666668,30.033333333333335,14.0,0.0,0.3333333333333333,3.0,2.851851851851852,86.5,0.0,0.125,17.875,29.675,4.0,0.5,-1.0,6,5.7,4447,43833,5.400000095367432,1.2200000286102295,9.279999732971191,0.11999999731779099,0.6200000047683716,0.20999999344348907,0.3100000023841858,4.97,1.0,5.4,-0.1,4.28,Man City,15,1,4.1,Brentford,4,0,3.26,Brighton,5,1,3.73,Arsenal,1,1,2.0,Crystal Palace,8,0,3.47,0,0,5,False,True,3.99,-0.493,🔴 Tough,0.0,5.4,0.0,6.21,0.851,12.01
367,Cody Gakpo,Midfielder,Liverpool,7.2,14,d,75,False,False,1,603,1.0,4,5.666666666666667,7.25,63.333333333333336,8.052631578947368,0.0,1.0,0.3333333333333333,0.6666666666666666,8.666666666666666,23.933333333333334,24.53333333333333,0.0,0.0,5.375,7.074074074074074,57.5,0.125,0.625,12.125,19.049999999999997,4.0,0.5,0.0,6,12.3,51899,102430,3.25,0.5,7.260000228881836,0.05999999865889549,0.14000000059604645,0.1899999976158142,0.20000000298023224,3.12,0.782,2.07,-0.1,4.28,Man City,15,1,4.1,Brentford,4,0,3.26,Brighton,5,1,3.73,Arsenal,1,1,2.0,Crystal Palace,8,0,3.47,0,0,5,False,True,3.99,-0.493,🔴 Tough,0.0,3.25,0.0,2.38,0.331,5.15
368,Dominik Szoboszlai,Midfielder,Liverpool,6.9,14,a,100,False,False,1,603,1.0,4,3.3333333333333335,4.5,90.0,3.333333333333334,0.0,0.0,0.6666666666666666,0.0,11.333333333333334,42.1,18.933333333333334,0.0,0.0,3.75,4.629629629629631,90.0,0.125,0.0,12.875,46.300000000000004,4.0,0.5,0.0,6,32.6,38609,226626,5.940000057220459,1.1299999952316284,9.319999694824219,0.10999999940395355,0.3400000035762787,0.20999999344348907,0.3499999940395355,4.13,1.0,5.94,-0.1,4.28,Man City,15,1,4.1,Brentford,4,0,3.26,Brighton,5,1,3.73,Arsenal,1,1,2.0,Crystal Palace,8,0,3.47,0,0,5,False,True,3.99,-0.493,🔴 Tough,0.0,5.94,0.0,6.83,0.99,13.11
369,Rio Ngumoha,Midfielder,Liverpool,5.7,14,a,100,False,False,1,603,1.0,4,0.6666666666666666,1.0,12.333333333333334,4.864864864864865,0.0,0.0,0.0,0.0,2.0,0.7000000000000001,0.6666666666666666,0.0,0.0,0.875,1.0740740740740744,19.125,0.0,0.0,2.875,1.3125,3.0,0.5,0.0,6,0.5,845,4421,1.309999942779541,0.07000000029802322,4.380000114440918,0.05000000074505806,0.029999999329447746,0.03999999910593033,0.09000000357627869,1.4,0.249,0.62,-0.1,4.28,Man City,15,1,4.1,Brentford,4,0,3.26,Brighton,5,1,3.73,Arsenal,1,1,2.0,Crystal Palace,8,0,3.47,0,0,5,False,True,3.99,-0.493,🔴 Tough,0.0,1.31,0.0,0.71,0.125,1.89
370,Federico Chiesa,Midfielder,Liverpool,5.3,14,i,0,False,False,1,603,1.0,4,0.0,0.0,0.0,0.0,0.0,0.0,0.0,0.0,0.0,0.0,0.0,0.0,0.0,0.0,0.0,0.0,0.0,0.0,0.0,0.0,0.0,0.5,0.0,6,0.0,17,263,0.41999998688697815,0.0,0.7300000190734863,0.03999999910593033,0.019999999552965164,0.03999999910593033,0.07999999821186066,0.34,0.0,0.0,-0.1,4.28,Man City,15,1,4.1,Brentford,4,0,3.26,Brighton,5,1,3.73,Arsenal,1,1,2.0,Crystal Palace,8,0,3.47,0,0,5,False,True,3.99,-0.493,🔴 Tough,0.0,0.42,0.0,0.48,0.091,0.11
371,Ryan Gravenberch,Midfielder,Liverpool,5.8,14,a,100,False,False,1,603,1.0,4,1.0,2.0,34.666666666666664,2.5961538461538463,0.0,0.0,0.0,0.0,0.6666666666666666,8.4,8.733333333333334,0.0,0.0,1.5,2.185185185185186,48.0,0.0,0.125,1.5,9.6375,4.0,0.5,0.0,6,1.1,1295,9438,1.7100000381469727,0.09000000357627869,3.7200000286102295,0.05000000074505806,0.029999999329447746,0.12999999523162842,0.09000000357627869,1.45,0.513,1.13,-0.1,4.28,Man City,15,1,4.1,Brentford,4,0,3.26,Brighton,5,1,3.73,Arsenal,1,1,2.0,Crystal Palace,8,0,3.47,0,0,5,False,True,3.99,-0.493,🔴 Tough,0.0,1.71,0.0,1.3,0.224,2.8
372,Alexis Mac Allister,Midfielder,Liverpool,5.4,14,a,100,False,False,1,603,1.0,4,1.6666666666666667,1.5,63.0,2.380952380952381,0.0,0.0,0.3333333333333333,0.0,7.333333333333333,14.299999999999999,12.799999999999999,0.0,0.3333333333333333,1.375,1.3703703703703707,48.625,0.0,0.0,6.5,15.5375,4.0,0.5,0.0,6,1.3,4028,7156,1.899999976158142,0.25,5.25,0.05000000074505806,0.03999999910593033,0.1599999964237213,0.10000000149011612,2.62,0.779,1.61,-0.1,4.28,Man City,15,1,4.1,Brentford,4,0,3.26,Brighton,5,1,3.73,Arsenal,1,1,2.0,Crystal Palace,8,0,3.47,0,0,5,False,True,3.99,-0.493,🔴 Tough,0.0,1.9,0.0,1.85,0.343,3.97
373,Curtis Jones,Midfielder,Liverpool,5.5,14,u,0,False,False,1,603,1.0,4,0.0,0.0,0.0,0.0,0.0,0.0,0.0,0.0,0.0,0.0,0.0,0.0,0.0,0.0,0.0,0.0,0.0,0.0,0.0,0.0,0.0,0.5,0.0,6,0.0,0,65,0.5799999833106995,0.0,1.4800000190734863,0.03999999910593033,0.029999999329447746,0.05000000074505806,0.09000000357627869,0.39,0.0,0.0,-0.1,4.28,Man City,15,1,4.1,Brentford,4,0,3.26,Brighton,5,1,3.73,Arsenal,1,1,2.0,Crystal Palace,8,0,3.47,0,0,5,False,True,3.99,-0.493,🔴 Tough,0.0,0.58,0.0,0.67,0.122,0.22
374,Endo Wataru,Midfielder,Liverpool,4.9,14,a,100,False,False,1,603,1.0,4,0.0,0.0,0.0,0.0,0.0,0.0,0.0,0.0,0.0,0.0,0.0,0.0,0.0,0.0,0.0,0.0,0.0,0.0,0.0,0.0,0.0,0.5,0.0,6,0.1,172,463,0.3799999952316284,0.0,0.6399999856948853,0.03999999910593033,0.019999999552965164,0.03999999910593033,0.07999999821186066,0.33,0.0,0.11,-0.1,4.28,Man City,15,1,4.1,Brentford,4,0,3.26,Brighton,5,1,3.73,Arsenal,1,1,2.0,Crystal Palace,8,0,3.47,0,0,5,False,True,3.99,-0.493,🔴 Tough,0.0,0.38,0.0,0.13,0.027,0.32
375,Trey Nyoni,Midfielder,Liverpool,4.9,14,a,100,False,False,1,603,1.0,4,0.6666666666666666,0.5,6.333333333333333,9.473684210526315,0.0,0.0,0.0,0.0,0.0,0.7666666666666667,2.2,0.0,0.0,0.375,0.3703703703703704,3.125,0.0,0.0,0.0,0.30000000000000004,2.0,0.5,0.0,6,0.0,96,319,0.6800000071525574,0.0,1.5399999618530273,0.03999999910593033,0.019999999552965164,0.029999999329447746,0.07999999821186066,1.34,0.156,0.28,-0.1,4.28,Man City,15,1,4.1,Brentford,4,0,3.26,Brighton,5,1,3.73,Arsenal,1,1,2.0,Crystal Palace,8,0,3.47,0,0,5,False,True,3.99,-0.493,🔴 Tough,0.0,0.68,0.0,0.32,0.065,0.79
376,Stefan Bajčetić Maquieira,Midfielder,Liverpool,5.0,14,u,0,False,False,1,603,1.0,4,0.0,0.0,0.0,0.0,0.0,0.0,0.0,0.0,0.0,0.0,0.0,0.0,0.0,0.0,0.0,0.0,0.0,0.0,0.0,0.0,0.0,0.5,0.0,6,0.0,0,3,0.41999998688697815,0.0,0.7300000190734863,0.03999999910593033,0.019999999552965164,0.03999999910593033,0.07999999821186066,0.33,0.0,0.0,-0.1,4.28,Man City,15,1,4.1,Brentford,4,0,3.26,Brighton,5,1,3.73,Arsenal,1,1,2.0,Crystal Palace,8,0,3.47,0,0,5,False,True,3.99,-0.493,🔴 Tough,0.0,0.42,0.0,0.48,0.096,0.11
377,Victor Munoz,Midfielder,Liverpool,6.5,14,a,100,False,False,1,603,1.0,4,3.3333333333333335,3.5,70.66666666666667,4.245283018867924,0.3333333333333333,0.0,0.3333333333333333,0.0,24.0,7.5,15.466666666666669,0.0,0.3333333333333333,2.5,3.074074074074075,59.875,0.125,0.125,25.375,4.987500000000001,4.0,0.5,0.0,6,0.9,1583,11917,3.119999885559082,0.4699999988079071,6.75,0.09000000357627869,0.029999999329447746,0.23999999463558197,0.09000000357627869,2.86,0.844,2.78,-0.1,4.28,Man City,15,1,4.1,Brentford,4,0,3.26,Brighton,5,1,3.73,Arsenal,1,1,2.0,Crystal Palace,8,0,3.47,0,0,5,False,True,3.99,-0.493,🔴 Tough,0.0,3.12,0.0,3.19,0.491,6.5
378,James McConnell,Midfielder,Liverpool,4.4,14,a,100,False,False,1,603,1.0,4,0.0,0.0,0.0,0.0,0.0,0.0,0.0,0.0,0.0,0.0,0.0,0.0,0.0,0.0,0.0,0.0,0.0,0.0,0.0,0.0,0.0,0.5,-1.0,6,0.2,1088,1573,0.3799999952316284,0.0,0.4099999964237213,0.03999999910593033,0.019999999552965164,0.03999999910593033,0.07999999821186066,0.33,0.0,0.11,-0.1,4.28,Man City,15,1,4.1,Brentford,4,0,3.26,Brighton,5,1,3.73,Arsenal,1,1,2.0,Crystal Palace,8,0,3.47,0,0,5,False,True,3.99,-0.493,🔴 Tough,0.0,0.38,0.0,0.13,0.03,0.28
379,Alexander Isak,Forward,Liverpool,9.1,14,d,75,False,False,1,603,1.0,4,7.666666666666667,6.25,81.0,8.518518518518519,1.0,0.0,0.6666666666666666,1.6666666666666667,36.666666666666664,6.500000000000001,34.06666666666667,0.0,0.0,5.5,5.333333333333334,83.25,0.625,0.0,36.75,6.112500000000001,4.0,0.5,0.0,6,22.2,118394,96799,3.2100000381469727,0.05000000074505806,6.460000038146973,0.18000000715255737,0.05999999865889549,0.3100000023841858,0.38999998569488525,3.28,0.929,2.29,-0.1,4.28,Man City,15,1,4.1,Brentford,4,0,3.26,Brighton,5,1,3.73,Arsenal,1,1,2.0,Crystal Palace,8,0,3.47,0,0,5,False,True,3.99,-0.493,🔴 Tough,0.0,3.21,0.0,2.63,0.289,5.54
380,Hugo Ekitiké,Forward,Liverpool,7.4,14,i,0,False,False,1,603,1.0,4,0.0,0.0,0.0,0.0,0.0,0.0,0.0,0.0,0.0,0.0,0.0,0.0,0.0,0.0,0.0,0.0,0.0,0.0,0.0,0.0,0.0,0.5,0.0,6,0.1,415,878,2.25,0.0,3.7300000190734863,0.23000000417232513,0.05999999865889549,0.10999999940395355,0.20000000298023224,1.31,0.0,0.0,-0.1,4.28,Man City,15,1,4.1,Brentford,4,0,3.26,Brighton,5,1,3.73,Arsenal,1,1,2.0,Crystal Palace,8,0,3.47,0,0,5,False,True,3.99,-0.493,🔴 Tough,0.0,2.25,0.0,2.59,0.35,0.56
381,Lewis Koumas,Midfielder,Liverpool,5.0,14,a,100,False,False,1,603,1.0,4,0.3333333333333333,0.5,0.3333333333333333,90.0,0.0,0.0,0.0,0.0,0.0,0.0,0.0,0.0,0.0,0.375,0.5185185185185187,1.75,0.0,0.0,0.875,0.0625,2.0,0.5,0.0,6,0.0,173,198,0.5299999713897705,0.0,1.5800000429153442,0.05000000074505806,0.019999999552965164,0.029999999329447746,0.09000000357627869,0.38,0.02,0.17,-0.1,4.28,Man City,15,1,4.1,Brentford,4,0,3.26,Brighton,5,1,3.73,Arsenal,1,1,2.0,Crystal Palace,8,0,3.47,0,0,5,False,True,3.99,-0.493,🔴 Tough,0.0,0.53,0.0,0.2,0.04,0.58
382,Jayden Danns,Forward,Liverpool,4.5,14,a,100,False,False,1,603,1.0,4,0.0,0.0,0.0,0.0,0.0,0.0,0.0,0.0,0.0,0.0,0.0,0.0,0.0,0.0,0.0,0.0,0.0,0.0,0.0,0.0,0.0,0.5,0.0,6,0.2,3673,2522,0.49000000953674316,0.0,0.6200000047683716,0.05000000074505806,0.05999999865889549,0.019999999552965164,0.10000000149011612,0.49,0.0,0.15,-0.1,4.28,Man City,15,1,4.1,Brentford,4,0,3.26,Brighton,5,1,3.73,Arsenal,1,1,2.0,Crystal Palace,8,0,3.47,0,0,5,False,True,3.99,-0.493,🔴 Tough,0.0,0.49,0.0,0.17,0.038,0.39
383,Harvey Elliott,Midfielder,Liverpool,5.4,14,u,0,False,False,1,603,1.0,4,0.0,0.0,0.0,0.0,0.0,0.0,0.0,0.0,0.0,0.0,0.0,0.0,0.0,0.0,0.0,0.0,0.0,0.0,0.0,0.0,0.0,0.5,0.0,6,0.0,0,238,0.46000000834465027,0.0,0.9300000071525574,0.03999999910593033,0.019999999552965164,0.05000000074505806,0.09000000357627869,0.36,0.0,0.0,-0.1,4.28,Man City,15,1,4.1,Brentford,4,0,3.26,Brighton,5,1,3.73,Arsenal,1,1,2.0,Crystal Palace,8,0,3.47,0,0,5,False,True,3.99,-0.493,🔴 Tough,0.0,0.46,0.0,0.53,0.098,0.14
579,Ronald Araujo,Defender,Liverpool,5.4,14,a,100,False,False,1,603,1.0,4,4.666666666666667,3.75,58.0,7.241379310344827,0.0,0.0,0.6666666666666666,0.0,1.3333333333333333,2.1666666666666665,11.866666666666667,0.0,0.3333333333333333,5.125,4.074074074074074,62.125,0.0,0.0,1.5,1.9375,4.0,0.5,0.0,6,3.1,18118,10983,1.7300000190734863,0.0,5.480000019073486,0.029999999329447746,0.019999999552965164,0.10999999940395355,0.18000000715255737,1.39,0.735,1.41,-0.1,4.28,Man City,15,1,4.1,Brentford,4,0,3.26,Brighton,5,1,3.73,Arsenal,1,1,2.0,Crystal Palace,8,0,3.47,0,0,5,False,True,3.99,-0.493,🔴 Tough,0.0,1.73,0.0,1.75,0.324,3.64
627,Bradley Barcola,Midfielder,Liverpool,8.0,14,a,100,False,False,1,603,1.0,4,2.0,2.0,48.5,3.711340206185567,0.0,0.0,0.5,0.0,5.0,12.05,4.3,0.0,0.0,2.0,1.6666666666666667,48.5,0.0,0.0,5.0,12.05,2.0,0.5,0.0,6,1.9,12411,19775,3.1600000858306885,0.25999999046325684,6.289999961853027,0.1599999964237213,0.18000000715255737,0.20999999344348907,0.14000000059604645,2.48,0.649,2.38,-0.1,4.28,Man City,15,1,4.1,Brentford,4,0,3.26,Brighton,5,1,3.73,Arsenal,1,1,2.0,Crystal Palace,8,0,3.47,0,0,5,False,True,3.99,-0.493,🔴 Tough,0.0,3.16,0.0,2.74,0.342,5.66
155,Enzo Fernández,Midfielder,Man City,6.9,15,a,100,False,False,0,38,1.0,4,1.6666666666666667,1.5,52.0,2.884615384615385,0.0,0.0,0.6666666666666666,0.0,11.0,13.199999999999998,6.866666666666667,0.0,0.3333333333333333,1.875,1.6296296296296298,62.375,0.0,0.0,12.0,16.575,3.0,0.5,0.0,6,3.6,32585,15665,3.0999999046325684,0.30000001192092896,7.199999809265137,0.05999999865889549,0.09000000357627869,0.20000000298023224,0.1899999976158142,1.77,0.681,2.41,-0.1,4.23,Liverpool,14,0,2.01,Ipswich Town,12,1,2.74,Aston Villa,2,0,3.26,Brighton,5,1,3.68,Nott'm Forest,18,0,3.18,0,0,5,False,False,3.38,0.015,🟢 Easy,0.0,3.1,0.0,3.09,0.448,5.85
237,Iliman Ndiaye,Midfielder,Man City,5.8,15,a,100,False,False,0,38,1.0,4,2.6666666666666665,4.25,73.66666666666667,3.2579185520361986,0.0,0.0,0.3333333333333333,0.0,7.333333333333333,11.399999999999999,9.799999999999999,0.0,0.0,2.875,4.25925925925926,66.5,0.0,0.125,10.75,12.1625,4.0,0.5,0.0,6,6.7,7421,71286,2.6500000953674316,0.23999999463558197,6.269999980926514,0.07000000029802322,0.029999999329447746,0.1599999964237213,0.10000000149011612,2.69,0.869,2.41,-0.1,4.23,Liverpool,14,0,2.01,Ipswich Town,12,1,2.74,Aston Villa,2,0,3.26,Brighton,5,1,3.68,Nott'm Forest,18,0,3.18,0,0,5,False,False,3.38,0.015,🟢 Easy,0.0,2.65,0.0,3.09,0.533,5.72
384,Gianluigi Donnarumma,Goalkeeper,Man City,5.5,15,a,100,False,False,0,38,1.0,4,4.666666666666667,4.25,90.0,4.666666666666667,0.0,0.0,0.6666666666666666,0.0,0.0,0.0,18.066666666666666,2.3333333333333335,0.0,5.625,4.777777777777778,90.0,0.0,0.0,0.0,0.0,4.0,0.5,0.0,6,7.6,11232,31989,4.78000020980835,0.0,10.170000076293945,0.0,0.0,0.5199999809265137,0.28999999165534973,4.36,1.0,4.78,-0.1,4.23,Liverpool,14,0,2.01,Ipswich Town,12,1,2.74,Aston Villa,2,0,3.26,Brighton,5,1,3.68,Nott'm Forest,18,0,3.18,0,0,5,False,False,3.38,0.015,🟢 Easy,0.0,4.78,0.0,6.51,1.184,11.09
386,Marcus Bettinelli,Goalkeeper,Man City,4.5,15,a,100,False,False,0,38,1.0,4,0.0,0.0,0.0,0.0,0.0,0.0,0.0,0.0,0.0,0.0,0.0,0.0,0.0,0.0,0.0,0.0,0.0,0.0,0.0,0.0,0.0,0.5,0.0,6,0.0,59,90,0.20999999344348907,0.0,0.9800000190734863,0.0,0.0,0.03999999910593033,0.05000000074505806,0.05,0.0,0.06,-0.1,4.23,Liverpool,14,0,2.01,Ipswich Town,12,1,2.74,Aston Villa,2,0,3.26,Brighton,5,1,3.68,Nott'm Forest,18,0,3.18,0,0,5,False,False,3.38,0.015,🟢 Easy,0.0,0.21,0.0,0.08,0.018,0.27
387,Nico O'Reilly,Defender,Man City,6.3,15,d,75,False,False,0,38,1.0,4,1.0,1.25,32.0,2.8125,0.0,0.0,0.0,0.0,1.6666666666666667,2.766666666666667,1.2,0.0,0.0,1.0,1.2222222222222223,22.75,0.0,0.0,2.0,5.0249999999999995,3.0,0.5,0.0,6,10.8,5388,76999,1.809999942779541,0.0,6.380000114440918,0.019999999552965164,0.03999999910593033,0.10999999940395355,0.09000000357627869,1.34,0.485,0.87,-0.1,4.23,Liverpool,14,0,2.01,Ipswich Town,12,1,2.74,Aston Villa,2,0,3.26,Brighton,5,1,3.68,Nott'm Forest,18,0,3.18,0,0,5,False,False,3.38,0.015,🟢 Easy,0.0,1.81,0.0,1.25,0.198,2.7
388,Marc Guéhi,Defender,Man City,6.0,15,a,100,False,False,0,38,1.0,4,5.333333333333333,6.5,90.0,5.333333333333333,0.0,0.0,0.6666666666666666,0.6666666666666666,1.3333333333333333,8.666666666666666,23.2,0.0,0.0,6.5,7.037037037037039,90.0,0.125,0.0,5.0,6.8625,4.0,0.5,0.0,6,18.2,24847,54348,3.109999895095825,0.0,6.429999828338623,0.019999999552965164,0.12999999523162842,0.10999999940395355,0.30000001192092896,3.25,1.0,3.11,-0.1,4.23,Liverpool,14,0,2.01,Ipswich Town,12,1,2.74,Aston Villa,2,0,3.26,Brighton,5,1,3.68,Nott'm Forest,18,0,3.18,0,0,5,False,False,3.38,0.015,🟢 Easy,0.0,3.11,0.0,4.48,0.747,7.18
389,Matheus Nunes,Defender,Man City,5.9,15,a,100,False,False,0,38,1.0,4,3.0,2.5,30.0,9.0,0.0,0.0,0.3333333333333333,0.3333333333333333,0.0,0.5,10.4,0.0,0.0,4.625,3.2962962962962963,49.125,0.0,0.0,0.5,0.9375,2.0,0.5,0.0,6,1.0,1748,3101,2.0199999809265137,0.0,6.739999771118164,0.019999999552965164,0.029999999329447746,0.10999999940395355,0.11999999731779099,1.35,0.463,1.26,-0.1,4.23,Liverpool,14,0,2.01,Ipswich Town,12,1,2.74,Aston Villa,2,0,3.26,Brighton,5,1,3.68,Nott'm Forest,18,0,3.18,0,0,5,False,False,3.38,0.015,🟢 Easy,0.0,2.02,0.0,1.81,0.307,3.53
390,Rúben dos Santos Gato Alves Dias,Defender,Man City,5.5,15,a,100,False,False,0,38,1.0,4,4.666666666666667,4.0,90.0,4.666666666666667,0.0,0.0,0.6666666666666666,0.0,12.333333333333334,9.700000000000001,21.666666666666668,0.0,0.0,5.0,4.222222222222223,90.0,0.0,0.0,5.625,6.775,4.0,0.5,0.0,6,1.9,4936,9449,2.009999990463257,0.0,6.960000038146973,0.019999999552965164,0.09000000357627869,0.09000000357627869,0.09000000357627869,2.83,1.0,2.01,-0.1,4.23,Liverpool,14,0,2.01,Ipswich Town,12,1,2.74,Aston Villa,2,0,3.26,Brighton,5,1,3.68,Nott'm Forest,18,0,3.18,0,0,5,False,False,3.38,0.015,🟢 Easy,0.0,2.01,0.0,2.9,0.527,5.06
391,Joško Gvardiol,Defender,Man City,5.7,15,a,100,False,False,0,38,1.0,4,8.0,8.25,84.66666666666667,8.503937007874015,0.0,0.6666666666666666,0.6666666666666666,1.6666666666666667,4.333333333333333,12.933333333333335,20.933333333333334,0.0,0.3333333333333333,9.25,8.851851851851853,88.0,0.125,0.625,6.125,7.7875000000000005,4.0,0.5,1.0,6,26.9,154475,58962,3.8299999237060547,0.0,8.229999542236328,0.019999999552965164,0.20999999344348907,0.09000000357627869,0.30000001192092896,3.4,0.958,3.72,-0.1,4.23,Liverpool,14,0,2.01,Ipswich Town,12,1,2.74,Aston Villa,2,0,3.26,Brighton,5,1,3.68,Nott'm Forest,18,0,3.18,0,0,5,False,False,3.38,0.015,🟢 Easy,0.0,3.83,0.0,5.36,0.94,8.67
392,Rayan Aït-Nouri,Defender,Man City,5.2,15,a,100,False,False,0,38,1.0,4,0.0,0.0,0.0,0.0,0.0,0.0,0.0,0.0,0.0,0.0,0.0,0.0,0.0,0.0,0.0,0.0,0.0,0.0,0.0,0.0,0.0,0.5,0.0,6,0.4,552,2281,0.7900000214576721,0.0,4.340000152587891,0.019999999552965164,0.019999999552965164,0.10000000149011612,0.05999999865889549,0.24,0.0,0.24,-0.1,4.23,Liverpool,14,0,2.01,Ipswich Town,12,1,2.74,Aston Villa,2,0,3.26,Brighton,5,1,3.68,Nott'm Forest,18,0,3.18,0,0,5,False,False,3.38,0.015,🟢 Easy,0.0,0.79,0.0,0.35,0.067,1.13
393,Abdukodir Khusanov,Defender,Man City,5.4,15,a,100,False,False,0,38,1.0,4,2.3333333333333335,2.25,59.333333333333336,3.539325842696629,0.0,0.0,0.3333333333333333,0.0,1.3333333333333333,3.0666666666666664,11.533333333333333,0.0,0.3333333333333333,1.75,2.0,44.75,0.0,0.0,0.5,2.0625,3.0,0.5,-1.0,6,1.4,1500,9319,1.7999999523162842,0.0,7.21999979019165,0.019999999552965164,0.019999999552965164,0.10999999940395355,0.07000000029802322,1.25,0.747,1.48,-0.1,4.23,Liverpool,14,0,2.01,Ipswich Town,12,1,2.74,Aston Villa,2,0,3.26,Brighton,5,1,3.68,Nott'm Forest,18,0,3.18,0,0,5,False,False,3.38,0.015,🟢 Easy,0.0,1.8,0.0,2.13,0.394,4.04
394,Max Alleyne,Defender,Man City,5.0,15,u,0,False,False,0,38,1.0,4,0.0,0.0,0.0,0.0,0.0,0.0,0.0,0.0,0.0,0.0,0.0,0.0,0.0,0.0,0.0,0.0,0.0,0.0,0.0,0.0,0.0,0.5,0.0,6,0.0,0,20,0.7900000214576721,0.0,4.340000152587891,0.019999999552965164,0.019999999552965164,0.10000000149011612,0.05999999865889549,0.24,0.0,0.0,-0.1,4.23,Liverpool,14,0,2.01,Ipswich Town,12,1,2.74,Aston Villa,2,0,3.26,Brighton,5,1,3.68,Nott'm Forest,18,0,3.18,0,0,5,False,False,3.38,0.015,🟢 Easy,0.0,0.79,0.0,1.14,0.228,0.65
395,Rico Lewis,Defender,Man City,4.4,15,a,100,False,False,0,38,1.0,4,0.0,0.25,0.0,0.0,0.0,0.0,0.0,0.0,0.0,0.0,0.0,0.0,0.0,0.125,0.2962962962962964,7.0,0.0,0.0,4.875,0.475,1.0,0.5,0.0,6,0.2,325,1249,0.8100000023841858,0.0,4.21999979019165,0.05000000074505806,0.019999999552965164,0.10000000149011612,0.03999999910593033,0.38,0.0,0.24,-0.1,4.23,Liverpool,14,0,2.01,Ipswich Town,12,1,2.74,Aston Villa,2,0,3.26,Brighton,5,1,3.68,Nott'm Forest,18,0,3.18,0,0,5,False,False,3.38,0.015,🟢 Easy,0.0,0.81,0.0,0.35,0.08,1.11
396,Vitor de Oliveira Nunes dos Reis,Defender,Man City,4.5,15,a,100,False,False,0,38,1.0,4,0.3333333333333333,0.25,0.3333333333333333,90.0,0.0,0.0,0.0,0.0,0.0,0.3,0.39999999999999997,0.0,0.0,0.125,0.14814814814814817,0.125,0.0,0.0,0.0,0.1125,1.0,0.5,0.0,6,0.0,76,159,1.0199999809265137,0.0,3.5399999618530273,0.05000000074505806,0.019999999552965164,0.10999999940395355,0.05000000074505806,0.37,0.02,0.32,-0.1,4.23,Liverpool,14,0,2.01,Ipswich Town,12,1,2.74,Aston Villa,2,0,3.26,Brighton,5,1,3.68,Nott'm Forest,18,0,3.18,0,0,5,False,False,3.38,0.015,🟢 Easy,0.0,1.02,0.0,0.46,0.102,1.17
397,Antoine Semenyo,Midfielder,Man City,8.4,15,d,75,False,False,0,38,1.0,4,4.666666666666667,4.0,90.0,4.666666666666667,0.0,0.6666666666666666,0.6666666666666666,0.0,19.0,35.0,18.000000000000004,0.0,0.0,3.875,3.666666666666667,90.0,0.0,0.375,14.625,26.0125,4.0,0.5,0.0,6,15.2,127616,77336,5.710000038146973,0.9700000286102295,11.0,0.1899999976158142,0.6299999952316284,0.23999999463558197,0.30000001192092896,5.38,1.0,4.28,-0.1,4.23,Liverpool,14,0,2.01,Ipswich Town,12,1,2.74,Aston Villa,2,0,3.26,Brighton,5,1,3.68,Nott'm Forest,18,0,3.18,0,0,5,False,False,3.38,0.015,🟢 Easy,0.0,5.71,0.0,5.49,0.654,10.06
398,Phil Foden,Midfielder,Man City,6.9,15,s,0,False,False,0,38,1.0,4,2.6666666666666665,2.25,45.333333333333336,5.2941176470588225,0.0,0.6666666666666666,0.0,0.3333333333333333,10.0,24.233333333333334,15.733333333333333,0.0,0.0,0.5,1.185185185185186,38.375,0.0,0.25,8.75,21.675,4.0,0.5,-1.0,6,1.8,226,29731,2.569999933242798,0.25999999046325684,5.800000190734863,0.05000000074505806,0.11999999731779099,0.15000000596046448,0.20000000298023224,1.82,0.619,0.0,-0.1,4.23,Liverpool,14,0,2.01,Ipswich Town,12,1,2.74,Aston Villa,2,0,3.26,Brighton,5,1,3.68,Nott'm Forest,18,0,3.18,0,0,5,False,False,3.38,0.015,🟢 Easy,0.0,2.57,0.0,3.3,0.478,0.83
399,Rayan Cherki,Midfielder,Man City,7.8,15,a,100,False,False,0,38,1.0,4,6.0,6.5,63.666666666666664,8.481675392670157,0.6666666666666666,0.0,0.3333333333333333,1.0,25.666666666666668,35.53333333333333,27.933333333333334,0.0,0.3333333333333333,4.0,5.4444444444444455,52.25,0.25,0.25,14.625,28.425,4.0,0.5,0.0,6,28.4,131263,95286,3.740000009536743,0.07999999821186066,7.739999771118164,0.1899999976158142,0.18000000715255737,0.2199999988079071,0.20000000298023224,3.92,0.785,3.18,-0.1,4.23,Liverpool,14,0,2.01,Ipswich Town,12,1,2.74,Aston Villa,2,0,3.26,Brighton,5,1,3.68,Nott'm Forest,18,0,3.18,0,0,5,False,False,3.38,0.015,🟢 Easy,0.0,3.74,0.0,4.08,0.523,7.51
400,Jérémy Doku,Midfielder,Man City,7.4,15,a,100,False,False,0,38,1.0,4,0.0,0.0,0.0,0.0,0.0,0.0,0.0,0.0,0.0,0.0,0.0,0.0,0.0,0.0,0.0,0.0,0.0,0.0,0.0,0.0,0.0,0.5,0.0,6,0.7,4807,2229,1.159999966621399,0.0,2.940000057220459,0.05999999865889549,0.09000000357627869,0.07999999821186066,0.23000000417232513,0.78,0.0,0.35,-0.1,4.23,Liverpool,14,0,2.01,Ipswich Town,12,1,2.74,Aston Villa,2,0,3.26,Brighton,5,1,3.68,Nott'm Forest,18,0,3.18,0,0,5,False,False,3.38,0.015,🟢 Easy,0.0,1.16,0.0,0.45,0.061,1.14
402,Rodrigo 'Rodri' Hernandez Cascante,Midfielder,Man City,6.5,15,u,0,False,False,0,38,1.0,4,0.0,0.0,0.0,0.0,0.0,0.0,0.0,0.0,0.0,0.0,0.0,0.0,0.0,0.0,0.0,0.0,0.0,0.0,0.0,0.0,0.0,0.5,0.0,6,0.0,0,27,0.6000000238418579,0.0,2.2200000286102295,0.05000000074505806,0.019999999552965164,0.07999999821186066,0.09000000357627869,0.42,0.0,0.0,-0.1,4.23,Liverpool,14,0,2.01,Ipswich Town,12,1,2.74,Aston Villa,2,0,3.26,Brighton,5,1,3.68,Nott'm Forest,18,0,3.18,0,0,5,False,False,3.38,0.015,🟢 Easy,0.0,0.6,0.0,0.77,0.118,0.33
404,Tijjani Reijnders,Midfielder,Man City,6.0,15,u,0,False,False,0,38,1.0,4,0.0,0.0,0.0,0.0,0.0,0.0,0.0,0.0,0.0,0.0,0.0,0.0,0.0,0.0,0.0,0.0,0.0,0.0,0.0,0.0,0.0,0.5,0.0,6,0.0,0,103,0.6000000238418579,0.0,1.9700000286102295,0.05000000074505806,0.019999999552965164,0.05000000074505806,0.09000000357627869,0.42,0.0,0.0,-0.1,4.23,Liverpool,14,0,2.01,Ipswich Town,12,1,2.74,Aston Villa,2,0,3.26,Brighton,5,1,3.68,Nott'm Forest,18,0,3.18,0,0,5,False,False,3.38,0.015,🟢 Easy,0.0,0.6,0.0,0.77,0.128,0.3
406,Mateo Kovačić,Midfielder,Man City,5.3,15,a,100,False,False,0,38,1.0,4,0.3333333333333333,0.5,5.0,6.0,0.0,0.0,0.0,0.0,0.0,1.0333333333333334,0.6666666666666666,0.0,0.0,0.25,0.44444444444444453,5.25,0.0,0.0,0.0,0.65,2.0,0.5,0.0,6,0.1,122,488,0.7400000095367432,0.029999999329447746,1.7899999618530273,0.03999999910593033,0.019999999552965164,0.029999999329447746,0.07999999821186066,1.35,0.132,0.29,-0.1,4.23,Liverpool,14,0,2.01,Ipswich Town,12,1,2.74,Aston Villa,2,0,3.26,Brighton,5,1,3.68,Nott'm Forest,18,0,3.18,0,0,5,False,False,3.38,0.015,🟢 Easy,0.0,0.74,0.0,0.37,0.07,0.84
407,Claudio Echeverri,Midfielder,Man City,4.9,15,u,0,False,False,0,38,1.0,4,0.0,0.0,0.0,0.0,0.0,0.0,0.0,0.0,0.0,0.0,0.0,0.0,0.0,0.0,0.0,0.0,0.0,0.0,0.0,0.0,0.0,0.5,0.0,6,0.0,0,57,0.3799999952316284,0.0,0.800000011920929,0.03999999910593033,0.019999999552965164,0.029999999329447746,0.07999999821186066,0.33,0.0,0.0,-0.1,4.23,Liverpool,14,0,2.01,Ipswich Town,12,1,2.74,Aston Villa,2,0,3.26,Brighton,5,1,3.68,Nott'm Forest,18,0,3.18,0,0,5,False,False,3.38,0.015,🟢 Easy,0.0,0.38,0.0,0.49,0.1,0.12
408,Kalvin Phillips,Midfielder,Man City,5.0,15,u,0,False,False,0,38,1.0,4,0.0,0.0,0.0,0.0,0.0,0.0,0.0,0.0,0.0,0.0,0.0,0.0,0.0,0.0,0.0,0.0,0.0,0.0,0.0,0.0,0.0,0.5,0.0,6,0.0,0,13,0.41999998688697815,0.0,0.8999999761581421,0.03999999910593033,0.019999999552965164,0.03999999910593033,0.07999999821186066,0.33,0.0,0.0,-0.1,4.23,Liverpool,14,0,2.01,Ipswich Town,12,1,2.74,Aston Villa,2,0,3.26,Brighton,5,1,3.68,Nott'm Forest,18,0,3.18,0,0,5,False,False,3.38,0.015,🟢 Easy,0.0,0.42,0.0,0.54,0.108,0.13
409,Divine Mukasa,Midfielder,Man City,4.5,15,u,0,False,False,0,38,1.0,4,0.0,0.0,0.0,0.0,0.0,0.0,0.0,0.0,0.0,0.0,0.0,0.0,0.0,0.0,0.0,0.0,0.0,0.0,0.0,0.0,0.0,0.5,0.0,6,0.1,0,635,0.3799999952316284,0.0,0.6299999952316284,0.03999999910593033,0.019999999552965164,0.029999999329447746,0.07999999821186066,0.33,0.0,0.0,-0.1,4.23,Liverpool,14,0,2.01,Ipswich Town,12,1,2.74,Aston Villa,2,0,3.26,Brighton,5,1,3.68,Nott'm Forest,18,0,3.18,0,0,5,False,False,3.38,0.015,🟢 Easy,0.0,0.38,0.0,0.49,0.109,0.09
410,Jeremy Monga,Midfielder,Man City,4.9,15,u,0,False,False,0,38,1.0,4,0.0,0.0,0.0,0.0,0.0,0.0,0.0,0.0,0.0,0.0,0.0,0.0,0.0,0.0,0.0,0.0,0.0,0.0,0.0,0.0,0.0,0.5,0.0,6,0.0,0,54,0.3799999952316284,0.0,0.800000011920929,0.03999999910593033,0.019999999552965164,0.029999999329447746,0.07999999821186066,0.33,0.0,0.0,-0.1,4.23,Liverpool,14,0,2.01,Ipswich Town,12,1,2.74,Aston Villa,2,0,3.26,Brighton,5,1,3.68,Nott'm Forest,18,0,3.18,0,0,5,False,False,3.38,0.015,🟢 Easy,0.0,0.38,0.0,0.49,0.1,0.12
411,Erling Haaland,Forward,Man City,15.6,15,a,100,False,False,0,38,1.0,4,10.333333333333334,8.25,90.0,10.333333333333334,1.3333333333333333,0.0,0.6666666666666666,3.0,50.333333333333336,5.1000000000000005,50.6,0.0,0.0,8.625,7.518518518518519,90.0,1.0,0.0,46.875,4.8625,4.0,0.5,1.0,6,73.9,83511,22251,6.440000057220459,0.05000000074505806,9.15999984741211,0.8100000023841858,0.05999999865889549,0.20000000298023224,0.8799999952316284,6.3,1.0,6.44,-0.1,4.23,Liverpool,14,0,2.01,Ipswich Town,12,1,2.74,Aston Villa,2,0,3.26,Brighton,5,1,3.68,Nott'm Forest,18,0,3.18,0,0,5,False,False,3.38,0.015,🟢 Easy,0.0,6.44,0.0,8.27,0.53,14.25
481,Elliot Anderson,Midfielder,Man City,6.3,15,a,100,False,False,0,38,1.0,4,3.6666666666666665,3.25,87.0,3.793103448275862,0.0,0.0,0.6666666666666666,0.0,6.0,17.2,22.266666666666666,0.0,0.3333333333333333,3.875,3.3703703703703707,85.375,0.0,0.0,2.875,13.8,4.0,0.5,0.0,6,4.0,8325,29065,4.53000020980835,0.9300000071525574,7.96999979019165,0.05000000074505806,0.25999999046325684,0.20999999344348907,0.1599999964237213,3.39,0.977,4.46,-0.1,4.23,Liverpool,14,0,2.01,Ipswich Town,12,1,2.74,Aston Villa,2,0,3.26,Brighton,5,1,3.68,Nott'm Forest,18,0,3.18,0,0,5,False,False,3.38,0.015,🟢 Easy,0.0,4.53,0.0,5.72,0.908,9.98
587,Gerónimo Rulli,Goalkeeper,Man City,5.0,15,a,100,False,False,0,38,1.0,4,0.0,0.0,0.0,0.0,0.0,0.0,0.0,0.0,0.0,0.0,0.0,0.0,0.0,0.0,0.0,0.0,0.0,0.0,0.0,0.0,0.0,0.5,0.0,6,0.0,81,106,0.4399999976158142,0.0,2.809999942779541,0.0,0.0,0.07000000029802322,0.07000000029802322,0.07,0.0,0.13,-0.1,4.23,Liverpool,14,0,2.01,Ipswich Town,12,1,2.74,Aston Villa,2,0,3.26,Brighton,5,1,3.68,Nott'm Forest,18,0,3.18,0,0,5,False,False,3.38,0.015,🟢 Easy,0.0,0.44,0.0,0.18,0.036,0.68
616,Ayyoub Bouaddi,Midfielder,Man City,5.5,15,a,100,False,False,0,38,1.0,4,0.6666666666666666,0.6666666666666666,7.333333333333333,8.181818181818182,0.0,0.0,0.0,0.0,0.0,1.5999999999999999,4.333333333333333,0.0,0.0,0.5,0.6666666666666667,5.5,0.0,0.0,0.0,1.2,2.0,0.3333333333333333,0.0,6,0.2,871,2171,0.8999999761581421,0.03999999910593033,2.299999952316284,0.05000000074505806,0.029999999329447746,0.03999999910593033,0.09000000357627869,1.4,0.173,0.38,-0.1,4.23,Liverpool,14,0,2.01,Ipswich Town,12,1,2.74,Aston Villa,2,0,3.26,Brighton,5,1,3.68,Nott'm Forest,18,0,3.18,0,0,5,False,False,3.38,0.015,🟢 Easy,0.0,0.9,0.0,0.49,0.089,1.1
621,Ryan McAidoo,Midfielder,Man City,4.5,15,a,100,False,False,0,38,1.0,4,0.6666666666666666,0.6666666666666666,3.6666666666666665,16.363636363636363,0.0,0.0,0.0,0.0,1.0,0.16666666666666666,1.7333333333333334,0.0,0.0,0.5,0.6666666666666667,2.75,0.0,0.0,0.75,0.125,2.0,0.3333333333333333,0.0,6,0.1,202,1128,0.6200000047683716,0.05000000074505806,1.25,0.03999999910593033,0.019999999552965164,0.029999999329447746,0.07999999821186066,1.34,0.106,0.23,-0.1,4.23,Liverpool,14,0,2.01,Ipswich Town,12,1,2.74,Aston Villa,2,0,3.26,Brighton,5,1,3.68,Nott'm Forest,18,0,3.18,0,0,5,False,False,3.38,0.015,🟢 Easy,0.0,0.62,0.0,0.3,0.067,0.64
622,Kaden Braithwaite,Defender,Man City,4.0,15,a,100,False,False,0,38,1.0,4,0.3333333333333333,0.3333333333333333,0.3333333333333333,90.0,0.0,0.0,0.0,0.0,0.0,0.26666666666666666,0.19999999999999998,0.0,0.0,0.25,0.44444444444444453,0.25,0.0,0.0,0.0,0.2,1.0,0.3333333333333333,0.0,6,0.2,602,1703,0.6499999761581421,0.0,2.319999933242798,0.019999999552965164,0.019999999552965164,0.10000000149011612,0.03999999910593033,0.23,0.02,0.2,-0.1,4.23,Liverpool,14,0,2.01,Ipswich Town,12,1,2.74,Aston Villa,2,0,3.26,Brighton,5,1,3.68,Nott'm Forest,18,0,3.18,0,0,5,False,False,3.38,0.015,🟢 Easy,0.0,0.65,0.0,0.29,0.072,0.75
628,Allan Andrade Elias,Midfielder,Man City,6.0,15,a,100,False,False,0,38,1.0,4,0.0,0.0,0.0,0.0,0.0,0.0,0.0,0.0,0.0,0.0,0.0,0.0,0.0,0.0,0.0,0.0,0.0,0.0,0.0,0.0,0.0,0.5,0.0,6,0.0,234,171,0.6000000238418579,0.0,1.9700000286102295,0.05000000074505806,0.019999999552965164,0.05000000074505806,0.09000000357627869,0.42,0.0,0.18,-0.1,4.23,Liverpool,14,0,2.01,Ipswich Town,12,1,2.74,Aston Villa,2,0,3.26,Brighton,5,1,3.68,Nott'm Forest,18,0,3.18,0,0,5,False,False,3.38,0.015,🟢 Easy,0.0,0.6,0.0,0.23,0.038,0.66
653,Floyd Samba,Midfielder,Man City,4.5,15,a,100,False,False,0,38,1.0,4,0.0,0.0,0.0,0.0,0.0,0.0,0.0,0.0,0.0,0.0,0.0,0.0,0.0,0.0,0.0,0.0,0.0,0.0,0.0,0.0,0.0,0.5,0.0,6,0.0,260,508,0.3799999952316284,0.0,0.6299999952316284,0.03999999910593033,0.019999999552965164,0.029999999329447746,0.07999999821186066,0.33,0.0,0.11,-0.1,4.23,Liverpool,14,0,2.01,Ipswich Town,12,1,2.74,Aston Villa,2,0,3.26,Brighton,5,1,3.68,Nott'm Forest,18,0,3.18,0,0,5,False,False,3.38,0.015,🟢 Easy,0.0,0.38,0.0,0.14,0.031,0.31
43,Youri Tielemans,Midfielder,Man Utd,5.8,16,a,100,False,False,1,532,1.0,2,2.6666666666666665,2.5,82.0,2.9268292682926824,0.0,0.0,0.0,0.0,11.0,26.333333333333332,21.333333333333332,0.0,0.0,2.25,2.2962962962962967,75.0,0.0,0.0,7.25,18.825,4.0,0.5,-1.0,6,1.5,3318,11107,3.759999990463257,1.0,8.350000381469727,0.05000000074505806,0.3499999940395355,0.28999999165534973,0.10999999940395355,3.71,0.937,3.59,-0.1,3.0,Spurs,19,1,3.81,Leeds,13,0,2.74,Bournemouth,3,1,2.97,Chelsea,6,0,2.94,Aston Villa,2,1,3.09,0,0,5,False,True,3.17,-0.096,🟢 Easy,0.0,3.76,0.0,4.91,0.847,8.28
131,Carlos Baleba,Midfielder,Man Utd,4.9,16,a,100,False,False,1,532,1.0,2,0.0,0.0,0.0,0.0,0.0,0.0,0.0,0.0,0.0,0.0,0.0,0.0,0.0,0.0,0.0,0.0,0.0,0.0,0.0,0.0,0.0,0.75,-1.0,6,0.1,1401,779,0.3799999952316284,0.0,0.5899999737739563,0.03999999910593033,0.019999999552965164,0.03999999910593033,0.07999999821186066,0.33,0.0,0.11,-0.1,3.0,Spurs,19,1,3.81,Leeds,13,0,2.74,Bournemouth,3,1,2.97,Chelsea,6,0,2.94,Aston Villa,2,1,3.09,0,0,5,False,True,3.17,-0.096,🟢 Easy,0.0,0.38,0.0,0.15,0.031,0.31
162,Andrey Nascimento dos Santos,Midfielder,Man Utd,4.8,16,a,100,False,False,1,532,1.0,2,0.6666666666666666,1.0,5.333333333333333,11.25,0.0,0.0,0.0,0.0,2.0,0.4333333333333333,4.466666666666667,0.0,0.0,0.625,0.9629629629629632,11.0,0.0,0.0,1.75,0.7625000000000001,3.0,0.5,-1.0,6,0.6,1073,5146,0.6399999856948853,0.0,1.809999942779541,0.03999999910593033,0.019999999552965164,0.05999999865889549,0.07999999821186066,1.35,0.138,0.25,-0.1,3.0,Spurs,19,1,3.81,Leeds,13,0,2.74,Bournemouth,3,1,2.97,Chelsea,6,0,2.94,Aston Villa,2,1,3.09,0,0,5,False,True,3.17,-0.096,🟢 Easy,0.0,0.64,0.0,0.34,0.071,0.77
325,Karl Darlow,Goalkeeper,Man Utd,4.5,16,d,75,False,False,1,532,1.0,2,0.0,0.0,0.0,0.0,0.0,0.0,0.0,0.0,0.0,0.0,0.0,0.0,0.0,0.0,0.0,0.0,0.0,0.0,0.0,0.0,0.0,0.5,0.0,6,0.0,63,229,0.1899999976158142,0.0,0.3499999940395355,0.0,0.0,0.029999999329447746,0.05000000074505806,0.05,0.0,0.04,-0.1,3.0,Spurs,19,1,3.81,Leeds,13,0,2.74,Bournemouth,3,1,2.97,Chelsea,6,0,2.94,Aston Villa,2,1,3.09,0,0,5,False,True,3.17,-0.096,🟢 Easy,0.0,0.19,0.0,0.06,0.013,0.13
412,Senne Lammens,Goalkeeper,Man Utd,4.9,16,a,100,False,False,1,532,1.0,2,2.0,1.75,90.0,2.0,0.0,0.0,0.0,0.0,0.0,0.0,21.799999999999997,2.6666666666666665,0.0,1.875,1.7037037037037042,90.0,0.0,0.0,0.0,0.0,4.0,0.5,-1.0,6,9.9,7217,50842,3.2799999713897705,0.05000000074505806,5.170000076293945,0.0,0.0,0.28999999165534973,0.07999999821186066,3.25,1.0,3.28,-0.1,3.0,Spurs,19,1,3.81,Leeds,13,0,2.74,Bournemouth,3,1,2.97,Chelsea,6,0,2.94,Aston Villa,2,1,3.09,0,0,5,False,True,3.17,-0.096,🟢 Easy,0.0,3.28,0.0,4.6,0.939,7.33
413,Altay Bayındır,Goalkeeper,Man Utd,4.5,16,u,0,False,False,1,532,1.0,2,0.0,0.0,0.0,0.0,0.0,0.0,0.0,0.0,0.0,0.0,0.0,0.0,0.0,0.0,0.0,0.0,0.0,0.0,0.0,0.0,0.0,0.5,0.0,6,0.0,0,43,0.1899999976158142,0.0,0.3499999940395355,0.0,0.0,0.029999999329447746,0.05000000074505806,0.05,0.0,0.0,-0.1,3.0,Spurs,19,1,3.81,Leeds,13,0,2.74,Bournemouth,3,1,2.97,Chelsea,6,0,2.94,Aston Villa,2,1,3.09,0,0,5,False,True,3.17,-0.096,🟢 Easy,0.0,0.19,0.0,0.27,0.06,0.05
414,Tom Heaton,Goalkeeper,Man Utd,4.0,16,i,0,False,False,1,532,1.0,2,0.0,0.0,0.0,0.0,0.0,0.0,0.0,0.0,0.0,0.0,0.0,0.0,0.0,0.0,0.0,0.0,0.0,0.0,0.0,0.0,0.0,0.5,0.0,6,0.1,214,288,0.12999999523162842,0.0,0.05999999865889549,0.0,0.0,0.029999999329447746,0.05000000074505806,0.05,0.0,0.0,-0.1,3.0,Spurs,19,1,3.81,Leeds,13,0,2.74,Bournemouth,3,1,2.97,Chelsea,6,0,2.94,Aston Villa,2,1,3.09,0,0,5,False,True,3.17,-0.096,🟢 Easy,0.0,0.13,0.0,0.18,0.045,0.01
415,Patrick Dorgu,Midfielder,Man Utd,5.8,16,d,75,False,False,1,532,1.0,2,2.0,1.5,40.0,4.5,0.0,0.0,0.0,0.0,15.0,10.566666666666666,10.266666666666667,0.0,0.0,2.375,1.7037037037037037,56.875,0.0,0.0,9.375,11.2875,4.0,0.5,0.0,6,0.5,1034,4508,2.700000047683716,0.2199999988079071,6.420000076293945,0.14000000059604645,0.03999999910593033,0.20000000298023224,0.09000000357627869,1.91,0.567,1.41,-0.1,3.0,Spurs,19,1,3.81,Leeds,13,0,2.74,Bournemouth,3,1,2.97,Chelsea,6,0,2.94,Aston Villa,2,1,3.09,0,0,5,False,True,3.17,-0.096,🟢 Easy,0.0,2.7,0.0,1.93,0.333,3.75
416,Matthijs de Ligt,Defender,Man Utd,5.0,16,i,0,False,False,1,532,1.0,2,0.0,0.0,0.0,0.0,0.0,0.0,0.0,0.0,0.0,0.0,0.0,0.0,0.0,0.0,0.0,0.0,0.0,0.0,0.0,0.0,0.0,0.5,0.0,6,0.0,85,138,0.6100000143051147,0.0,2.0399999618530273,0.019999999552965164,0.019999999552965164,0.10000000149011612,0.05000000074505806,0.24,0.0,0.0,-0.1,3.0,Spurs,19,1,3.81,Leeds,13,0,2.74,Bournemouth,3,1,2.97,Chelsea,6,0,2.94,Aston Villa,2,1,3.09,0,0,5,False,True,3.17,-0.096,🟢 Easy,0.0,0.61,0.0,0.92,0.184,0.31
417,Diogo Dalot Teixeira,Defender,Man Utd,4.9,16,a,100,False,False,1,532,1.0,2,1.6666666666666667,1.5,82.0,1.8292682926829267,0.0,0.0,0.0,0.0,14.0,27.133333333333336,9.133333333333335,0.0,0.3333333333333333,1.625,1.4814814814814816,76.125,0.0,0.0,7.125,20.6125,4.0,0.5,0.0,6,1.6,1387,7867,1.909999966621399,0.05000000074505806,4.659999847412109,0.029999999329447746,0.029999999329447746,0.11999999731779099,0.05999999865889549,2.77,0.937,1.83,-0.1,3.0,Spurs,19,1,3.81,Leeds,13,0,2.74,Bournemouth,3,1,2.97,Chelsea,6,0,2.94,Aston Villa,2,1,3.09,0,0,5,False,True,3.17,-0.096,🟢 Easy,0.0,1.91,0.0,2.76,0.563,4.35
418,Harry Maguire,Defender,Man Utd,4.8,16,a,100,False,False,1,532,1.0,2,2.3333333333333335,2.0,90.0,2.3333333333333335,0.0,0.3333333333333333,0.0,0.0,6.333333333333333,1.4666666666666668,14.466666666666667,0.0,0.6666666666666666,1.625,1.6666666666666667,90.0,0.0,0.125,9.125,4.8875,4.0,0.5,0.0,6,8.6,4690,77362,2.4200000762939453,0.05000000074505806,5.400000095367432,0.029999999329447746,0.029999999329447746,0.11999999731779099,0.07999999821186066,2.79,1.0,2.42,-0.1,3.0,Spurs,19,1,3.81,Leeds,13,0,2.74,Bournemouth,3,1,2.97,Chelsea,6,0,2.94,Aston Villa,2,1,3.09,0,0,5,False,True,3.17,-0.096,🟢 Easy,0.0,2.42,0.0,3.65,0.76,5.64
419,Lisandro Martínez,Defender,Man Utd,4.9,16,a,100,False,False,1,532,1.0,2,2.0,1.5,90.0,2.0,0.0,0.0,0.0,0.0,3.3333333333333335,1.8333333333333333,18.0,0.0,0.0,1.875,1.4814814814814816,78.75,0.0,0.0,3.875,2.0,3.0,0.5,0.0,6,1.3,3867,6701,2.2200000286102295,0.05000000074505806,5.78000020980835,0.029999999329447746,0.05000000074505806,0.11999999731779099,0.05000000074505806,2.84,1.0,2.22,-0.1,3.0,Spurs,19,1,3.81,Leeds,13,0,2.74,Bournemouth,3,1,2.97,Chelsea,6,0,2.94,Aston Villa,2,1,3.09,0,0,5,False,True,3.17,-0.096,🟢 Easy,0.0,2.22,0.0,3.35,0.684,5.3
420,Leny Yoro,Defender,Man Utd,4.8,16,a,100,False,False,1,532,1.0,2,0.6666666666666666,0.5,7.333333333333333,8.181818181818182,0.0,0.0,0.0,0.0,0.6666666666666666,0.7999999999999999,2.6,0.0,0.0,0.375,0.3703703703703704,3.5,0.0,0.0,0.5,0.375,2.0,0.5,0.0,6,0.5,487,2275,1.090000033378601,0.0,3.0299999713897705,0.019999999552965164,0.019999999552965164,0.10000000149011612,0.03999999910593033,1.23,0.173,0.46,-0.1,3.0,Spurs,19,1,3.81,Leeds,13,0,2.74,Bournemouth,3,1,2.97,Chelsea,6,0,2.94,Aston Villa,2,1,3.09,0,0,5,False,True,3.17,-0.096,🟢 Easy,0.0,1.09,0.0,0.69,0.144,1.37
421,Ayden Heaven,Defender,Man Utd,4.3,16,a,100,False,False,1,532,1.0,2,0.0,0.25,0.0,0.0,0.0,0.0,0.0,0.0,0.0,0.0,0.0,0.0,0.0,0.125,0.2962962962962964,11.25,0.0,0.0,1.375,0.325,1.0,0.5,0.0,6,0.3,260,1538,0.6299999952316284,0.0,1.75,0.019999999552965164,0.019999999552965164,0.10000000149011612,0.03999999910593033,0.22,0.0,0.19,-0.1,3.0,Spurs,19,1,3.81,Leeds,13,0,2.74,Bournemouth,3,1,2.97,Chelsea,6,0,2.94,Aston Villa,2,1,3.09,0,0,5,False,True,3.17,-0.096,🟢 Easy,0.0,0.63,0.0,0.29,0.067,0.64
422,Noussair Mazraoui,Defender,Man Utd,4.4,16,a,100,False,False,1,532,1.0,2,0.6666666666666666,0.75,6.0,10.0,0.0,0.0,0.0,0.0,0.6666666666666666,0.6,1.2,0.0,0.0,0.5,0.6666666666666667,12.25,0.0,0.0,1.625,3.9625,3.0,0.5,0.0,6,0.5,612,2955,1.0199999809265137,0.0,3.369999885559082,0.029999999329447746,0.019999999552965164,0.10000000149011612,0.03999999910593033,1.25,0.15,0.41,-0.1,3.0,Spurs,19,1,3.81,Leeds,13,0,2.74,Bournemouth,3,1,2.97,Chelsea,6,0,2.94,Aston Villa,2,1,3.09,0,0,5,False,True,3.17,-0.096,🟢 Easy,0.0,1.02,0.0,0.62,0.141,1.33
423,Luke Shaw,Defender,Man Utd,4.3,16,a,100,False,False,1,532,1.0,2,2.0,1.75,54.0,3.333333333333333,0.0,0.3333333333333333,0.0,0.0,2.3333333333333335,8.8,20.266666666666666,0.0,0.3333333333333333,1.375,1.4814814814814816,42.75,0.0,0.25,2.0,13.8,3.0,0.5,0.0,6,7.7,3991,79066,1.5800000429153442,0.0,4.909999847412109,0.029999999329447746,0.03999999910593033,0.10999999940395355,0.019999999552965164,1.31,0.699,1.25,-0.1,3.0,Spurs,19,1,3.81,Leeds,13,0,2.74,Bournemouth,3,1,2.97,Chelsea,6,0,2.94,Aston Villa,2,1,3.09,0,0,5,False,True,3.17,-0.096,🟢 Easy,0.0,1.58,0.0,1.89,0.44,3.24
424,Harry Amass,Defender,Man Utd,4.0,16,a,100,False,False,1,532,1.0,2,0.0,0.0,0.0,0.0,0.0,0.0,0.0,0.0,0.0,0.0,0.0,0.0,0.0,0.0,0.0,0.0,0.0,0.0,0.0,0.0,0.0,0.5,0.0,6,0.2,441,821,0.36000001430511475,0.0,0.44999998807907104,0.019999999552965164,0.019999999552965164,0.09000000357627869,0.029999999329447746,0.22,0.0,0.11,-0.1,3.0,Spurs,19,1,3.81,Leeds,13,0,2.74,Bournemouth,3,1,2.97,Chelsea,6,0,2.94,Aston Villa,2,1,3.09,0,0,5,False,True,3.17,-0.096,🟢 Easy,0.0,0.36,0.0,0.17,0.042,0.29
425,Tyler Fredricson,Defender,Man Utd,4.0,16,u,0,False,False,1,532,1.0,2,0.0,0.0,0.0,0.0,0.0,0.0,0.0,0.0,0.0,0.0,0.0,0.0,0.0,0.0,0.0,0.0,0.0,0.0,0.0,0.0,0.0,0.5,0.0,6,0.0,0,51,0.36000001430511475,0.0,0.44999998807907104,0.019999999552965164,0.019999999552965164,0.09000000357627869,0.029999999329447746,0.22,0.0,0.0,-0.1,3.0,Spurs,19,1,3.81,Leeds,13,0,2.74,Bournemouth,3,1,2.97,Chelsea,6,0,2.94,Aston Villa,2,1,3.09,0,0,5,False,True,3.17,-0.096,🟢 Easy,0.0,0.36,0.0,0.54,0.135,0.07
426,Bruno Borges Fernandes,Midfielder,Man Utd,11.9,16,a,100,False,False,1,532,1.0,2,9.0,7.25,90.0,9.0,1.0,0.3333333333333333,0.0,1.0,29.0,42.5,50.93333333333334,0.0,0.0,4.625,5.1111111111111125,90.0,0.375,0.125,17.375,38.837500000000006,4.0,0.5,0.0,6,38.5,48487,204153,5.0,1.309999942779541,9.970000267028809,0.18000000715255737,0.49000000953674316,0.3100000023841858,0.09000000357627869,4.77,1.0,5.0,-0.1,3.0,Spurs,19,1,3.81,Leeds,13,0,2.74,Bournemouth,3,1,2.97,Chelsea,6,0,2.94,Aston Villa,2,1,3.09,0,0,5,False,True,3.17,-0.096,🟢 Easy,0.0,5.0,0.0,6.84,0.575,11.3
427,Bryan Mbeumo,Midfielder,Man Utd,7.9,16,a,100,False,False,1,532,1.0,2,7.0,5.75,90.0,7.0,0.6666666666666666,0.3333333333333333,0.0,1.0,25.666666666666668,29.933333333333326,32.2,0.0,0.3333333333333333,4.625,4.666666666666667,90.0,0.375,0.125,27.0,28.75,4.0,0.5,0.0,6,20.5,40492,135775,5.599999904632568,1.350000023841858,10.3100004196167,0.11999999731779099,0.7400000095367432,0.3400000035762787,0.20000000298023224,5.37,1.0,5.6,-0.1,3.0,Spurs,19,1,3.81,Leeds,13,0,2.74,Bournemouth,3,1,2.97,Chelsea,6,0,2.94,Aston Villa,2,1,3.09,0,0,5,False,True,3.17,-0.096,🟢 Easy,0.0,5.6,0.0,7.66,0.97,12.54
428,Matheus Santos Carneiro da Cunha,Midfielder,Man Utd,7.9,16,a,100,False,False,1,532,1.0,2,4.666666666666667,4.0,79.33333333333333,5.294117647058824,0.0,0.6666666666666666,0.3333333333333333,0.3333333333333333,17.666666666666668,16.03333333333333,8.399999999999999,0.0,0.0,3.125,3.25925925925926,82.0,0.0,0.25,17.875,15.675,4.0,0.5,0.0,6,5.8,24042,22879,3.799999952316284,0.9700000286102295,8.09000015258789,0.1599999964237213,0.550000011920929,0.2800000011920929,0.15000000596046448,4.9,0.915,3.58,-0.1,3.0,Spurs,19,1,3.81,Leeds,13,0,2.74,Bournemouth,3,1,2.97,Chelsea,6,0,2.94,Aston Villa,2,1,3.09,0,0,5,False,True,3.17,-0.096,🟢 Easy,0.0,3.8,0.0,4.9,0.62,8.23
429,Marcus Rashford,Midfielder,Man Utd,7.0,16,d,75,False,False,1,532,1.0,2,2.3333333333333335,2.0,76.66666666666667,2.739130434782609,0.0,0.0,0.3333333333333333,0.0,31.666666666666668,20.3,8.4,0.0,0.0,2.125,1.925925925925926,73.75,0.0,0.0,24.25,20.5375,4.0,0.5,0.0,6,1.4,4251,18678,3.240000009536743,0.8600000143051147,7.039999961853027,0.18000000715255737,0.05000000074505806,0.3100000023841858,0.20000000298023224,3.56,0.894,2.25,-0.1,3.0,Spurs,19,1,3.81,Leeds,13,0,2.74,Bournemouth,3,1,2.97,Chelsea,6,0,2.94,Aston Villa,2,1,3.09,0,0,5,False,True,3.17,-0.096,🟢 Easy,0.0,3.24,0.0,3.08,0.44,5.43
430,Mason Mount,Midfielder,Man Utd,5.4,16,a,100,False,False,1,532,1.0,2,0.0,0.0,0.0,0.0,0.0,0.0,0.0,0.0,0.0,0.0,0.0,0.0,0.0,0.0,0.0,0.0,0.0,0.0,0.0,0.0,0.0,0.5,0.0,6,0.0,196,205,0.46000000834465027,0.0,0.9300000071525574,0.03999999910593033,0.019999999552965164,0.05000000074505806,0.09000000357627869,0.36,0.0,0.14,-0.1,3.0,Spurs,19,1,3.81,Leeds,13,0,2.74,Bournemouth,3,1,2.97,Chelsea,6,0,2.94,Aston Villa,2,1,3.09,0,0,5,False,True,3.17,-0.096,🟢 Easy,0.0,0.46,0.0,0.19,0.035,0.42
431,Amad Diallo,Midfielder,Man Utd,5.7,16,i,0,False,False,1,532,1.0,2,0.0,0.0,0.0,0.0,0.0,0.0,0.0,0.0,0.0,0.0,0.0,0.0,0.0,0.0,0.0,0.0,0.0,0.0,0.0,0.0,0.0,0.5,-1.0,6,0.3,139,1948,0.6000000238418579,0.0,1.0800000429153442,0.03999999910593033,0.019999999552965164,0.05000000074505806,0.09000000357627869,0.37,0.0,0.0,-0.1,3.0,Spurs,19,1,3.81,Leeds,13,0,2.74,Bournemouth,3,1,2.97,Chelsea,6,0,2.94,Aston Villa,2,1,3.09,0,0,5,False,True,3.17,-0.096,🟢 Easy,0.0,0.6,0.0,0.82,0.144,0.16
432,Kobbie Mainoo,Midfielder,Man Utd,5.5,16,d,75,False,False,1,532,1.0,2,5.666666666666667,4.5,84.0,6.071428571428572,0.0,0.3333333333333333,0.0,0.6666666666666666,3.3333333333333335,22.96666666666667,23.066666666666666,0.0,0.0,4.875,4.222222222222223,78.5,0.0,0.25,1.875,25.9375,4.0,0.5,0.0,6,1.6,7894,16034,3.200000047683716,1.0399999618530273,6.650000095367432,0.05000000074505806,0.10000000149011612,0.25,0.09000000357627869,2.91,0.953,2.32,-0.1,3.0,Spurs,19,1,3.81,Leeds,13,0,2.74,Bournemouth,3,1,2.97,Chelsea,6,0,2.94,Aston Villa,2,1,3.09,0,0,5,False,True,3.17,-0.096,🟢 Easy,0.0,3.2,0.0,3.17,0.576,5.48
433,Manuel Ugarte Ribeiro,Midfielder,Man Utd,5.0,16,i,0,False,False,1,532,1.0,2,0.0,0.0,0.0,0.0,0.0,0.0,0.0,0.0,0.0,0.0,0.0,0.0,0.0,0.0,0.0,0.0,0.0,0.0,0.0,0.0,0.0,0.5,0.0,6,0.0,25,26,0.41999998688697815,0.0,0.7300000190734863,0.03999999910593033,0.019999999552965164,0.03999999910593033,0.07999999821186066,0.33,0.0,0.0,-0.1,3.0,Spurs,19,1,3.81,Leeds,13,0,2.74,Bournemouth,3,1,2.97,Chelsea,6,0,2.94,Aston Villa,2,1,3.09,0,0,5,False,True,3.17,-0.096,🟢 Easy,0.0,0.42,0.0,0.57,0.114,0.11
434,Jack Fletcher,Midfielder,Man Utd,4.9,16,a,100,False,False,1,532,1.0,2,0.0,0.0,0.0,0.0,0.0,0.0,0.0,0.0,0.0,0.0,0.0,0.0,0.0,0.0,0.0,0.0,0.0,0.0,0.0,0.0,0.0,0.5,0.0,6,0.0,47,59,0.3799999952316284,0.0,0.6399999856948853,0.03999999910593033,0.019999999552965164,0.03999999910593033,0.07999999821186066,0.33,0.0,0.11,-0.1,3.0,Spurs,19,1,3.81,Leeds,13,0,2.74,Bournemouth,3,1,2.97,Chelsea,6,0,2.94,Aston Villa,2,1,3.09,0,0,5,False,True,3.17,-0.096,🟢 Easy,0.0,0.38,0.0,0.15,0.031,0.32
435,Shea Lacey,Midfielder,Man Utd,4.9,16,a,100,False,False,1,532,1.0,2,0.0,0.25,0.0,0.0,0.0,0.0,0.0,0.0,0.0,0.0,0.0,0.0,0.0,0.125,0.2962962962962964,1.25,0.0,0.0,0.0,0.075,1.0,0.5,0.0,6,0.1,387,375,0.3799999952316284,0.0,0.6399999856948853,0.03999999910593033,0.019999999552965164,0.03999999910593033,0.07999999821186066,0.33,0.0,0.11,-0.1,3.0,Spurs,19,1,3.81,Leeds,13,0,2.74,Bournemouth,3,1,2.97,Chelsea,6,0,2.94,Aston Villa,2,1,3.09,0,0,5,False,True,3.17,-0.096,🟢 Easy,0.0,0.38,0.0,0.15,0.031,0.32
436,Toby Collyer,Midfielder,Man Utd,5.0,16,u,0,False,False,1,532,1.0,2,0.0,0.0,0.0,0.0,0.0,0.0,0.0,0.0,0.0,0.0,0.0,0.0,0.0,0.0,0.0,0.0,0.0,0.0,0.0,0.0,0.0,0.5,0.0,6,0.0,0,49,0.41999998688697815,0.0,0.7300000190734863,0.03999999910593033,0.019999999552965164,0.03999999910593033,0.07999999821186066,0.33,0.0,0.0,-0.1,3.0,Spurs,19,1,3.81,Leeds,13,0,2.74,Bournemouth,3,1,2.97,Chelsea,6,0,2.94,Aston Villa,2,1,3.09,0,0,5,False,True,3.17,-0.096,🟢 Easy,0.0,0.42,0.0,0.57,0.114,0.11
437,Bendito Mantato,Midfielder,Man Utd,4.4,16,a,100,False,False,1,532,1.0,2,0.0,0.0,0.0,0.0,0.0,0.0,0.0,0.0,0.0,0.0,0.0,0.0,0.0,0.0,0.0,0.0,0.0,0.0,0.0,0.0,0.0,0.5,0.0,6,0.2,487,915,0.3799999952316284,0.0,0.44999998807907104,0.03999999910593033,0.019999999552965164,0.03999999910593033,0.07999999821186066,0.33,0.0,0.11,-0.1,3.0,Spurs,19,1,3.81,Leeds,13,0,2.74,Bournemouth,3,1,2.97,Chelsea,6,0,2.94,Aston Villa,2,1,3.09,0,0,5,False,True,3.17,-0.096,🟢 Easy,0.0,0.38,0.0,0.15,0.034,0.29
438,Tyler Fletcher,Midfielder,Man Utd,4.4,16,a,100,False,False,1,532,1.0,2,0.0,0.0,0.0,0.0,0.0,0.0,0.0,0.0,0.0,0.0,0.0,0.0,0.0,0.0,0.0,0.0,0.0,0.0,0.0,0.0,0.0,0.5,-1.0,6,0.3,2627,2212,0.3799999952316284,0.0,0.4099999964237213,0.03999999910593033,0.019999999552965164,0.03999999910593033,0.07999999821186066,0.33,0.0,0.11,-0.1,3.0,Spurs,19,1,3.81,Leeds,13,0,2.74,Bournemouth,3,1,2.97,Chelsea,6,0,2.94,Aston Villa,2,1,3.09,0,0,5,False,True,3.17,-0.096,🟢 Easy,0.0,0.38,0.0,0.15,0.034,0.28
439,Benjamin Sesko,Forward,Man Utd,7.0,16,d,75,False,False,1,532,1.0,2,2.3333333333333335,2.0,17.666666666666668,11.88679245283019,0.3333333333333333,0.0,0.0,0.0,9.0,3.8000000000000003,11.533333333333333,0.0,0.0,2.0,1.8888888888888888,20.625,0.25,0.0,8.625,1.775,4.0,0.5,0.0,6,1.6,6711,25209,2.450000047683716,0.05000000074505806,6.070000171661377,0.2800000011920929,0.05999999865889549,0.17000000178813934,0.2199999988079071,2.52,0.32,0.96,-0.1,3.0,Spurs,19,1,3.81,Leeds,13,0,2.74,Bournemouth,3,1,2.97,Chelsea,6,0,2.94,Aston Villa,2,1,3.09,0,0,5,False,True,3.17,-0.096,🟢 Easy,0.0,2.45,0.0,1.31,0.187,2.82
440,Joshua Zirkzee,Forward,Man Utd,5.3,16,a,100,False,False,1,532,1.0,2,0.3333333333333333,0.25,2.3333333333333335,12.857142857142856,0.0,0.0,0.0,0.0,0.0,1.5999999999999999,1.4666666666666668,0.0,0.0,0.5,0.3333333333333333,3.5,0.0,0.0,0.0,2.4,1.0,0.5,0.0,6,0.4,2077,3273,0.6800000071525574,0.0,1.3899999856948853,0.05000000074505806,0.05999999865889549,0.05999999865889549,0.10000000149011612,1.48,0.078,0.24,-0.1,3.0,Spurs,19,1,3.81,Leeds,13,0,2.74,Bournemouth,3,1,2.97,Chelsea,6,0,2.94,Aston Villa,2,1,3.09,0,0,5,False,True,3.17,-0.096,🟢 Easy,0.0,0.68,0.0,0.33,0.062,0.69
441,Chido Obi,Forward,Man Utd,4.5,16,u,0,False,False,1,532,1.0,2,0.0,0.0,0.0,0.0,0.0,0.0,0.0,0.0,0.0,0.0,0.0,0.0,0.0,0.0,0.0,0.0,0.0,0.0,0.0,0.0,0.0,0.5,0.0,6,0.9,0,11737,0.49000000953674316,0.0,0.6200000047683716,0.05000000074505806,0.05999999865889549,0.019999999552965164,0.10000000149011612,0.49,0.0,0.0,-0.1,3.0,Spurs,19,1,3.81,Leeds,13,0,2.74,Bournemouth,3,1,2.97,Chelsea,6,0,2.94,Aston Villa,2,1,3.09,0,0,5,False,True,3.17,-0.096,🟢 Easy,0.0,0.49,0.0,0.67,0.149,0.09
405,Nico González Iglesias,Midfielder,Newcastle,5.5,17,a,100,False,False,0,555,1.0,2,1.6666666666666667,1.25,54.666666666666664,2.7439024390243905,0.0,0.0,0.3333333333333333,0.0,0.6666666666666666,14.0,4.466666666666667,0.0,0.3333333333333333,1.25,1.0740740740740742,36.75,0.0,0.0,0.5,6.8374999999999995,3.0,0.5,0.0,6,0.2,662,1880,1.6100000143051147,0.11999999731779099,3.9600000381469727,0.05000000074505806,0.029999999329447746,0.20000000298023224,0.09000000357627869,1.42,0.705,1.28,-0.1,1.4,Coventry City,7,0,2.94,Aston Villa,2,1,2.0,Crystal Palace,8,0,3.94,Everton,9,1,2.66,Fulham,10,0,2.59,0,0,5,False,False,2.08,0.352,🟢 Easy,0.0,1.61,0.0,2.1,0.382,3.14
442,Nick Pope,Goalkeeper,Newcastle,4.9,17,a,100,False,False,0,555,1.0,2,0.0,0.0,0.0,0.0,0.0,0.0,0.0,0.0,0.0,0.0,0.0,0.0,0.0,0.0,0.0,0.0,0.0,0.0,0.0,0.0,0.0,0.5,0.0,6,0.9,910,3268,0.2199999988079071,0.0,0.5,0.0,0.0,0.03999999910593033,0.05000000074505806,0.05,0.0,0.07,-0.1,1.4,Coventry City,7,0,2.94,Aston Villa,2,1,2.0,Crystal Palace,8,0,3.94,Everton,9,1,2.66,Fulham,10,0,2.59,0,0,5,False,False,2.08,0.352,🟢 Easy,0.0,0.22,0.0,0.12,0.024,0.22
443,Mark Gillespie,Goalkeeper,Newcastle,4.5,17,a,100,False,False,0,555,1.0,2,0.0,0.0,0.0,0.0,0.0,0.0,0.0,0.0,0.0,0.0,0.0,0.0,0.0,0.0,0.0,0.0,0.0,0.0,0.0,0.0,0.0,0.5,0.0,6,0.0,46,91,0.1899999976158142,0.0,0.3499999940395355,0.0,0.0,0.029999999329447746,0.05000000074505806,0.05,0.0,0.06,-0.1,1.4,Coventry City,7,0,2.94,Aston Villa,2,1,2.0,Crystal Palace,8,0,3.94,Everton,9,1,2.66,Fulham,10,0,2.59,0,0,5,False,False,2.08,0.352,🟢 Easy,0.0,0.19,0.0,0.11,0.024,0.17
444,Ewen Jaouen,Goalkeeper,Newcastle,4.4,17,d,50,False,False,0,555,1.0,2,0.0,0.0,0.0,0.0,0.0,0.0,0.0,0.0,0.0,0.0,0.0,0.0,0.0,0.0,0.0,0.0,0.0,0.0,0.0,0.0,0.0,0.5,0.0,6,0.0,20,123,0.12999999523162842,0.0,0.05999999865889549,0.0,0.0,0.029999999329447746,0.05000000074505806,0.05,0.0,0.02,-0.1,1.4,Coventry City,7,0,2.94,Aston Villa,2,1,2.0,Crystal Palace,8,0,3.94,Everton,9,1,2.66,Fulham,10,0,2.59,0,0,5,False,False,2.08,0.352,🟢 Easy,0.0,0.13,0.0,0.04,0.009,0.05
445,Malick Thiaw,Defender,Newcastle,5.0,17,a,100,False,False,0,555,1.0,2,2.3333333333333335,2.5,90.0,2.3333333333333335,0.0,0.0,0.3333333333333333,0.0,0.6666666666666666,4.9,12.333333333333334,0.0,0.0,1.875,2.2222222222222223,90.0,0.0,0.0,0.5,3.7375000000000003,4.0,0.5,0.0,6,2.2,9228,10656,2.619999885559082,0.05000000074505806,5.699999809265137,0.029999999329447746,0.029999999329447746,0.11999999731779099,0.07000000029802322,2.79,1.0,2.62,-0.1,1.4,Coventry City,7,0,2.94,Aston Villa,2,1,2.0,Crystal Palace,8,0,3.94,Everton,9,1,2.66,Fulham,10,0,2.59,0,0,5,False,False,2.08,0.352,🟢 Easy,0.0,2.62,0.0,4.9,0.98,6.09
446,Fabian Schär,Defender,Newcastle,4.9,17,a,100,False,False,0,555,1.0,2,0.0,0.25,0.0,0.0,0.0,0.0,0.0,0.0,0.0,0.0,0.0,0.0,0.0,0.125,0.2962962962962964,0.125,0.0,0.0,0.0,0.0,1.0,0.5,-1.0,6,0.2,595,949,0.6200000047683716,0.0,1.8200000524520874,0.019999999552965164,0.019999999552965164,0.10000000149011612,0.03999999910593033,0.23,0.0,0.19,-0.1,1.4,Coventry City,7,0,2.94,Aston Villa,2,1,2.0,Crystal Palace,8,0,3.94,Everton,9,1,2.66,Fulham,10,0,2.59,0,0,5,False,False,2.08,0.352,🟢 Easy,0.0,0.62,0.0,0.36,0.073,0.65
447,Sven Botman,Defender,Newcastle,5.0,17,a,100,False,False,0,555,1.0,2,2.6666666666666665,2.75,90.0,2.6666666666666665,0.0,0.0,0.3333333333333333,0.0,2.0,1.0000000000000002,22.8,0.0,0.3333333333333333,2.25,2.518518518518519,90.0,0.0,0.0,1.25,0.6375000000000001,4.0,0.5,0.0,6,0.7,5141,3235,2.569999933242798,0.05000000074505806,6.619999885559082,0.029999999329447746,0.07000000029802322,0.11999999731779099,0.05999999865889549,2.9,1.0,2.57,-0.1,1.4,Coventry City,7,0,2.94,Aston Villa,2,1,2.0,Crystal Palace,8,0,3.94,Everton,9,1,2.66,Fulham,10,0,2.59,0,0,5,False,False,2.08,0.352,🟢 Easy,0.0,2.57,0.0,4.8,0.96,6.13
448,Dan Burn,Defender,Newcastle,4.8,17,i,0,False,False,0,555,1.0,2,0.0,0.0,0.0,0.0,0.0,0.0,0.0,0.0,0.0,0.0,0.0,0.0,0.0,0.0,0.0,0.0,0.0,0.0,0.0,0.0,0.0,0.5,0.0,6,0.7,119,6088,0.6200000047683716,0.0,1.8200000524520874,0.019999999552965164,0.019999999552965164,0.10000000149011612,0.03999999910593033,0.22,0.0,0.0,-0.1,1.4,Coventry City,7,0,2.94,Aston Villa,2,1,2.0,Crystal Palace,8,0,3.94,Everton,9,1,2.66,Fulham,10,0,2.59,0,0,5,False,False,2.08,0.352,🟢 Easy,0.0,0.62,0.0,1.16,0.242,0.27
449,Lewis Hall,Defender,Newcastle,5.3,17,a,100,False,False,0,555,1.0,2,5.0,4.5,89.66666666666667,5.018587360594795,0.0,0.3333333333333333,0.3333333333333333,1.0,4.666666666666667,14.866666666666667,29.333333333333332,0.0,0.0,2.75,3.4074074074074074,89.75,0.0,0.25,4.75,10.612499999999999,4.0,0.5,0.0,6,17.4,258030,22614,2.5899999141693115,0.05000000074505806,6.760000228881836,0.029999999329447746,0.1599999964237213,0.10000000149011612,0.20000000298023224,3.26,0.997,2.59,-0.1,1.4,Coventry City,7,0,2.94,Aston Villa,2,1,2.0,Crystal Palace,8,0,3.94,Everton,9,1,2.66,Fulham,10,0,2.59,0,0,5,False,False,2.08,0.352,🟢 Easy,0.0,2.59,0.0,4.84,0.913,6.19
450,Tino Livramento,Defender,Newcastle,4.9,17,d,75,False,False,0,555,1.0,2,1.3333333333333333,1.0,11.0,10.909090909090908,0.0,0.3333333333333333,0.0,0.0,1.3333333333333333,1.2666666666666666,1.6666666666666667,0.0,0.3333333333333333,1.75,1.2222222222222223,16.25,0.0,0.5,2.0,1.9,2.0,0.5,0.0,6,0.1,457,1573,1.059999942779541,0.0,3.0899999141693115,0.019999999552965164,0.019999999552965164,0.10999999940395355,0.029999999329447746,1.22,0.23,0.37,-0.1,1.4,Coventry City,7,0,2.94,Aston Villa,2,1,2.0,Crystal Palace,8,0,3.94,Everton,9,1,2.66,Fulham,10,0,2.59,0,0,5,False,False,2.08,0.352,🟢 Easy,0.0,1.06,0.0,0.69,0.141,1.2
451,Alex Murphy,Defender,Newcastle,4.0,17,u,0,False,False,0,555,1.0,2,0.0,0.0,0.0,0.0,0.0,0.0,0.0,0.0,0.0,0.0,0.0,0.0,0.0,0.0,0.0,0.0,0.0,0.0,0.0,0.0,0.0,0.5,0.0,6,0.1,0,309,0.36000001430511475,0.0,0.2199999988079071,0.019999999552965164,0.019999999552965164,0.09000000357627869,0.029999999329447746,0.22,0.0,0.0,-0.1,1.4,Coventry City,7,0,2.94,Aston Villa,2,1,2.0,Crystal Palace,8,0,3.94,Everton,9,1,2.66,Fulham,10,0,2.59,0,0,5,False,False,2.08,0.352,🟢 Easy,0.0,0.36,0.0,0.67,0.168,0.03
453,Harvey Barnes,Midfielder,Newcastle,6.1,17,a,100,False,False,0,555,1.0,2,5.666666666666667,4.75,90.0,5.666666666666667,0.3333333333333333,0.3333333333333333,0.3333333333333333,0.6666666666666666,20.0,13.9,17.466666666666665,0.0,0.0,4.625,4.370370370370371,90.0,0.25,0.25,22.75,12.162500000000001,4.0,0.5,0.0,6,5.8,170392,20835,4.070000171661377,1.159999966621399,10.069999694824219,0.12999999523162842,0.10999999940395355,0.3199999928474426,0.4099999964237213,3.72,1.0,4.07,-0.1,1.4,Coventry City,7,0,2.94,Aston Villa,2,1,2.0,Crystal Palace,8,0,3.94,Everton,9,1,2.66,Fulham,10,0,2.59,0,0,5,False,False,2.08,0.352,🟢 Easy,0.0,4.07,0.0,6.67,1.093,9.48
454,Anthony Elanga,Midfielder,Newcastle,6.1,17,i,0,False,False,0,555,1.0,2,3.0,4.5,52.333333333333336,5.159235668789808,0.3333333333333333,0.0,0.3333333333333333,0.0,11.0,15.700000000000001,15.066666666666665,0.0,0.3333333333333333,2.375,4.074074074074075,38.5,0.25,0.0,8.125,10.3,3.0,0.5,0.0,6,4.5,347,171623,1.7799999713897705,0.4399999976158142,6.619999885559082,0.07000000029802322,0.029999999329447746,0.23000000417232513,0.09000000357627869,1.52,0.684,0.0,-0.1,1.4,Coventry City,7,0,2.94,Aston Villa,2,1,2.0,Crystal Palace,8,0,3.94,Everton,9,1,2.66,Fulham,10,0,2.59,0,0,5,False,False,2.08,0.352,🟢 Easy,0.0,1.78,0.0,2.92,0.479,0.93
456,Jacob Ramsey,Midfielder,Newcastle,4.9,17,i,0,False,False,0,555,1.0,2,2.3333333333333335,1.75,11.666666666666666,18.0,0.3333333333333333,0.0,0.0,0.0,5.666666666666667,1.6666666666666667,10.866666666666667,0.0,0.0,1.625,1.4814814814814816,12.0,0.25,0.0,4.75,0.8875,3.0,0.5,0.0,6,0.2,74,4895,0.8100000023841858,0.0,3.200000047683716,0.03999999910593033,0.2199999988079071,0.05000000074505806,0.09000000357627869,1.99,0.239,0.0,-0.1,1.4,Coventry City,7,0,2.94,Aston Villa,2,1,2.0,Crystal Palace,8,0,3.94,Everton,9,1,2.66,Fulham,10,0,2.59,0,0,5,False,False,2.08,0.352,🟢 Easy,0.0,0.81,0.0,1.33,0.271,0.48
457,Jacob Murphy,Midfielder,Newcastle,5.9,17,a,100,False,False,0,555,1.0,2,0.6666666666666666,0.5,25.666666666666668,2.3376623376623376,0.0,0.0,0.0,0.0,1.3333333333333333,2.3666666666666667,1.2,0.0,0.3333333333333333,0.375,0.3703703703703704,34.0,0.0,0.0,1.5,2.325,4.0,0.5,0.0,6,0.1,1015,834,1.399999976158142,0.009999999776482582,3.859999895095825,0.05000000074505806,0.05999999865889549,0.09000000357627869,0.09000000357627869,1.52,0.416,0.83,-0.1,1.4,Coventry City,7,0,2.94,Aston Villa,2,1,2.0,Crystal Palace,8,0,3.94,Everton,9,1,2.66,Fulham,10,0,2.59,0,0,5,False,False,2.08,0.352,🟢 Easy,0.0,1.4,0.0,1.36,0.231,2.24
458,Joelinton Cássio Apolinário de Lira,Midfielder,Newcastle,5.4,17,i,0,False,False,0,555,1.0,2,0.0,0.0,0.0,0.0,0.0,0.0,0.0,0.0,0.0,0.0,0.0,0.0,0.0,0.0,0.0,0.0,0.0,0.0,0.0,0.0,0.0,0.5,0.0,6,0.0,21,84,0.46000000834465027,0.0,0.9300000071525574,0.03999999910593033,0.019999999552965164,0.05000000074505806,0.09000000357627869,0.36,0.0,0.0,-0.1,1.4,Coventry City,7,0,2.94,Aston Villa,2,1,2.0,Crystal Palace,8,0,3.94,Everton,9,1,2.66,Fulham,10,0,2.59,0,0,5,False,False,2.08,0.352,🟢 Easy,0.0,0.46,0.0,0.75,0.139,0.14
459,Lewis Miley,Midfielder,Newcastle,5.5,17,d,75,False,False,0,555,1.0,2,1.6666666666666667,2.0,77.0,1.9480519480519483,0.0,0.0,0.3333333333333333,0.0,0.6666666666666666,6.766666666666666,7.0,0.0,0.0,1.25,1.777777777777778,75.625,0.0,0.0,0.875,7.0375,4.0,0.5,0.0,6,0.1,491,555,2.2899999618530273,0.25,4.440000057220459,0.05000000074505806,0.03999999910593033,0.17000000178813934,0.09000000357627869,2.62,0.897,1.59,-0.1,1.4,Coventry City,7,0,2.94,Aston Villa,2,1,2.0,Crystal Palace,8,0,3.94,Everton,9,1,2.66,Fulham,10,0,2.59,0,0,5,False,False,2.08,0.352,🟢 Easy,0.0,2.29,0.0,2.61,0.475,3.81
460,Joe Willock,Midfielder,Newcastle,5.0,17,a,100,False,False,0,555,1.0,2,2.0,3.0,54.666666666666664,3.2926829268292686,0.0,0.0,0.3333333333333333,0.0,12.333333333333334,6.6000000000000005,4.533333333333333,0.0,0.0,2.125,3.000000000000001,44.5,0.125,0.0,13.875,9.475000000000001,4.0,0.5,0.0,6,0.6,10181,2949,1.809999942779541,0.15000000596046448,5.760000228881836,0.05999999865889549,0.03999999910593033,0.23000000417232513,0.07999999821186066,1.47,0.705,1.44,-0.1,1.4,Coventry City,7,0,2.94,Aston Villa,2,1,2.0,Crystal Palace,8,0,3.94,Everton,9,1,2.66,Fulham,10,0,2.59,0,0,5,False,False,2.08,0.352,🟢 Easy,0.0,1.81,0.0,2.36,0.472,3.72
461,Bazoumana Touré,Midfielder,Newcastle,5.8,17,a,100,False,False,0,555,1.0,2,2.3333333333333335,1.75,11.333333333333334,18.52941176470588,0.3333333333333333,0.0,0.0,0.0,7.0,1.7666666666666666,12.200000000000001,0.0,0.0,3.125,2.1481481481481484,16.625,0.5,0.0,10.5,2.65,2.0,0.5,0.0,6,0.1,345,895,1.8799999952316284,0.0,4.53000020980835,0.07999999821186066,0.03999999910593033,0.07999999821186066,0.10000000149011612,1.6,0.234,0.87,-0.1,1.4,Coventry City,7,0,2.94,Aston Villa,2,1,2.0,Crystal Palace,8,0,3.94,Everton,9,1,2.66,Fulham,10,0,2.59,0,0,5,False,False,2.08,0.352,🟢 Easy,0.0,1.88,0.0,1.43,0.247,2.42
462,Sean Steur,Midfielder,Newcastle,4.9,17,a,100,False,False,0,555,1.0,2,1.3333333333333333,1.25,34.333333333333336,3.495145631067961,0.0,0.0,0.0,0.0,0.0,6.8999999999999995,6.333333333333333,0.0,0.0,1.5,1.3333333333333335,48.0,0.0,0.0,0.0,10.375,4.0,0.5,0.0,6,0.1,277,400,1.6399999856948853,0.019999999552965164,3.4700000286102295,0.03999999910593033,0.029999999329447746,0.18000000715255737,0.07999999821186066,1.39,0.509,1.08,-0.1,1.4,Coventry City,7,0,2.94,Aston Villa,2,1,2.0,Crystal Palace,8,0,3.94,Everton,9,1,2.66,Fulham,10,0,2.59,0,0,5,False,False,2.08,0.352,🟢 Easy,0.0,1.64,0.0,1.77,0.361,2.68
463,Nick Woltemade,Forward,Newcastle,5.9,17,u,0,False,False,0,555,1.0,2,1.3333333333333333,1.0,6.333333333333333,18.94736842105263,0.0,0.3333333333333333,0.0,0.0,3.6666666666666665,3.5,6.066666666666666,0.0,0.0,0.5,0.5925925925925927,2.375,0.0,0.125,1.375,1.3125,1.0,0.5,0.0,6,0.5,0,3910,1.8899999856948853,0.0,3.319999933242798,0.23999999463558197,0.05999999865889549,0.10999999940395355,0.20000000298023224,2.34,0.156,0.0,-0.1,1.4,Coventry City,7,0,2.94,Aston Villa,2,1,2.0,Crystal Palace,8,0,3.94,Everton,9,1,2.66,Fulham,10,0,2.59,0,0,5,False,False,2.08,0.352,🟢 Easy,0.0,1.89,0.0,3.1,0.525,0.5
464,Yoane Wissa,Forward,Newcastle,6.2,17,a,100,False,False,0,555,1.0,2,3.6666666666666665,3.75,87.0,3.793103448275862,0.3333333333333333,0.0,0.3333333333333333,0.6666666666666666,19.333333333333332,13.033333333333333,12.600000000000001,0.0,0.3333333333333333,2.75,3.25925925925926,88.875,0.125,0.125,15.25,15.9,4.0,0.5,0.0,6,18.7,94010,145983,4.119999885559082,0.05000000074505806,7.650000095367432,0.3400000035762787,0.05999999865889549,0.20000000298023224,0.30000001192092896,3.84,0.977,4.05,-0.1,1.4,Coventry City,7,0,2.94,Aston Villa,2,1,2.0,Crystal Palace,8,0,3.94,Everton,9,1,2.66,Fulham,10,0,2.59,0,0,5,False,False,2.08,0.352,🟢 Easy,0.0,4.12,0.0,6.64,1.071,9.24
465,William Osula,Forward,Newcastle,5.8,17,i,0,False,False,0,555,1.0,2,0.0,1.0,0.0,0.0,0.0,0.0,0.0,0.0,0.0,0.0,0.0,0.0,0.0,0.5,1.1851851851851856,6.875,0.0,0.125,1.0,1.7125,1.0,0.5,0.0,6,0.3,132,2526,2.049999952316284,0.0,3.759999990463257,0.2199999988079071,0.05999999865889549,0.10999999940395355,0.20000000298023224,1.29,0.0,0.0,-0.1,1.4,Coventry City,7,0,2.94,Aston Villa,2,1,2.0,Crystal Palace,8,0,3.94,Everton,9,1,2.66,Fulham,10,0,2.59,0,0,5,False,False,2.08,0.352,🟢 Easy,0.0,2.05,0.0,3.36,0.579,0.56
466,Sean Neave,Forward,Newcastle,4.5,17,u,0,False,False,0,555,1.0,2,0.0,0.0,0.0,0.0,0.0,0.0,0.0,0.0,0.0,0.0,0.0,0.0,0.0,0.0,0.0,0.0,0.0,0.0,0.0,0.0,0.0,0.5,0.0,6,0.5,0,4052,0.47999998927116394,0.0,0.6200000047683716,0.05000000074505806,0.05999999865889549,0.019999999552965164,0.10000000149011612,0.49,0.0,0.0,-0.1,1.4,Coventry City,7,0,2.94,Aston Villa,2,1,2.0,Crystal Palace,8,0,3.94,Everton,9,1,2.66,Fulham,10,0,2.59,0,0,5,False,False,2.08,0.352,🟢 Easy,0.0,0.48,0.0,0.79,0.176,0.09
559,Aladji Bamba,Midfielder,Newcastle,4.9,17,a,100,False,False,0,555,1.0,2,0.3333333333333333,0.5,3.3333333333333335,9.0,0.0,0.0,0.0,0.0,0.0,0.09999999999999999,0.4666666666666666,0.0,0.0,0.625,0.6296296296296298,6.75,0.0,0.0,0.0,0.15,2.0,0.5,0.0,6,0.1,131,508,0.6100000143051147,0.0,1.2599999904632568,0.03999999910593033,0.019999999552965164,0.029999999329447746,0.07999999821186066,1.34,0.1,0.23,-0.1,1.4,Coventry City,7,0,2.94,Aston Villa,2,1,2.0,Crystal Palace,8,0,3.94,Everton,9,1,2.66,Fulham,10,0,2.59,0,0,5,False,False,2.08,0.352,🟢 Easy,0.0,0.61,0.0,0.38,0.078,0.65
567,Lukás Hornícek,Goalkeeper,Newcastle,5.0,17,a,100,False,False,0,555,1.0,2,3.3333333333333335,2.75,90.0,3.333333333333334,0.0,0.0,0.3333333333333333,0.0,0.0,0.0,32.46666666666667,3.6666666666666665,0.0,2.0,2.111111111111111,90.0,0.0,0.0,0.0,0.0,4.0,0.5,0.0,6,1.5,7563,5349,1.8200000524520874,0.0,4.150000095367432,0.0,0.0,0.07999999821186066,0.10000000149011612,2.44,1.0,1.82,-0.1,1.4,Coventry City,7,0,2.94,Aston Villa,2,1,2.0,Crystal Palace,8,0,3.94,Everton,9,1,2.66,Fulham,10,0,2.59,0,0,5,False,False,2.08,0.352,🟢 Easy,0.0,1.82,0.0,3.19,0.638,4.26
593,Amar Dedic,Defender,Newcastle,4.5,17,i,0,False,False,0,555,1.0,2,4.0,3.25,79.0,4.556962025316456,0.0,0.3333333333333333,0.3333333333333333,0.6666666666666666,3.3333333333333335,13.166666666666664,17.866666666666667,0.0,0.0,1.75,2.1481481481481484,73.5,0.0,0.125,3.125,6.9,4.0,0.5,0.0,6,1.8,277,39004,1.9700000286102295,0.05000000074505806,7.079999923706055,0.029999999329447746,0.029999999329447746,0.11999999731779099,0.1599999964237213,2.87,0.913,0.0,-0.1,1.4,Coventry City,7,0,2.94,Aston Villa,2,1,2.0,Crystal Palace,8,0,3.94,Everton,9,1,2.66,Fulham,10,0,2.59,0,0,5,False,False,2.08,0.352,🟢 Easy,0.0,1.97,0.0,3.68,0.818,1.05
609,Leo Shahar,Defender,Newcastle,4.0,17,u,0,False,False,0,555,1.0,2,0.0,0.0,0.0,0.0,0.0,0.0,0.0,0.0,0.0,0.0,0.0,0.0,0.0,0.0,0.0,0.0,0.0,0.0,0.0,0.0,0.0,0.5,0.0,6,0.2,0,1921,0.36000001430511475,0.0,0.2199999988079071,0.019999999552965164,0.019999999552965164,0.09000000357627869,0.029999999329447746,0.22,0.0,0.0,-0.1,1.4,Coventry City,7,0,2.94,Aston Villa,2,1,2.0,Crystal Palace,8,0,3.94,Everton,9,1,2.66,Fulham,10,0,2.59,0,0,5,False,False,2.08,0.352,🟢 Easy,0.0,0.36,0.0,0.67,0.168,0.03
634,Matias Fernandez-Pardo,Forward,Newcastle,6.0,17,a,100,False,False,0,555,1.0,2,1.0,1.0,42.0,2.142857142857143,0.0,0.0,0.0,0.0,5.0,5.8500000000000005,1.1,0.0,0.0,1.0,1.0,42.0,0.0,0.0,5.0,5.8500000000000005,2.0,0.5,0.0,6,0.1,2192,1486,2.8499999046325684,0.05000000074505806,4.869999885559082,0.3499999940395355,0.05999999865889549,0.11999999731779099,0.20999999344348907,2.78,0.587,2.03,-0.1,1.4,Coventry City,7,0,2.94,Aston Villa,2,1,2.0,Crystal Palace,8,0,3.94,Everton,9,1,2.66,Fulham,10,0,2.59,0,0,5,False,False,2.08,0.352,🟢 Easy,0.0,2.85,0.0,3.33,0.555,4.78
659,Mason Miley,Midfielder,Newcastle,4.5,17,a,100,False,False,0,555,1.0,2,0.0,0.0,0.0,0.0,0.0,0.0,0.0,0.0,0.0,0.0,0.0,0.0,0.0,0.0,0.0,0.0,0.0,0.0,0.0,0.0,0.0,0.5,0.0,6,0.0,1466,663,0.3799999952316284,0.0,0.44999998807907104,0.03999999910593033,0.019999999552965164,0.029999999329447746,0.07999999821186066,0.33,0.0,0.11,-0.1,1.4,Coventry City,7,0,2.94,Aston Villa,2,1,2.0,Crystal Palace,8,0,3.94,Everton,9,1,2.66,Fulham,10,0,2.59,0,0,5,False,False,2.08,0.352,🟢 Easy,0.0,0.38,0.0,0.18,0.04,0.29
663,Miodrag Pivas,Defender,Newcastle,4.0,17,a,100,False,False,0,555,1.0,2,,,,0.0,,,,,,,,,,,,,,,,,,,0.0,6,0.0,421,64,0.5299999713897705,0.0,1.409999966621399,0.019999999552965164,0.019999999552965164,0.09000000357627869,0.029999999329447746,0.22,,,-0.1,1.4,Coventry City,7,0,2.94,Aston Villa,2,1,2.0,Crystal Palace,8,0,3.94,Everton,9,1,2.66,Fulham,10,0,2.59,0,0,5,False,False,2.08,0.352,🟢 Easy,0.0,0.53,0.0,0.99,0.248,
664,Vakhtang Salia,Forward,Newcastle,4.5,17,a,100,False,False,0,555,1.0,2,,,,0.0,,,,,,,,,,,,,,,,,,,0.0,6,0.1,10283,1715,0.47999998927116394,0.0,1.5399999618530273,0.05000000074505806,0.05999999865889549,0.029999999329447746,0.11999999731779099,0.51,,,-0.1,1.4,Coventry City,7,0,2.94,Aston Villa,2,1,2.0,Crystal Palace,8,0,3.94,Everton,9,1,2.66,Fulham,10,0,2.59,0,0,5,False,False,2.08,0.352,🟢 Easy,0.0,0.48,0.0,0.79,0.176,
665,Michael Mills,Midfielder,Newcastle,4.5,17,a,100,False,False,0,555,1.0,2,,,,0.0,,,,,,,,,,,,,,,,,,,0.0,6,0.0,170,32,0.5099999904632568,0.0,1.3200000524520874,0.03999999910593033,0.019999999552965164,0.05999999865889549,0.07999999821186066,0.35,,,-0.1,1.4,Coventry City,7,0,2.94,Aston Villa,2,1,2.0,Crystal Palace,8,0,3.94,Everton,9,1,2.66,Fulham,10,0,2.59,0,0,5,False,False,2.08,0.352,🟢 Easy,0.0,0.51,0.0,0.84,0.187,
666,Kyran Thompson,Midfielder,Newcastle,4.5,17,a,100,False,False,0,555,1.0,2,,,,0.0,,,,,,,,,,,,,,,,,,,0.0,6,0.0,248,36,0.5099999904632568,0.0,1.3200000524520874,0.03999999910593033,0.019999999552965164,0.05999999865889549,0.07999999821186066,0.35,,,-0.1,1.4,Coventry City,7,0,2.94,Aston Villa,2,1,2.0,Crystal Palace,8,0,3.94,Everton,9,1,2.66,Fulham,10,0,2.59,0,0,5,False,False,2.08,0.352,🟢 Easy,0.0,0.51,0.0,0.84,0.187,
167,Liam Delap,Forward,Nott'm Forest,5.6,18,a,100,False,False,0,101,1.0,3,2.6666666666666665,2.0,62.333333333333336,3.8502673796791442,0.3333333333333333,0.0,0.3333333333333333,0.0,16.666666666666668,14.5,11.666666666666666,0.0,0.3333333333333333,3.125,2.259259259259259,66.25,0.5,0.0,21.125,12.7625,3.0,0.25,0.0,6,2.7,25664,29803,4.210000038146973,0.0,8.789999961853027,0.36000001430511475,0.05999999865889549,0.28999999165534973,0.36000001430511475,3.97,0.773,3.54,-0.1,2.0,Crystal Palace,8,0,3.73,Arsenal,1,1,2.67,Ipswich Town,12,0,4.1,Brentford,4,0,4.28,Man City,15,1,3.36,0,0,5,False,False,2.74,0.493,🟡 Moderate,0.0,4.21,0.0,5.06,0.904,8.4
201,Daniel Muñoz Mejía,Defender,Nott'm Forest,5.4,18,a,100,False,False,0,101,1.0,3,1.0,0.75,40.333333333333336,2.2314049586776856,0.0,0.0,0.0,0.0,14.333333333333334,18.9,11.333333333333334,0.0,0.0,1.25,0.8888888888888888,59.5,0.0,0.0,23.125,28.375,3.0,0.5,0.0,6,5.7,8272,31362,1.7599999904632568,0.0,5.139999866485596,0.029999999329447746,0.019999999552965164,0.11999999731779099,0.05000000074505806,1.27,0.57,1.23,-0.1,2.0,Crystal Palace,8,0,3.73,Arsenal,1,1,2.67,Ipswich Town,12,0,4.1,Brentford,4,0,4.28,Man City,15,1,3.36,0,0,5,False,False,2.74,0.493,🟡 Moderate,0.0,1.76,0.0,1.99,0.369,3.23
467,Matz Sels,Goalkeeper,Nott'm Forest,5.0,18,a,100,False,False,0,101,1.0,3,3.3333333333333335,3.0,90.0,3.333333333333334,0.0,0.0,0.3333333333333333,0.0,0.0,0.0,18.0,2.3333333333333335,0.0,3.375,3.074074074074075,90.0,0.0,0.0,0.0,0.0,4.0,0.5,0.0,6,1.6,2124,6445,2.9100000858306885,0.0,7.849999904632568,0.0,0.0,0.33000001311302185,0.10000000149011612,3.4,1.0,2.91,-0.1,2.0,Crystal Palace,8,0,3.73,Arsenal,1,1,2.67,Ipswich Town,12,0,4.1,Brentford,4,0,4.28,Man City,15,1,3.36,0,0,5,False,False,2.74,0.493,🟡 Moderate,0.0,2.91,0.0,4.43,0.886,7.0
468,John Victor Maciel Furtado,Goalkeeper,Nott'm Forest,4.5,18,a,100,False,False,0,101,1.0,3,0.0,0.0,0.0,0.0,0.0,0.0,0.0,0.0,0.0,0.0,0.0,0.0,0.0,0.0,0.0,0.0,0.0,0.0,0.0,0.0,0.0,0.5,0.0,6,0.1,66,164,0.20999999344348907,0.0,0.6200000047683716,0.0,0.0,0.03999999910593033,0.05000000074505806,0.05,0.0,0.06,-0.1,2.0,Crystal Palace,8,0,3.73,Arsenal,1,1,2.67,Ipswich Town,12,0,4.1,Brentford,4,0,4.28,Man City,15,1,3.36,0,0,5,False,False,2.74,0.493,🟡 Moderate,0.0,0.21,0.0,0.09,0.02,0.21
469,Neco Williams,Defender,Nott'm Forest,5.0,18,a,100,False,False,0,101,1.0,3,5.0,4.25,90.0,5.0,0.0,0.3333333333333333,0.3333333333333333,0.3333333333333333,6.666666666666667,18.7,18.2,0.0,0.0,3.75,3.7037037037037037,90.0,0.0,0.125,7.5,16.5625,4.0,0.5,0.0,6,8.7,11743,49074,1.9600000381469727,0.05000000074505806,6.739999771118164,0.029999999329447746,0.029999999329447746,0.09000000357627869,0.10000000149011612,2.69,1.0,1.96,-0.1,2.0,Crystal Palace,8,0,3.73,Arsenal,1,1,2.67,Ipswich Town,12,0,4.1,Brentford,4,0,4.28,Man City,15,1,3.36,0,0,5,False,False,2.74,0.493,🟡 Moderate,0.0,1.96,0.0,3.17,0.634,4.92
470,Felipe Rodrigues da Silva,Defender,Nott'm Forest,5.0,18,u,0,False,False,0,101,1.0,3,0.0,0.0,0.0,0.0,0.0,0.0,0.0,0.0,0.0,0.0,0.0,0.0,0.0,0.0,0.0,0.0,0.0,0.0,0.0,0.0,0.0,0.5,0.0,6,0.0,0,123,0.6299999952316284,0.0,1.8799999952316284,0.019999999552965164,0.019999999552965164,0.10000000149011612,0.05000000074505806,0.24,0.0,0.0,-0.1,2.0,Crystal Palace,8,0,3.73,Arsenal,1,1,2.67,Ipswich Town,12,0,4.1,Brentford,4,0,4.28,Man City,15,1,3.36,0,0,5,False,False,2.74,0.493,🟡 Moderate,0.0,0.63,0.0,1.02,0.204,0.28
471,Nikola Milenković,Defender,Nott'm Forest,5.4,18,i,0,False,False,0,101,1.0,3,3.3333333333333335,3.0,60.0,5.0,0.0,0.0,0.3333333333333333,0.0,0.6666666666666666,0.26666666666666666,15.200000000000001,0.0,0.3333333333333333,2.375,2.592592592592593,45.0,0.0,0.0,2.25,0.275,3.0,0.5,0.0,6,1.0,68,12761,2.2699999809265137,0.0,6.980000019073486,0.029999999329447746,0.029999999329447746,0.10999999940395355,0.17000000178813934,2.87,0.753,0.0,-0.1,2.0,Crystal Palace,8,0,3.73,Arsenal,1,1,2.67,Ipswich Town,12,0,4.1,Brentford,4,0,4.28,Man City,15,1,3.36,0,0,5,False,False,2.74,0.493,🟡 Moderate,0.0,2.27,0.0,3.67,0.68,1.05
472,Murillo Costa dos Santos,Defender,Nott'm Forest,5.5,18,a,100,False,False,0,101,1.0,3,5.0,4.75,89.66666666666667,5.018587360594795,0.0,0.3333333333333333,0.3333333333333333,0.0,6.0,4.133333333333334,20.666666666666668,0.0,0.3333333333333333,5.625,5.111111111111112,89.75,0.0,0.5,3.5,9.025,4.0,0.5,0.0,6,2.1,9076,8620,2.059999942779541,0.05000000074505806,6.579999923706055,0.029999999329447746,0.07999999821186066,0.09000000357627869,0.07999999821186066,2.82,0.997,2.06,-0.1,2.0,Crystal Palace,8,0,3.73,Arsenal,1,1,2.67,Ipswich Town,12,0,4.1,Brentford,4,0,4.28,Man City,15,1,3.36,0,0,5,False,False,2.74,0.493,🟡 Moderate,0.0,2.06,0.0,3.33,0.605,5.1
473,Ola Aina,Defender,Nott'm Forest,4.4,18,a,100,False,False,0,101,1.0,3,1.0,2.0,77.66666666666667,1.1587982832618027,0.0,0.0,0.0,0.0,1.3333333333333333,5.8999999999999995,14.066666666666668,0.0,0.3333333333333333,1.875,2.370370370370371,79.25,0.0,0.0,1.875,7.3625,4.0,0.5,0.0,6,2.4,1113,21176,1.5800000429153442,0.0,5.159999847412109,0.029999999329447746,0.019999999552965164,0.11999999731779099,0.11999999731779099,2.83,0.902,1.47,-0.1,2.0,Crystal Palace,8,0,3.73,Arsenal,1,1,2.67,Ipswich Town,12,0,4.1,Brentford,4,0,4.28,Man City,15,1,3.36,0,0,5,False,False,2.74,0.493,🟡 Moderate,0.0,1.58,0.0,2.38,0.541,3.71
474,Jair Paula da Cunha Filho,Defender,Nott'm Forest,4.5,18,a,100,False,False,0,101,1.0,3,3.0,2.5,60.0,4.5,0.0,0.0,0.3333333333333333,0.0,0.3333333333333333,0.3666666666666667,11.533333333333331,0.0,0.0,2.25,2.2222222222222223,45.0,0.0,0.0,0.25,0.3875,3.0,0.5,0.0,6,0.2,279,667,0.9700000286102295,0.0,5.760000228881836,0.029999999329447746,0.019999999552965164,0.10999999940395355,0.10999999940395355,2.77,0.753,0.8,-0.1,2.0,Crystal Palace,8,0,3.73,Arsenal,1,1,2.67,Ipswich Town,12,0,4.1,Brentford,4,0,4.28,Man City,15,1,3.36,0,0,5,False,False,2.74,0.493,🟡 Moderate,0.0,0.97,0.0,1.29,0.287,2.46
475,Nicolò Savona,Defender,Nott'm Forest,4.5,18,i,0,False,False,0,101,1.0,3,0.0,0.0,0.0,0.0,0.0,0.0,0.0,0.0,0.0,0.0,0.0,0.0,0.0,0.0,0.0,0.0,0.0,0.0,0.0,0.0,0.0,0.5,0.0,6,0.0,21,20,0.6399999856948853,0.0,1.9700000286102295,0.019999999552965164,0.019999999552965164,0.10000000149011612,0.03999999910593033,0.22,0.0,0.0,-0.1,2.0,Crystal Palace,8,0,3.73,Arsenal,1,1,2.67,Ipswich Town,12,0,4.1,Brentford,4,0,4.28,Man City,15,1,3.36,0,0,5,False,False,2.74,0.493,🟡 Moderate,0.0,0.64,0.0,1.04,0.231,0.3
476,Omar Richards,Defender,Nott'm Forest,4.0,18,a,100,False,False,0,101,1.0,3,0.0,0.0,0.0,0.0,0.0,0.0,0.0,0.0,0.0,0.0,0.0,0.0,0.0,0.0,0.0,0.0,0.0,0.0,0.0,0.0,0.0,0.5,0.0,6,0.2,322,770,0.41999998688697815,0.0,0.25,0.019999999552965164,0.019999999552965164,0.09000000357627869,0.029999999329447746,0.22,0.0,0.13,-0.1,2.0,Crystal Palace,8,0,3.73,Arsenal,1,1,2.67,Ipswich Town,12,0,4.1,Brentford,4,0,4.28,Man City,15,1,3.36,0,0,5,False,False,2.74,0.493,🟡 Moderate,0.0,0.42,0.0,0.21,0.052,0.3
477,Zach Abbott,Defender,Nott'm Forest,4.0,18,u,0,False,False,0,101,1.0,3,0.0,0.0,0.0,0.0,0.0,0.0,0.0,0.0,0.0,0.0,0.0,0.0,0.0,0.0,0.0,0.0,0.0,0.0,0.0,0.0,0.0,0.5,0.0,6,0.1,0,857,0.41999998688697815,0.0,0.25,0.019999999552965164,0.019999999552965164,0.09000000357627869,0.029999999329447746,0.22,0.0,0.0,-0.1,2.0,Crystal Palace,8,0,3.73,Arsenal,1,1,2.67,Ipswich Town,12,0,4.1,Brentford,4,0,4.28,Man City,15,1,3.36,0,0,5,False,False,2.74,0.493,🟡 Moderate,0.0,0.42,0.0,0.68,0.17,0.04
478,Luca Netz,Defender,Nott'm Forest,4.4,18,a,100,False,False,0,101,1.0,3,0.3333333333333333,0.5,1.3333333333333333,22.5,0.0,0.0,0.0,0.0,0.0,0.0,0.6666666666666666,0.0,0.0,0.25,0.44444444444444453,2.5,0.0,0.0,0.0,0.1125,2.0,0.5,-1.0,6,0.0,60,122,0.8299999833106995,0.0,2.569999933242798,0.019999999552965164,0.019999999552965164,0.10000000149011612,0.029999999329447746,1.22,0.052,0.28,-0.1,2.0,Crystal Palace,8,0,3.73,Arsenal,1,1,2.67,Ipswich Town,12,0,4.1,Brentford,4,0,4.28,Man City,15,1,3.36,0,0,5,False,False,2.74,0.493,🟡 Moderate,0.0,0.83,0.0,0.45,0.102,0.95
479,Tyler Bindon,Defender,Nott'm Forest,4.0,18,u,0,False,False,0,101,1.0,3,0.0,0.0,0.0,0.0,0.0,0.0,0.0,0.0,0.0,0.0,0.0,0.0,0.0,0.0,0.0,0.0,0.0,0.0,0.0,0.0,0.0,0.5,0.0,6,0.1,0,551,0.41999998688697815,0.0,0.25,0.019999999552965164,0.019999999552965164,0.09000000357627869,0.029999999329447746,0.22,0.0,0.0,-0.1,2.0,Crystal Palace,8,0,3.73,Arsenal,1,1,2.67,Ipswich Town,12,0,4.1,Brentford,4,0,4.28,Man City,15,1,3.36,0,0,5,False,False,2.74,0.493,🟡 Moderate,0.0,0.42,0.0,0.68,0.17,0.04
480,Morgan Gibbs-White,Midfielder,Nott'm Forest,8.0,18,a,100,False,False,0,101,1.0,3,8.0,6.5,90.0,8.0,0.3333333333333333,0.6666666666666666,0.3333333333333333,2.0,18.666666666666668,38.0,33.666666666666664,0.0,0.0,6.625,5.851851851851852,90.0,0.125,0.625,20.375,52.725,4.0,0.5,1.0,6,15.7,70343,87927,4.78000020980835,0.9200000166893005,11.029999732971191,0.38999998569488525,0.47999998927116394,0.1899999976158142,0.10000000149011612,5.68,1.0,4.78,-0.1,2.0,Crystal Palace,8,0,3.73,Arsenal,1,1,2.67,Ipswich Town,12,0,4.1,Brentford,4,0,4.28,Man City,15,1,3.36,0,0,5,False,False,2.74,0.493,🟡 Moderate,0.0,4.78,0.0,6.83,0.854,11.08
482,Callum Hudson-Odoi,Midfielder,Nott'm Forest,5.8,18,a,100,False,False,0,101,1.0,3,0.3333333333333333,0.25,0.3333333333333333,90.0,0.0,0.0,0.0,0.0,0.0,0.09999999999999999,0.0,0.0,0.0,0.125,0.14814814814814817,0.125,0.0,0.0,0.0,0.0375,1.0,0.5,-1.0,6,0.1,277,1196,0.8399999737739563,0.0,2.5799999237060547,0.05999999865889549,0.019999999552965164,0.03999999910593033,0.09000000357627869,0.44,0.02,0.26,-0.1,2.0,Crystal Palace,8,0,3.73,Arsenal,1,1,2.67,Ipswich Town,12,0,4.1,Brentford,4,0,4.28,Man City,15,1,3.36,0,0,5,False,False,2.74,0.493,🟡 Moderate,0.0,0.84,0.0,0.37,0.064,0.91
483,Dan Ndoye,Midfielder,Nott'm Forest,5.5,18,a,100,False,False,0,101,1.0,3,3.6666666666666665,3.5,65.66666666666667,5.025380710659898,0.3333333333333333,0.0,0.0,0.6666666666666666,24.666666666666668,11.933333333333332,12.066666666666665,0.0,0.3333333333333333,2.25,2.7777777777777786,67.25,0.125,0.0,23.5,9.5125,4.0,0.5,0.0,6,0.7,812,8392,2.5799999237060547,0.3700000047683716,7.090000152587891,0.09000000357627869,0.019999999552965164,0.14000000059604645,0.09000000357627869,2.71,0.802,2.22,-0.1,2.0,Crystal Palace,8,0,3.73,Arsenal,1,1,2.67,Ipswich Town,12,0,4.1,Brentford,4,0,4.28,Man City,15,1,3.36,0,0,5,False,False,2.74,0.493,🟡 Moderate,0.0,2.58,0.0,3.17,0.576,5.45
484,Omari Hutchinson,Midfielder,Nott'm Forest,5.4,18,u,0,False,False,0,101,1.0,3,0.0,0.0,0.0,0.0,0.0,0.0,0.0,0.0,0.0,0.0,0.0,0.0,0.0,0.0,0.0,0.0,0.0,0.0,0.0,0.0,0.0,0.5,0.0,6,0.1,0,391,0.46000000834465027,0.0,0.949999988079071,0.03999999910593033,0.019999999552965164,0.03999999910593033,0.09000000357627869,0.36,0.0,0.0,-0.1,2.0,Crystal Palace,8,0,3.73,Arsenal,1,1,2.67,Ipswich Town,12,0,4.1,Brentford,4,0,4.28,Man City,15,1,3.36,0,0,5,False,False,2.74,0.493,🟡 Moderate,0.0,0.46,0.0,0.66,0.122,0.14
485,Dilane Bakwa,Midfielder,Nott'm Forest,5.5,18,u,0,False,False,0,101,1.0,3,0.0,0.0,0.0,0.0,0.0,0.0,0.0,0.0,0.0,0.0,0.0,0.0,0.0,0.0,0.0,0.0,0.0,0.0,0.0,0.0,0.0,0.5,0.0,6,0.0,0,37,0.5799999833106995,0.0,1.4900000095367432,0.03999999910593033,0.029999999329447746,0.03999999910593033,0.09000000357627869,0.39,0.0,0.0,-0.1,2.0,Crystal Palace,8,0,3.73,Arsenal,1,1,2.67,Ipswich Town,12,0,4.1,Brentford,4,0,4.28,Man City,15,1,3.36,0,0,5,False,False,2.74,0.493,🟡 Moderate,0.0,0.58,0.0,0.83,0.151,0.22
486,James McAtee,Midfielder,Nott'm Forest,5.5,18,a,100,False,False,0,101,1.0,3,2.3333333333333335,2.5,87.0,2.413793103448276,0.0,0.0,0.3333333333333333,0.0,6.666666666666667,35.1,12.399999999999999,0.0,0.6666666666666666,2.625,2.6296296296296298,83.375,0.0,0.0,7.5,36.15,4.0,0.5,0.0,6,0.1,367,941,2.9700000286102295,1.1299999952316284,6.260000228881836,0.05000000074505806,0.2800000011920929,0.15000000596046448,0.10000000149011612,3.33,0.977,2.92,-0.1,2.0,Crystal Palace,8,0,3.73,Arsenal,1,1,2.67,Ipswich Town,12,0,4.1,Brentford,4,0,4.28,Man City,15,1,3.36,0,0,5,False,False,2.74,0.493,🟡 Moderate,0.0,2.97,0.0,4.17,0.758,6.61
487,Nicolás Domínguez,Midfielder,Nott'm Forest,4.9,18,a,100,False,False,0,101,1.0,3,0.3333333333333333,0.25,0.3333333333333333,90.0,0.0,0.0,0.0,0.0,0.0,0.0,0.06666666666666667,0.0,0.0,0.125,0.14814814814814817,0.125,0.0,0.0,0.0,0.0,1.0,0.5,0.0,6,0.1,63,304,0.49000000953674316,0.0,1.7400000095367432,0.05000000074505806,0.019999999552965164,0.029999999329447746,0.09000000357627869,0.38,0.02,0.15,-0.1,2.0,Crystal Palace,8,0,3.73,Arsenal,1,1,2.67,Ipswich Town,12,0,4.1,Brentford,4,0,4.28,Man City,15,1,3.36,0,0,5,False,False,2.74,0.493,🟡 Moderate,0.0,0.49,0.0,0.21,0.043,0.56
488,Ibrahim Sangaré,Midfielder,Nott'm Forest,4.8,18,a,100,False,False,0,101,1.0,3,0.3333333333333333,0.75,2.6666666666666665,11.25,0.0,0.0,0.0,0.0,0.6666666666666666,0.13333333333333333,0.7999999999999999,0.0,0.0,0.75,0.925925925925926,15.25,0.0,0.0,1.375,1.825,2.0,0.5,0.0,6,0.4,325,3235,1.2899999618530273,0.0,2.450000047683716,0.03999999910593033,0.019999999552965164,0.029999999329447746,0.07999999821186066,1.34,0.085,0.46,-0.1,2.0,Crystal Palace,8,0,3.73,Arsenal,1,1,2.67,Ipswich Town,12,0,4.1,Brentford,4,0,4.28,Man City,15,1,3.36,0,0,5,False,False,2.74,0.493,🟡 Moderate,0.0,1.29,0.0,0.66,0.138,1.29
489,Ryan Yates,Midfielder,Nott'm Forest,4.5,18,a,100,False,False,0,101,1.0,3,0.0,0.0,0.0,0.0,0.0,0.0,0.0,0.0,0.0,0.0,0.0,0.0,0.0,0.0,0.0,0.0,0.0,0.0,0.0,0.0,0.0,0.5,0.0,6,1.2,616,7645,0.3799999952316284,0.0,0.46000000834465027,0.03999999910593033,0.019999999552965164,0.029999999329447746,0.07999999821186066,0.33,0.0,0.11,-0.1,2.0,Crystal Palace,8,0,3.73,Arsenal,1,1,2.67,Ipswich Town,12,0,4.1,Brentford,4,0,4.28,Man City,15,1,3.36,0,0,5,False,False,2.74,0.493,🟡 Moderate,0.0,0.38,0.0,0.16,0.036,0.29
490,Chris Wood,Forward,Nott'm Forest,5.8,18,a,100,False,False,0,101,1.0,3,0.6666666666666666,0.75,5.666666666666667,10.588235294117645,0.0,0.0,0.0,0.0,0.0,0.03333333333333333,0.06666666666666667,0.0,0.0,0.875,0.8518518518518521,8.0,0.0,0.0,0.375,0.325,3.0,0.5,-1.0,6,0.9,2168,6765,1.7000000476837158,0.0,5.059999942779541,0.28999999165534973,0.05999999865889549,0.15000000596046448,0.2800000011920929,2.64,0.144,0.68,-0.1,2.0,Crystal Palace,8,0,3.73,Arsenal,1,1,2.67,Ipswich Town,12,0,4.1,Brentford,4,0,4.28,Man City,15,1,3.36,0,0,5,False,False,2.74,0.493,🟡 Moderate,0.0,1.7,0.0,0.97,0.167,2.12
491,Igor Jesus Maciel da Cruz,Forward,Nott'm Forest,5.8,18,a,100,False,False,0,101,1.0,3,3.0,2.75,45.333333333333336,5.955882352941177,0.3333333333333333,0.0,0.0,0.6666666666666666,18.333333333333332,8.233333333333334,15.399999999999999,0.0,0.3333333333333333,4.125,3.2962962962962963,37.75,0.5,0.0,17.125,8.1125,4.0,0.5,-1.0,6,2.6,7862,24117,3.130000114440918,0.0,9.0600004196167,0.3700000047683716,0.05999999865889549,0.12999999523162842,0.41999998688697815,3.1,0.619,2.29,-0.1,2.0,Crystal Palace,8,0,3.73,Arsenal,1,1,2.67,Ipswich Town,12,0,4.1,Brentford,4,0,4.28,Man City,15,1,3.36,0,0,5,False,False,2.74,0.493,🟡 Moderate,0.0,3.13,0.0,3.27,0.564,5.94
493,Arnaud Kalimuendo,Forward,Nott'm Forest,5.4,18,a,100,False,False,0,101,1.0,3,0.0,0.25,0.0,0.0,0.0,0.0,0.0,0.0,0.0,0.0,0.0,0.0,0.0,0.125,0.2962962962962964,0.125,0.0,0.0,0.0,0.0,1.0,0.5,0.0,6,0.1,244,435,0.6700000166893005,0.05000000074505806,1.3300000429153442,0.05000000074505806,0.05999999865889549,0.019999999552965164,0.10000000149011612,0.51,0.0,0.2,-0.1,2.0,Crystal Palace,8,0,3.73,Arsenal,1,1,2.67,Ipswich Town,12,0,4.1,Brentford,4,0,4.28,Man City,15,1,3.36,0,0,5,False,False,2.74,0.493,🟡 Moderate,0.0,0.67,0.0,0.29,0.054,0.59
558,Xaver Schlager,Midfielder,Nott'm Forest,5.0,18,a,100,False,False,0,101,1.0,3,3.3333333333333335,2.75,90.0,3.333333333333334,0.0,0.0,0.3333333333333333,0.0,8.333333333333334,6.066666666666666,18.066666666666666,0.0,0.3333333333333333,2.875,2.555555555555556,80.75,0.0,0.0,9.875,8.3875,4.0,0.5,0.0,6,0.1,234,817,3.009999990463257,0.8600000143051147,7.150000095367432,0.07000000029802322,0.11999999731779099,0.14000000059604645,0.09000000357627869,2.93,1.0,3.01,-0.1,2.0,Crystal Palace,8,0,3.73,Arsenal,1,1,2.67,Ipswich Town,12,0,4.1,Brentford,4,0,4.28,Man City,15,1,3.36,0,0,5,False,False,2.74,0.493,🟡 Moderate,0.0,3.01,0.0,4.3,0.86,6.96
581,Ousmane Diomande,Defender,Nott'm Forest,5.4,18,a,100,False,False,0,101,1.0,3,1.6666666666666667,1.25,30.333333333333332,4.945054945054945,0.0,0.0,0.0,0.0,3.6666666666666665,0.13333333333333333,8.200000000000001,0.0,0.0,2.25,1.5555555555555556,45.25,0.0,0.0,5.5,0.2,2.0,0.5,0.0,6,0.5,1607,2368,1.659999966621399,0.0,5.010000228881836,0.019999999552965164,0.019999999552965164,0.10999999940395355,0.03999999910593033,1.22,0.467,1.04,-0.1,2.0,Crystal Palace,8,0,3.73,Arsenal,1,1,2.67,Ipswich Town,12,0,4.1,Brentford,4,0,4.28,Man City,15,1,3.36,0,0,5,False,False,2.74,0.493,🟡 Moderate,0.0,1.66,0.0,1.68,0.311,2.83
590,Steven Benda,Goalkeeper,Nott'm Forest,4.5,18,a,100,False,False,0,101,1.0,3,0.0,0.0,0.0,0.0,0.0,0.0,0.0,0.0,0.0,0.0,0.0,0.0,0.0,0.0,0.0,0.0,0.0,0.0,0.0,0.0,0.0,0.5,0.0,6,0.1,132,245,0.20999999344348907,0.0,0.6200000047683716,0.0,0.0,0.03999999910593033,0.05000000074505806,0.05,0.0,0.06,-0.1,2.0,Crystal Palace,8,0,3.73,Arsenal,1,1,2.67,Ipswich Town,12,0,4.1,Brentford,4,0,4.28,Man City,15,1,3.36,0,0,5,False,False,2.74,0.493,🟡 Moderate,0.0,0.21,0.0,0.09,0.02,0.21
112,Jan Paul van Hecke,Defender,Spurs,4.9,19,d,75,False,False,0,95,1.0,4,5.666666666666667,4.5,90.0,5.666666666666667,0.0,0.0,0.6666666666666666,0.6666666666666666,17.0,13.9,27.2,0.0,0.0,6.25,4.888888888888889,90.0,0.0,0.0,10.625,12.8625,4.0,0.5,0.0,6,6.5,19120,34297,2.0999999046325684,0.0,6.739999771118164,0.019999999552965164,0.30000001192092896,0.09000000357627869,0.07999999821186066,3.47,1.0,1.57,-0.1,3.41,Man Utd,16,0,3.19,Coventry City,7,1,2.97,Chelsea,6,0,3.03,Crystal Palace,8,1,3.81,Leeds,13,0,3.28,0,0,5,False,False,3.28,0.064,🟡 Moderate,0.0,2.1,0.0,2.25,0.459,4.15
147,Tosin Adarabioyo,Defender,Spurs,4.4,19,a,100,False,False,0,95,1.0,4,0.3333333333333333,0.25,1.6666666666666667,18.0,0.0,0.0,0.0,0.0,0.0,0.06666666666666667,3.0,0.0,0.0,0.5,0.3333333333333333,2.5,0.0,0.0,0.0,0.1,1.0,0.5,0.0,6,0.1,109,583,1.1799999475479126,0.0,4.300000190734863,0.05000000074505806,0.019999999552965164,0.10000000149011612,0.03999999910593033,1.38,0.061,0.4,-0.1,3.41,Man Utd,16,0,3.19,Coventry City,7,1,2.97,Chelsea,6,0,3.03,Crystal Palace,8,1,3.81,Leeds,13,0,3.28,0,0,5,False,False,3.28,0.064,🟡 Moderate,0.0,1.18,0.0,0.57,0.13,1.45
401,Omar Marmoush,Forward,Spurs,7.0,19,a,100,False,False,0,95,1.0,4,2.0,1.5,83.0,2.168674698795181,0.0,0.0,0.6666666666666666,0.0,17.333333333333332,16.366666666666667,4.133333333333333,0.0,0.0,1.75,1.4074074074074074,70.0,0.0,0.0,13.0,10.7875,3.0,0.75,0.0,6,2.1,12850,22710,3.009999990463257,0.05000000074505806,7.670000076293945,0.28999999165534973,0.07000000029802322,0.14000000059604645,0.3400000035762787,3.69,0.945,2.89,-0.1,3.41,Man Utd,16,0,3.19,Coventry City,7,1,2.97,Chelsea,6,0,3.03,Crystal Palace,8,1,3.81,Leeds,13,0,3.28,0,0,5,False,False,3.28,0.064,🟡 Moderate,0.0,3.01,0.0,3.69,0.527,6.92
403,Sávio Moreira de Oliveira,Midfielder,Spurs,6.5,19,a,100,False,False,0,95,1.0,4,2.0,1.5,50.0,3.6,0.0,0.0,0.6666666666666666,0.0,14.333333333333334,23.666666666666668,9.0,0.0,0.0,2.25,1.6666666666666667,60.0,0.0,0.0,17.75,31.175,2.0,0.75,0.0,6,0.6,3136,7266,3.049999952316284,0.41999998688697815,6.670000076293945,0.07000000029802322,0.1599999964237213,0.20000000298023224,0.23000000417232513,2.03,0.663,2.33,-0.1,3.41,Man Utd,16,0,3.19,Coventry City,7,1,2.97,Chelsea,6,0,3.03,Crystal Palace,8,1,3.81,Leeds,13,0,3.28,0,0,5,False,False,3.28,0.064,🟡 Moderate,0.0,3.05,0.0,2.98,0.458,5.6
455,Sandro Tonali,Midfielder,Spurs,5.3,19,a,100,False,False,0,95,1.0,4,3.3333333333333335,3.0,84.66666666666667,3.543307086614173,0.0,0.0,0.6666666666666666,0.0,3.3333333333333335,21.666666666666668,13.333333333333334,0.0,0.0,3.25,3.0,88.0,0.0,0.0,4.5,21.4375,4.0,0.5,0.0,6,1.8,2441,15674,2.5899999141693115,1.0399999618530273,6.409999847412109,0.05000000074505806,0.3400000035762787,0.15000000596046448,0.15000000596046448,3.56,0.958,2.51,-0.1,3.41,Man Utd,16,0,3.19,Coventry City,7,1,2.97,Chelsea,6,0,3.03,Crystal Palace,8,1,3.81,Leeds,13,0,3.28,0,0,5,False,False,3.28,0.064,🟡 Moderate,0.0,2.59,0.0,3.21,0.606,5.83
494,Guglielmo Vicario,Goalkeeper,Spurs,4.5,19,u,0,False,False,0,95,1.0,4,0.0,0.0,0.0,0.0,0.0,0.0,0.0,0.0,0.0,0.0,0.0,0.0,0.0,0.0,0.0,0.0,0.0,0.0,0.0,0.0,0.0,0.5,0.0,6,0.1,0,744,0.20999999344348907,0.0,0.9100000262260437,0.0,0.0,0.03999999910593033,0.05000000074505806,0.05,0.0,0.0,-0.1,3.41,Man Utd,16,0,3.19,Coventry City,7,1,2.97,Chelsea,6,0,3.03,Crystal Palace,8,1,3.81,Leeds,13,0,3.28,0,0,5,False,False,3.28,0.064,🟡 Moderate,0.0,0.21,0.0,0.28,0.062,0.14
495,Brandon Austin,Goalkeeper,Spurs,4.0,19,a,100,False,False,0,95,1.0,4,0.0,0.0,0.0,0.0,0.0,0.0,0.0,0.0,0.0,0.0,0.0,0.0,0.0,0.0,0.0,0.0,0.0,0.0,0.0,0.0,0.0,0.5,0.0,6,1.0,2042,2261,0.15000000596046448,0.0,0.03999999910593033,0.0,0.0,0.03999999910593033,0.05000000074505806,0.05,0.0,0.05,-0.1,3.41,Man Utd,16,0,3.19,Coventry City,7,1,2.97,Chelsea,6,0,3.03,Crystal Palace,8,1,3.81,Leeds,13,0,3.28,0,0,5,False,False,3.28,0.064,🟡 Moderate,0.0,0.15,0.0,0.07,0.018,0.11
496,Antonín Kinský,Goalkeeper,Spurs,4.5,19,a,100,False,False,0,95,1.0,4,4.666666666666667,4.0,90.0,4.666666666666667,0.0,0.0,0.6666666666666666,0.0,0.0,3.3333333333333335,11.333333333333334,1.3333333333333333,0.0,5.375,4.407407407407408,90.0,0.0,0.0,0.0,2.5,4.0,0.5,0.0,6,17.2,19712,115802,1.909999966621399,0.0,3.180000066757202,0.0,0.0,0.10000000149011612,0.30000001192092896,2.69,1.0,1.91,-0.1,3.41,Man Utd,16,0,3.19,Coventry City,7,1,2.97,Chelsea,6,0,3.03,Crystal Palace,8,1,3.81,Leeds,13,0,3.28,0,0,5,False,False,3.28,0.064,🟡 Moderate,0.0,1.91,0.0,2.59,0.576,4.3
497,Martin Dubravka,Goalkeeper,Spurs,4.0,19,a,100,False,False,0,95,1.0,4,0.0,0.0,0.0,0.0,0.0,0.0,0.0,0.0,0.0,0.0,0.0,0.0,0.0,0.0,0.0,0.0,0.0,0.0,0.0,0.0,0.0,0.5,0.0,6,17.1,28297,50709,0.15000000596046448,0.0,0.03999999910593033,0.0,0.0,0.03999999910593033,0.05000000074505806,0.05,0.0,0.05,-0.1,3.41,Man Utd,16,0,3.19,Coventry City,7,1,2.97,Chelsea,6,0,3.03,Crystal Palace,8,1,3.81,Leeds,13,0,3.28,0,0,5,False,False,3.28,0.064,🟡 Moderate,0.0,0.15,0.0,0.07,0.018,0.11
498,Marcos Senesi Barón,Defender,Spurs,5.8,19,a,100,False,False,0,95,1.0,4,0.0,0.75,0.0,0.0,0.0,0.0,0.0,0.0,0.0,0.0,0.0,0.0,0.0,0.375,0.8888888888888891,11.25,0.0,0.0,0.0,0.275,1.0,0.5,-1.0,6,3.5,1268,22428,2.0399999618530273,0.0,6.730000019073486,0.019999999552965164,0.029999999329447746,0.10000000149011612,0.10999999940395355,0.33,0.0,0.61,-0.1,3.41,Man Utd,16,0,3.19,Coventry City,7,1,2.97,Chelsea,6,0,3.03,Crystal Palace,8,1,3.81,Leeds,13,0,3.28,0,0,5,False,False,3.28,0.064,🟡 Moderate,0.0,2.04,0.0,0.88,0.152,2.23
499,Pedro Porro Sauceda,Defender,Spurs,5.4,19,d,75,False,False,0,95,1.0,4,2.6666666666666665,2.0,60.0,3.9999999999999996,0.0,0.0,0.3333333333333333,0.3333333333333333,9.0,14.566666666666665,7.533333333333334,0.0,0.0,1.875,1.7037037037037037,33.75,0.0,0.0,4.125,9.9375,2.0,0.5,-1.0,6,7.5,1756,78420,1.5800000429153442,0.0,7.199999809265137,0.019999999552965164,0.019999999552965164,0.10999999940395355,0.03999999910593033,2.66,0.753,0.98,-0.1,3.41,Man Utd,16,0,3.19,Coventry City,7,1,2.97,Chelsea,6,0,3.03,Crystal Palace,8,1,3.81,Leeds,13,0,3.28,0,0,5,False,False,3.28,0.064,🟡 Moderate,0.0,1.58,0.0,1.41,0.261,3.04
500,Cristian Romero,Defender,Spurs,5.0,19,u,0,False,False,0,95,1.0,4,0.0,0.0,0.0,0.0,0.0,0.0,0.0,0.0,0.0,0.0,0.0,0.0,0.0,0.0,0.0,0.0,0.0,0.0,0.0,0.0,0.0,0.5,0.0,6,0.1,0,309,0.8299999833106995,0.0,4.059999942779541,0.019999999552965164,0.019999999552965164,0.10000000149011612,0.05999999865889549,0.24,0.0,0.0,-0.1,3.41,Man Utd,16,0,3.19,Coventry City,7,1,2.97,Chelsea,6,0,3.03,Crystal Palace,8,1,3.81,Leeds,13,0,3.28,0,0,5,False,False,3.28,0.064,🟡 Moderate,0.0,0.83,0.0,1.19,0.238,0.61
502,Andrew Robertson,Defender,Spurs,4.4,19,a,100,False,False,0,95,1.0,4,3.3333333333333335,3.25,62.0,4.838709677419355,0.0,0.0,0.3333333333333333,0.3333333333333333,11.0,16.2,9.333333333333334,0.0,0.0,4.375,3.7407407407407405,71.875,0.0,0.0,7.375,20.325,4.0,0.5,0.0,6,2.5,6047,13565,2.1500000953674316,0.0,7.010000228881836,0.05000000074505806,0.019999999552965164,0.09000000357627869,0.18000000715255737,2.88,0.77,1.8,-0.1,3.41,Man Utd,16,0,3.19,Coventry City,7,1,2.97,Chelsea,6,0,3.03,Crystal Palace,8,1,3.81,Leeds,13,0,3.28,0,0,5,False,False,3.28,0.064,🟡 Moderate,0.0,2.15,0.0,2.58,0.586,4.65
503,Micky van de Ven,Defender,Spurs,5.0,19,a,100,False,False,0,95,1.0,4,5.0,3.75,90.0,5.0,0.0,0.0,0.6666666666666666,1.0,4.666666666666667,2.1333333333333333,17.2,0.0,0.3333333333333333,5.25,4.0,78.75,0.0,0.0,3.5,2.1125,3.0,0.5,0.0,6,3.8,6404,20727,1.75,0.0,6.820000171661377,0.019999999552965164,0.029999999329447746,0.09000000357627869,0.07999999821186066,2.65,1.0,1.75,-0.1,3.41,Man Utd,16,0,3.19,Coventry City,7,1,2.97,Chelsea,6,0,3.03,Crystal Palace,8,1,3.81,Leeds,13,0,3.28,0,0,5,False,False,3.28,0.064,🟡 Moderate,0.0,1.75,0.0,2.51,0.502,4.52
505,Djed Spence,Defender,Spurs,4.5,19,u,0,False,False,0,95,1.0,4,0.0,0.0,0.0,0.0,0.0,0.0,0.0,0.0,0.0,0.0,0.0,0.0,0.0,0.0,0.0,0.0,0.0,0.0,0.0,0.0,0.0,0.5,0.0,6,0.2,0,1263,0.8299999833106995,0.0,4.150000095367432,0.05000000074505806,0.019999999552965164,0.10000000149011612,0.05000000074505806,0.38,0.0,0.0,-0.1,3.41,Man Utd,16,0,3.19,Coventry City,7,1,2.97,Chelsea,6,0,3.03,Crystal Palace,8,1,3.81,Leeds,13,0,3.28,0,0,5,False,False,3.28,0.064,🟡 Moderate,0.0,0.83,0.0,1.19,0.264,0.62
506,Destiny Udogie,Defender,Spurs,4.4,19,a,100,False,False,0,95,1.0,4,2.0,1.75,27.333333333333332,6.585365853658537,0.0,0.0,0.3333333333333333,0.0,1.3333333333333333,4.266666666666667,3.266666666666667,0.0,0.3333333333333333,1.5,1.5555555555555556,18.25,0.0,0.0,0.75,1.8499999999999999,3.0,0.5,-1.0,6,0.3,354,1687,1.2799999713897705,0.0,4.690000057220459,0.05000000074505806,0.019999999552965164,0.10999999940395355,0.03999999910593033,1.37,0.434,0.77,-0.1,3.41,Man Utd,16,0,3.19,Coventry City,7,1,2.97,Chelsea,6,0,3.03,Crystal Palace,8,1,3.81,Leeds,13,0,3.28,0,0,5,False,False,3.28,0.064,🟡 Moderate,0.0,1.28,0.0,1.11,0.252,2.24
507,Ashley Phillips,Defender,Spurs,4.5,19,u,0,False,False,0,95,1.0,4,0.0,0.0,0.0,0.0,0.0,0.0,0.0,0.0,0.0,0.0,0.0,0.0,0.0,0.0,0.0,0.0,0.0,0.0,0.0,0.0,0.0,0.5,0.0,6,0.0,0,55,0.8299999833106995,0.0,4.150000095367432,0.05000000074505806,0.019999999552965164,0.10000000149011612,0.05000000074505806,0.38,0.0,0.0,-0.1,3.41,Man Utd,16,0,3.19,Coventry City,7,1,2.97,Chelsea,6,0,3.03,Crystal Palace,8,1,3.81,Leeds,13,0,3.28,0,0,5,False,False,3.28,0.064,🟡 Moderate,0.0,0.83,0.0,1.19,0.264,0.62
508,Ben Davies,Defender,Spurs,3.9,19,a,100,False,False,0,95,1.0,4,0.0,0.0,0.0,0.0,0.0,0.0,0.0,0.0,0.0,0.0,0.0,0.0,0.0,0.0,0.0,0.0,0.0,0.0,0.0,0.0,0.0,0.5,0.0,6,0.9,7838,4153,0.5400000214576721,0.0,1.75,0.019999999552965164,0.019999999552965164,0.09000000357627869,0.03999999910593033,0.24,0.0,0.16,-0.1,3.41,Man Utd,16,0,3.19,Coventry City,7,1,2.97,Chelsea,6,0,3.03,Crystal Palace,8,1,3.81,Leeds,13,0,3.28,0,0,5,False,False,3.28,0.064,🟡 Moderate,0.0,0.54,0.0,0.23,0.059,0.58
509,Jun'ai Byfield,Defender,Spurs,4.0,19,a,100,False,False,0,95,1.0,4,0.0,0.0,0.0,0.0,0.0,0.0,0.0,0.0,0.0,0.0,0.0,0.0,0.0,0.0,0.0,0.0,0.0,0.0,0.0,0.0,0.0,0.5,0.0,6,0.1,129,254,0.5600000023841858,0.0,1.75,0.019999999552965164,0.019999999552965164,0.09000000357627869,0.03999999910593033,0.24,0.0,0.17,-0.1,3.41,Man Utd,16,0,3.19,Coventry City,7,1,2.97,Chelsea,6,0,3.03,Crystal Palace,8,1,3.81,Leeds,13,0,3.28,0,0,5,False,False,3.28,0.064,🟡 Moderate,0.0,0.56,0.0,0.24,0.06,0.6
510,James Rowswell,Defender,Spurs,4.0,19,a,100,False,False,0,95,1.0,4,0.0,0.0,0.0,0.0,0.0,0.0,0.0,0.0,0.0,0.0,0.0,0.0,0.0,0.0,0.0,0.0,0.0,0.0,0.0,0.0,0.0,0.5,0.0,6,0.1,169,353,0.5600000023841858,0.0,1.75,0.019999999552965164,0.019999999552965164,0.09000000357627869,0.03999999910593033,0.24,0.0,0.17,-0.1,3.41,Man Utd,16,0,3.19,Coventry City,7,1,2.97,Chelsea,6,0,3.03,Crystal Palace,8,1,3.81,Leeds,13,0,3.28,0,0,5,False,False,3.28,0.064,🟡 Moderate,0.0,0.56,0.0,0.24,0.06,0.6
511,João Victor de Souza Menezes,Defender,Spurs,4.0,19,u,0,False,False,0,95,1.0,4,0.0,0.0,0.0,0.0,0.0,0.0,0.0,0.0,0.0,0.0,0.0,0.0,0.0,0.0,0.0,0.0,0.0,0.0,0.0,0.0,0.0,0.5,0.0,6,0.2,0,924,0.5600000023841858,0.0,1.75,0.019999999552965164,0.019999999552965164,0.09000000357627869,0.03999999910593033,0.24,0.0,0.0,-0.1,3.41,Man Utd,16,0,3.19,Coventry City,7,1,2.97,Chelsea,6,0,3.03,Crystal Palace,8,1,3.81,Leeds,13,0,3.28,0,0,5,False,False,3.28,0.064,🟡 Moderate,0.0,0.56,0.0,0.8,0.2,0.26
512,Mohammed Kudus,Midfielder,Spurs,6.5,19,a,100,False,False,0,95,1.0,4,1.0,0.75,26.0,3.4615384615384617,0.0,0.0,0.0,0.0,6.333333333333333,10.4,4.133333333333334,0.0,0.0,0.875,0.7037037037037037,23.5,0.0,0.0,4.875,10.5875,3.0,0.5,0.0,6,0.2,2428,1217,1.7200000286102295,0.11999999731779099,5.159999847412109,0.07000000029802322,0.20999999344348907,0.12999999523162842,0.10000000149011612,2.07,0.419,1.02,-0.1,3.41,Man Utd,16,0,3.19,Coventry City,7,1,2.97,Chelsea,6,0,3.03,Crystal Palace,8,1,3.81,Leeds,13,0,3.28,0,0,5,False,False,3.28,0.064,🟡 Moderate,0.0,1.72,0.0,1.3,0.2,2.8
513,Xavi Simons,Midfielder,Spurs,5.9,19,i,0,False,False,0,95,1.0,4,0.0,0.0,0.0,0.0,0.0,0.0,0.0,0.0,0.0,0.0,0.0,0.0,0.0,0.0,0.0,0.0,0.0,0.0,0.0,0.0,0.0,0.5,0.0,6,0.0,57,85,0.6000000238418579,0.0,1.4900000095367432,0.05000000074505806,0.019999999552965164,0.05000000074505806,0.09000000357627869,0.4,0.0,0.0,-0.1,3.41,Man Utd,16,0,3.19,Coventry City,7,1,2.97,Chelsea,6,0,3.03,Crystal Palace,8,1,3.81,Leeds,13,0,3.28,0,0,5,False,False,3.28,0.064,🟡 Moderate,0.0,0.6,0.0,0.77,0.131,0.22
514,Mathys Tel,Midfielder,Spurs,5.7,19,a,100,False,False,0,95,1.0,4,2.0,2.0,55.666666666666664,3.2335329341317363,0.0,0.0,0.3333333333333333,0.0,21.0,8.9,3.733333333333333,0.0,0.0,1.75,1.888888888888889,51.375,0.0,0.0,14.875,10.3125,4.0,0.5,0.0,6,0.2,211,2040,2.9600000381469727,0.18000000715255737,6.21999979019165,0.09000000357627869,0.019999999552965164,0.12999999523162842,0.09000000357627869,1.6,0.714,2.37,-0.1,3.41,Man Utd,16,0,3.19,Coventry City,7,1,2.97,Chelsea,6,0,3.03,Crystal Palace,8,1,3.81,Leeds,13,0,3.28,0,0,5,False,False,3.28,0.064,🟡 Moderate,0.0,2.96,0.0,3.03,0.532,5.65
515,James Maddison,Midfielder,Spurs,6.3,19,a,100,False,False,0,95,1.0,4,0.3333333333333333,0.5,4.333333333333333,6.923076923076923,0.0,0.0,0.0,0.0,0.0,1.2666666666666666,2.2666666666666666,0.0,0.0,0.625,0.6296296296296298,9.25,0.0,0.0,1.0,2.9375,2.0,0.5,0.0,6,0.4,815,2058,1.440000057220459,0.05000000074505806,2.430000066757202,0.05000000074505806,0.019999999552965164,0.07999999821186066,0.09000000357627869,1.43,0.12,0.55,-0.1,3.41,Man Utd,16,0,3.19,Coventry City,7,1,2.97,Chelsea,6,0,3.03,Crystal Palace,8,1,3.81,Leeds,13,0,3.28,0,0,5,False,False,3.28,0.064,🟡 Moderate,0.0,1.44,0.0,0.7,0.111,1.46
516,Rodrigo Bentancur,Midfielder,Spurs,5.5,19,a,100,False,False,0,95,1.0,4,3.3333333333333335,2.75,80.66666666666667,3.71900826446281,0.0,0.0,0.6666666666666666,0.0,2.0,6.1000000000000005,18.8,0.0,0.0,3.125,2.7037037037037037,70.375,0.0,0.0,1.5,7.5,4.0,0.5,0.0,6,0.2,424,782,2.690000057220459,0.5099999904632568,5.420000076293945,0.05000000074505806,0.07999999821186066,0.11999999731779099,0.15000000596046448,2.74,0.926,2.55,-0.1,3.41,Man Utd,16,0,3.19,Coventry City,7,1,2.97,Chelsea,6,0,3.03,Crystal Palace,8,1,3.81,Leeds,13,0,3.28,0,0,5,False,False,3.28,0.064,🟡 Moderate,0.0,2.69,0.0,3.26,0.593,5.84
517,Wilson Odobert,Midfielder,Spurs,5.5,19,i,0,False,False,0,95,1.0,4,0.0,0.0,0.0,0.0,0.0,0.0,0.0,0.0,0.0,0.0,0.0,0.0,0.0,0.0,0.0,0.0,0.0,0.0,0.0,0.0,0.0,0.5,0.0,6,0.0,31,14,0.5799999833106995,0.0,1.4900000095367432,0.03999999910593033,0.029999999329447746,0.03999999910593033,0.09000000357627869,0.39,0.0,0.0,-0.1,3.41,Man Utd,16,0,3.19,Coventry City,7,1,2.97,Chelsea,6,0,3.03,Crystal Palace,8,1,3.81,Leeds,13,0,3.28,0,0,5,False,False,3.28,0.064,🟡 Moderate,0.0,0.58,0.0,0.74,0.135,0.22
518,Pape Matar Sarr,Midfielder,Spurs,4.9,19,u,0,False,False,0,95,1.0,4,0.0,0.0,0.0,0.0,0.0,0.0,0.0,0.0,0.0,0.0,0.0,0.0,0.0,0.0,0.0,0.0,0.0,0.0,0.0,0.0,0.0,0.5,0.0,6,0.1,0,713,0.3799999952316284,0.0,0.6499999761581421,0.03999999910593033,0.019999999552965164,0.029999999329447746,0.07999999821186066,0.33,0.0,0.0,-0.1,3.41,Man Utd,16,0,3.19,Coventry City,7,1,2.97,Chelsea,6,0,3.03,Crystal Palace,8,1,3.81,Leeds,13,0,3.28,0,0,5,False,False,3.28,0.064,🟡 Moderate,0.0,0.38,0.0,0.49,0.1,0.1
519,Conor Gallagher,Midfielder,Spurs,5.3,19,a,100,False,False,0,95,1.0,4,1.0,0.75,27.666666666666668,3.253012048192771,0.0,0.0,0.3333333333333333,0.0,0.6666666666666666,1.4666666666666668,3.4,0.0,0.0,0.75,0.6666666666666667,26.375,0.0,0.0,0.625,1.7875,2.0,0.5,-1.0,6,0.2,837,687,1.1699999570846558,0.0,3.0399999618530273,0.05000000074505806,0.019999999552965164,0.029999999329447746,0.07999999821186066,1.43,0.438,0.71,-0.1,3.41,Man Utd,16,0,3.19,Coventry City,7,1,2.97,Chelsea,6,0,3.03,Crystal Palace,8,1,3.81,Leeds,13,0,3.28,0,0,5,False,False,3.28,0.064,🟡 Moderate,0.0,1.17,0.0,0.91,0.172,1.88
520,Lucas Bergvall,Midfielder,Spurs,5.3,19,a,100,False,False,0,95,1.0,4,0.3333333333333333,0.5,9.0,3.333333333333333,0.0,0.0,0.0,0.0,2.3333333333333335,2.6333333333333333,2.6666666666666665,0.0,0.0,0.625,0.6296296296296298,19.125,0.0,0.0,3.75,4.2,2.0,0.5,0.0,6,0.1,113,654,1.4800000190734863,0.0,3.7100000381469727,0.03999999910593033,0.019999999552965164,0.03999999910593033,0.07999999821186066,1.36,0.2,0.65,-0.1,3.41,Man Utd,16,0,3.19,Coventry City,7,1,2.97,Chelsea,6,0,3.03,Crystal Palace,8,1,3.81,Leeds,13,0,3.28,0,0,5,False,False,3.28,0.064,🟡 Moderate,0.0,1.48,0.0,0.83,0.157,1.86
521,Dejan Kulusevski,Midfielder,Spurs,6.5,19,i,0,False,False,0,95,1.0,4,0.0,0.0,0.0,0.0,0.0,0.0,0.0,0.0,0.0,0.0,0.0,0.0,0.0,0.0,0.0,0.0,0.0,0.0,0.0,0.0,0.0,0.5,0.0,6,0.0,107,78,0.6000000238418579,0.0,2.0399999618530273,0.05000000074505806,0.019999999552965164,0.07999999821186066,0.09000000357627869,0.42,0.0,0.0,-0.1,3.41,Man Utd,16,0,3.19,Coventry City,7,1,2.97,Chelsea,6,0,3.03,Crystal Palace,8,1,3.81,Leeds,13,0,3.28,0,0,5,False,False,3.28,0.064,🟡 Moderate,0.0,0.6,0.0,0.77,0.118,0.31
522,Archie Gray,Midfielder,Spurs,4.9,19,a,100,False,False,0,95,1.0,4,1.6666666666666667,1.75,50.333333333333336,2.980132450331126,0.0,0.0,0.3333333333333333,0.0,3.3333333333333335,2.733333333333333,3.7999999999999994,0.0,0.0,2.0,1.888888888888889,61.0,0.0,0.0,5.0,3.95,3.0,0.5,-1.0,6,0.2,487,1277,2.8499999046325684,0.10999999940395355,5.070000171661377,0.05999999865889549,0.03999999910593033,0.12999999523162842,0.07999999821186066,1.48,0.666,2.18,-0.1,3.41,Man Utd,16,0,3.19,Coventry City,7,1,2.97,Chelsea,6,0,3.03,Crystal Palace,8,1,3.81,Leeds,13,0,3.28,0,0,5,False,False,3.28,0.064,🟡 Moderate,0.0,2.85,0.0,2.79,0.569,5.1
523,Mikey Moore,Midfielder,Spurs,5.0,19,u,0,False,False,0,95,1.0,4,0.3333333333333333,0.75,7.333333333333333,4.090909090909091,0.0,0.0,0.0,0.0,0.3333333333333333,0.13333333333333333,0.0,0.0,0.0,0.375,0.740740740740741,11.125,0.0,0.0,7.0,0.7875000000000001,2.0,0.5,0.0,6,0.1,0,565,0.6600000262260437,0.0,1.899999976158142,0.03999999910593033,0.029999999329447746,0.029999999329447746,0.07999999821186066,1.36,0.173,0.0,-0.1,3.41,Man Utd,16,0,3.19,Coventry City,7,1,2.97,Chelsea,6,0,3.03,Crystal Palace,8,1,3.81,Leeds,13,0,3.28,0,0,5,False,False,3.28,0.064,🟡 Moderate,0.0,0.66,0.0,0.84,0.168,0.28
524,Callum Olusesi,Midfielder,Spurs,4.4,19,a,100,False,False,0,95,1.0,4,0.0,0.0,0.0,0.0,0.0,0.0,0.0,0.0,0.0,0.0,0.0,0.0,0.0,0.0,0.0,0.0,0.0,0.0,0.0,0.0,0.0,0.5,0.0,6,1.0,6180,7870,0.3799999952316284,0.0,0.47999998927116394,0.03999999910593033,0.019999999552965164,0.029999999329447746,0.07999999821186066,0.33,0.0,0.11,-0.1,3.41,Man Utd,16,0,3.19,Coventry City,7,1,2.97,Chelsea,6,0,3.03,Crystal Palace,8,1,3.81,Leeds,13,0,3.28,0,0,5,False,False,3.28,0.064,🟡 Moderate,0.0,0.38,0.0,0.14,0.032,0.29
525,Mateus Fernandes,Midfielder,Spurs,5.7,19,a,100,False,False,0,95,1.0,4,1.6666666666666667,1.5,53.0,2.830188679245283,0.0,0.0,0.3333333333333333,0.0,7.666666666666667,19.9,5.666666666666667,0.0,0.3333333333333333,1.875,1.5925925925925928,49.625,0.0,0.0,11.375,15.7875,4.0,0.5,0.0,6,0.8,503,6945,2.4800000190734863,0.27000001072883606,6.0,0.05999999865889549,0.07000000029802322,0.15000000596046448,0.10000000149011612,1.62,0.69,1.94,-0.1,3.41,Man Utd,16,0,3.19,Coventry City,7,1,2.97,Chelsea,6,0,3.03,Crystal Palace,8,1,3.81,Leeds,13,0,3.28,0,0,5,False,False,3.28,0.064,🟡 Moderate,0.0,2.48,0.0,2.48,0.435,4.74
526,Dominic Solanke-Mitchell,Forward,Spurs,5.8,19,a,100,False,False,0,95,1.0,4,1.3333333333333333,1.25,27.666666666666668,4.337349397590361,0.0,0.0,0.3333333333333333,0.0,5.333333333333333,1.633333333333333,1.0666666666666667,0.0,0.0,1.5,1.3333333333333335,37.125,0.0,0.0,5.375,2.2624999999999997,4.0,0.5,-1.0,6,0.8,2116,5983,2.680000066757202,0.05000000074505806,6.71999979019165,0.3799999952316284,0.05999999865889549,0.11999999731779099,0.28999999165534973,2.98,0.438,1.63,-0.1,3.41,Man Utd,16,0,3.19,Coventry City,7,1,2.97,Chelsea,6,0,3.03,Crystal Palace,8,1,3.81,Leeds,13,0,3.28,0,0,5,False,False,3.28,0.064,🟡 Moderate,0.0,2.68,0.0,2.08,0.359,4.26
527,Richarlison de Andrade,Forward,Spurs,5.9,19,u,0,False,False,0,95,1.0,4,0.0,0.5,0.0,0.0,0.0,0.0,0.0,0.0,0.0,0.0,0.0,0.0,0.0,0.25,0.5925925925925928,8.375,0.0,0.0,0.0,0.275,1.0,0.5,0.0,6,0.6,0,6079,2.0799999237060547,0.0,3.7200000286102295,0.23000000417232513,0.05999999865889549,0.10999999940395355,0.20000000298023224,1.31,0.0,0.0,-0.1,3.41,Man Utd,16,0,3.19,Coventry City,7,1,2.97,Chelsea,6,0,3.03,Crystal Palace,8,1,3.81,Leeds,13,0,3.28,0,0,5,False,False,3.28,0.064,🟡 Moderate,0.0,2.08,0.0,2.66,0.451,0.56
528,Dane Scarlett,Forward,Spurs,4.5,19,u,0,False,False,0,95,1.0,4,0.0,0.0,0.0,0.0,0.0,0.0,0.0,0.0,0.0,0.0,0.0,0.0,0.0,0.0,0.0,0.0,0.0,0.0,0.0,0.0,0.0,0.5,0.0,6,1.1,0,8387,0.47999998927116394,0.0,0.7599999904632568,0.05000000074505806,0.05999999865889549,0.019999999552965164,0.10000000149011612,0.49,0.0,0.0,-0.1,3.41,Man Utd,16,0,3.19,Coventry City,7,1,2.97,Chelsea,6,0,3.03,Crystal Palace,8,1,3.81,Leeds,13,0,3.28,0,0,5,False,False,3.28,0.064,🟡 Moderate,0.0,0.48,0.0,0.61,0.136,0.11
578,Mykhailo Mudryk,Midfielder,Spurs,5.3,19,i,0,False,False,0,95,1.0,4,0.3333333333333333,0.25,5.333333333333333,5.625,0.0,0.0,0.0,0.0,0.6666666666666666,0.03333333333333333,0.0,0.0,0.0,0.25,0.22222222222222224,4.0,0.0,0.0,0.5,0.025,1.0,0.5,0.0,6,0.0,23,580,0.44999998807907104,0.0,1.1100000143051147,0.03999999910593033,0.019999999552965164,0.029999999329447746,0.07999999821186066,1.33,0.138,0.0,-0.1,3.41,Man Utd,16,0,3.19,Coventry City,7,1,2.97,Chelsea,6,0,3.03,Crystal Palace,8,1,3.81,Leeds,13,0,3.28,0,0,5,False,False,3.28,0.064,🟡 Moderate,0.0,0.45,0.0,0.57,0.108,0.17
601,Luca Williams-Barnett,Midfielder,Spurs,4.5,19,a,100,False,False,0,95,1.0,4,0.0,0.0,0.0,0.0,0.0,0.0,0.0,0.0,0.0,0.0,0.0,0.0,0.0,0.0,0.0,0.0,0.0,0.0,0.0,0.0,0.0,0.5,0.0,6,0.1,175,784,0.3799999952316284,0.0,0.47999998927116394,0.03999999910593033,0.019999999552965164,0.029999999329447746,0.07999999821186066,0.33,0.0,0.11,-0.1,3.41,Man Utd,16,0,3.19,Coventry City,7,1,2.97,Chelsea,6,0,3.03,Crystal Palace,8,1,3.81,Leeds,13,0,3.28,0,0,5,False,False,3.28,0.064,🟡 Moderate,0.0,0.38,0.0,0.14,0.031,0.29
501,Kevin Danso,Defender,Sunderland,5.0,20,a,100,False,False,1,693,1.0,3,1.0,0.75,60.0,1.5,0.0,0.0,0.0,0.0,0.6666666666666666,7.3,12.533333333333333,0.0,0.0,1.0,0.7777777777777778,67.5,0.0,0.0,1.0,8.225,2.0,0.5,0.0,6,0.2,1215,880,1.4700000286102295,0.0,4.460000038146973,0.019999999552965164,0.019999999552965164,0.11999999731779099,0.07000000029802322,2.75,0.753,1.22,-0.1,3.26,Brighton,5,1,3.04,Bournemouth,3,0,3.41,Leeds,13,1,1.4,Coventry City,7,0,2.53,Chelsea,6,1,2.73,0,0,5,False,True,3.08,-0.31,🟢 Easy,0.0,1.47,0.0,1.88,0.376,3.11
529,Robin Roefs,Goalkeeper,Sunderland,4.9,20,a,100,False,False,1,693,1.0,3,3.3333333333333335,2.75,90.0,3.333333333333334,0.0,0.0,0.3333333333333333,0.0,0.0,0.0,14.6,1.3333333333333333,0.0,2.375,2.2962962962962967,90.0,0.0,0.0,0.0,0.0,4.0,0.5,-1.0,6,2.4,2153,12232,2.5799999237060547,0.0,5.050000190734863,0.0,0.0,0.20000000298023224,0.07999999821186066,2.87,1.0,2.58,-0.1,3.26,Brighton,5,1,3.04,Bournemouth,3,0,3.41,Leeds,13,1,1.4,Coventry City,7,0,2.53,Chelsea,6,1,2.73,0,0,5,False,True,3.08,-0.31,🟢 Easy,0.0,2.58,0.0,3.7,0.755,5.92
530,Anthony Patterson,Goalkeeper,Sunderland,4.0,20,u,0,False,False,1,693,1.0,3,0.0,0.0,0.0,0.0,0.0,0.0,0.0,0.0,0.0,0.0,0.0,0.0,0.0,0.0,0.0,0.0,0.0,0.0,0.0,0.0,0.0,0.5,0.0,6,0.1,0,374,0.12999999523162842,0.0,0.05999999865889549,0.0,0.0,0.029999999329447746,0.05000000074505806,0.05,0.0,0.0,-0.1,3.26,Brighton,5,1,3.04,Bournemouth,3,0,3.41,Leeds,13,1,1.4,Coventry City,7,0,2.53,Chelsea,6,1,2.73,0,0,5,False,True,3.08,-0.31,🟢 Easy,0.0,0.13,0.0,0.19,0.048,0.01
531,Melker Ellborg,Goalkeeper,Sunderland,4.4,20,a,100,False,False,1,693,1.0,3,0.0,0.0,0.0,0.0,0.0,0.0,0.0,0.0,0.0,0.0,0.0,0.0,0.0,0.0,0.0,0.0,0.0,0.0,0.0,0.0,0.0,0.5,0.0,6,0.1,145,263,0.12999999523162842,0.0,0.05999999865889549,0.0,0.0,0.029999999329447746,0.05000000074505806,0.05,0.0,0.04,-0.1,3.26,Brighton,5,1,3.04,Bournemouth,3,0,3.41,Leeds,13,1,1.4,Coventry City,7,0,2.53,Chelsea,6,1,2.73,0,0,5,False,True,3.08,-0.31,🟢 Easy,0.0,0.13,0.0,0.06,0.014,0.09
532,Daniel Ballard,Defender,Sunderland,4.9,20,d,75,False,False,1,693,1.0,3,4.0,3.0,90.0,4.0,0.0,0.0,0.3333333333333333,0.0,8.0,7.4333333333333345,19.2,0.0,0.3333333333333333,2.0,2.0740740740740744,90.0,0.0,0.0,7.375,8.275,4.0,0.5,0.0,6,2.5,3637,18619,2.2799999713897705,0.05000000074505806,6.980000019073486,0.029999999329447746,0.07000000029802322,0.11999999731779099,0.25,3.08,1.0,1.71,-0.1,3.26,Brighton,5,1,3.04,Bournemouth,3,0,3.41,Leeds,13,1,1.4,Coventry City,7,0,2.53,Chelsea,6,1,2.73,0,0,5,False,True,3.08,-0.31,🟢 Easy,0.0,2.28,0.0,2.64,0.539,4.46
533,Nordi Mukiele,Defender,Sunderland,5.4,20,a,100,False,False,1,693,1.0,3,4.333333333333333,3.25,90.0,4.333333333333333,0.0,0.0,0.3333333333333333,0.3333333333333333,16.0,5.966666666666666,28.46666666666667,0.0,0.3333333333333333,2.125,2.2222222222222223,78.75,0.0,0.0,23.25,4.7,3.0,0.5,-1.0,6,1.9,5396,9243,2.109999895095825,0.05000000074505806,5.5,0.029999999329447746,0.1599999964237213,0.11999999731779099,0.17000000178813934,3.28,1.0,2.11,-0.1,3.26,Brighton,5,1,3.04,Bournemouth,3,0,3.41,Leeds,13,1,1.4,Coventry City,7,0,2.53,Chelsea,6,1,2.73,0,0,5,False,True,3.08,-0.31,🟢 Easy,0.0,2.11,0.0,3.25,0.602,5.04
534,Trai Hume,Defender,Sunderland,4.3,20,a,100,False,False,1,693,1.0,3,2.3333333333333335,2.25,38.666666666666664,5.431034482758622,0.0,0.0,0.3333333333333333,0.0,0.6666666666666666,6.400000000000001,7.466666666666666,0.0,0.0,1.25,1.7037037037037044,27.625,0.0,0.0,1.875,7.3375,3.0,0.5,0.0,6,2.8,1274,30957,1.0299999713897705,0.0,3.4100000858306885,0.029999999329447746,0.019999999552965164,0.10000000149011612,0.03999999910593033,1.24,0.554,0.71,-0.1,3.26,Brighton,5,1,3.04,Bournemouth,3,0,3.41,Leeds,13,1,1.4,Coventry City,7,0,2.53,Chelsea,6,1,2.73,0,0,5,False,True,3.08,-0.31,🟢 Easy,0.0,1.03,0.0,1.1,0.256,1.93
535,Omar Alderete,Defender,Sunderland,4.8,20,a,100,False,False,1,693,1.0,3,0.0,0.25,0.0,0.0,0.0,0.0,0.0,0.0,0.0,0.0,0.0,0.0,0.0,0.125,0.2962962962962964,2.875,0.0,0.0,0.0,0.075,1.0,0.5,0.0,6,0.2,233,1117,0.6200000047683716,0.0,1.9199999570846558,0.019999999552965164,0.019999999552965164,0.10000000149011612,0.03999999910593033,0.22,0.0,0.19,-0.1,3.26,Brighton,5,1,3.04,Bournemouth,3,0,3.41,Leeds,13,1,1.4,Coventry City,7,0,2.53,Chelsea,6,1,2.73,0,0,5,False,True,3.08,-0.31,🟢 Easy,0.0,0.62,0.0,0.29,0.06,0.67
536,Reinildo Mandava,Defender,Sunderland,4.4,20,a,100,False,False,1,693,1.0,3,2.0,1.75,90.0,2.0,0.0,0.0,0.3333333333333333,0.0,0.6666666666666666,2.966666666666667,10.266666666666666,0.0,0.0,0.375,0.9629629629629634,90.0,0.0,0.0,0.75,5.2625,4.0,0.5,0.0,6,0.3,221,1613,2.0999999046325684,0.05000000074505806,4.949999809265137,0.029999999329447746,0.019999999552965164,0.11999999731779099,0.07999999821186066,2.78,1.0,2.1,-0.1,3.26,Brighton,5,1,3.04,Bournemouth,3,0,3.41,Leeds,13,1,1.4,Coventry City,7,0,2.53,Chelsea,6,1,2.73,0,0,5,False,True,3.08,-0.31,🟢 Easy,0.0,2.1,0.0,3.24,0.736,4.93
537,Jenson Seelt,Defender,Sunderland,4.5,20,u,0,False,False,1,693,1.0,3,0.0,0.0,0.0,0.0,0.0,0.0,0.0,0.0,0.0,0.0,0.0,0.0,0.0,0.0,0.0,0.0,0.0,0.0,0.0,0.0,0.0,0.5,0.0,6,0.0,0,23,0.6200000047683716,0.0,2.1600000858306885,0.019999999552965164,0.019999999552965164,0.10000000149011612,0.03999999910593033,0.22,0.0,0.0,-0.1,3.26,Brighton,5,1,3.04,Bournemouth,3,0,3.41,Leeds,13,1,1.4,Coventry City,7,0,2.53,Chelsea,6,1,2.73,0,0,5,False,True,3.08,-0.31,🟢 Easy,0.0,0.62,0.0,0.96,0.213,0.32
538,Leo Fuhr Hjelde,Defender,Sunderland,4.0,20,u,0,False,False,1,693,1.0,3,0.0,0.0,0.0,0.0,0.0,0.0,0.0,0.0,0.0,0.0,0.0,0.0,0.0,0.0,0.0,0.0,0.0,0.0,0.0,0.0,0.0,0.5,0.0,6,0.0,0,165,0.36000001430511475,0.0,0.49000000953674316,0.019999999552965164,0.019999999552965164,0.09000000357627869,0.029999999329447746,0.22,0.0,0.0,-0.1,3.26,Brighton,5,1,3.04,Bournemouth,3,0,3.41,Leeds,13,1,1.4,Coventry City,7,0,2.53,Chelsea,6,1,2.73,0,0,5,False,True,3.08,-0.31,🟢 Easy,0.0,0.36,0.0,0.56,0.14,0.07
539,Luke O'Nien,Defender,Sunderland,3.9,20,a,100,False,False,1,693,1.0,3,0.0,0.25,0.0,0.0,0.0,0.0,0.0,0.0,0.0,0.0,0.0,0.0,0.0,0.125,0.2962962962962964,8.25,0.0,0.0,0.5,0.175,1.0,0.5,0.0,6,2.5,18590,12307,0.4000000059604645,0.0,0.5199999809265137,0.019999999552965164,0.019999999552965164,0.09000000357627869,0.029999999329447746,0.22,0.0,0.12,-0.1,3.26,Brighton,5,1,3.04,Bournemouth,3,0,3.41,Leeds,13,1,1.4,Coventry City,7,0,2.53,Chelsea,6,1,2.73,0,0,5,False,True,3.08,-0.31,🟢 Easy,0.0,0.4,0.0,0.19,0.049,0.32
540,Arthur Masuaku,Defender,Sunderland,4.0,20,u,0,False,False,1,693,1.0,3,0.0,0.0,0.0,0.0,0.0,0.0,0.0,0.0,0.0,0.0,0.0,0.0,0.0,0.0,0.0,0.0,0.0,0.0,0.0,0.0,0.0,0.5,0.0,6,0.1,0,656,0.36000001430511475,0.0,0.49000000953674316,0.019999999552965164,0.019999999552965164,0.09000000357627869,0.029999999329447746,0.22,0.0,0.0,-0.1,3.26,Brighton,5,1,3.04,Bournemouth,3,0,3.41,Leeds,13,1,1.4,Coventry City,7,0,2.53,Chelsea,6,1,2.73,0,0,5,False,True,3.08,-0.31,🟢 Easy,0.0,0.36,0.0,0.56,0.14,0.07
541,Thomas Meunier,Defender,Sunderland,4.5,20,a,100,False,False,1,693,1.0,3,3.3333333333333335,2.75,76.0,3.947368421052632,0.0,0.0,0.3333333333333333,0.0,10.0,7.766666666666667,11.200000000000001,0.0,0.0,2.375,2.2962962962962967,75.75,0.0,0.0,11.5,4.4375,4.0,0.5,0.0,6,0.3,1734,950,1.4299999475479126,0.0,5.650000095367432,0.029999999329447746,0.029999999329447746,0.11999999731779099,0.14000000059604645,2.85,0.888,1.32,-0.1,3.26,Brighton,5,1,3.04,Bournemouth,3,0,3.41,Leeds,13,1,1.4,Coventry City,7,0,2.53,Chelsea,6,1,2.73,0,0,5,False,True,3.08,-0.31,🟢 Easy,0.0,1.43,0.0,2.04,0.453,3.49
542,Enzo Le Fée,Midfielder,Sunderland,5.7,20,a,100,False,False,1,693,1.0,3,3.6666666666666665,3.25,89.66666666666667,3.680297397769516,0.3333333333333333,0.0,0.3333333333333333,0.3333333333333333,26.666666666666668,18.2,16.73333333333333,0.0,0.0,2.625,2.8148148148148153,88.5,0.25,0.0,22.75,19.6625,4.0,0.5,0.0,6,3.4,12118,25279,3.819999933242798,1.2000000476837158,7.78000020980835,0.10999999940395355,0.20999999344348907,0.18000000715255737,0.20999999344348907,3.57,0.997,3.81,-0.1,3.26,Brighton,5,1,3.04,Bournemouth,3,0,3.41,Leeds,13,1,1.4,Coventry City,7,0,2.53,Chelsea,6,1,2.73,0,0,5,False,True,3.08,-0.31,🟢 Easy,0.0,3.82,0.0,5.32,0.933,8.61
543,Habib Diarra,Midfielder,Sunderland,5.3,20,i,0,False,False,1,693,1.0,3,1.3333333333333333,1.25,6.0,20.0,0.0,0.3333333333333333,0.0,0.0,0.0,3.4333333333333336,5.066666666666666,0.0,0.0,0.625,0.8888888888888891,3.5,0.0,0.125,0.25,1.3625,2.0,0.5,0.0,6,0.0,20,248,1.0199999809265137,0.0,2.299999952316284,0.03999999910593033,0.05000000074505806,0.03999999910593033,0.09000000357627869,1.46,0.15,0.0,-0.1,3.26,Brighton,5,1,3.04,Bournemouth,3,0,3.41,Leeds,13,1,1.4,Coventry City,7,0,2.53,Chelsea,6,1,2.73,0,0,5,False,True,3.08,-0.31,🟢 Easy,0.0,1.02,0.0,1.42,0.268,0.34
544,Granit Xhaka,Midfielder,Sunderland,5.5,20,a,100,False,False,1,693,1.0,3,3.3333333333333335,4.75,90.0,3.333333333333334,0.0,0.0,0.3333333333333333,1.0,1.0,40.800000000000004,16.73333333333333,0.0,0.6666666666666666,3.125,4.555555555555556,90.0,0.0,0.125,0.75,38.2875,4.0,0.5,0.0,6,3.6,6588,24272,3.940000057220459,0.9200000166893005,6.190000057220459,0.05999999865889549,0.1899999976158142,0.14000000059604645,0.3100000023841858,3.3,1.0,3.94,-0.1,3.26,Brighton,5,1,3.04,Bournemouth,3,0,3.41,Leeds,13,1,1.4,Coventry City,7,0,2.53,Chelsea,6,1,2.73,0,0,5,False,True,3.08,-0.31,🟢 Easy,0.0,3.94,0.0,5.5,1.0,8.67
545,Noah Sadiki,Midfielder,Sunderland,4.9,20,a,100,False,False,1,693,1.0,3,2.0,2.0,84.33333333333333,2.1343873517786562,0.0,0.0,0.3333333333333333,0.0,18.333333333333332,8.033333333333333,12.733333333333334,0.0,0.3333333333333333,1.875,1.925925925925926,85.75,0.0,0.0,16.375,9.387500000000001,4.0,0.5,0.0,6,0.2,421,1415,3.3499999046325684,0.5099999904632568,6.460000038146973,0.10000000149011612,0.09000000357627869,0.1599999964237213,0.10000000149011612,3.01,0.955,3.25,-0.1,3.26,Brighton,5,1,3.04,Bournemouth,3,0,3.41,Leeds,13,1,1.4,Coventry City,7,0,2.53,Chelsea,6,1,2.73,0,0,5,False,True,3.08,-0.31,🟢 Easy,0.0,3.35,0.0,4.54,0.927,7.39
546,Simon Adingra,Midfielder,Sunderland,4.9,20,u,0,False,False,1,693,1.0,3,0.0,0.0,0.0,0.0,0.0,0.0,0.0,0.0,0.0,0.0,0.0,0.0,0.0,0.0,0.0,0.0,0.0,0.0,0.0,0.0,0.0,0.5,0.0,6,0.0,0,195,0.3799999952316284,0.0,0.6399999856948853,0.03999999910593033,0.019999999552965164,0.03999999910593033,0.07999999821186066,0.33,0.0,0.0,-0.1,3.26,Brighton,5,1,3.04,Bournemouth,3,0,3.41,Leeds,13,1,1.4,Coventry City,7,0,2.53,Chelsea,6,1,2.73,0,0,5,False,True,3.08,-0.31,🟢 Easy,0.0,0.38,0.0,0.53,0.108,0.1
547,Romaine Mundle,Midfielder,Sunderland,4.9,20,i,0,False,False,1,693,1.0,3,0.3333333333333333,0.25,0.3333333333333333,90.0,0.0,0.0,0.0,0.0,5.666666666666667,0.03333333333333333,2.6666666666666665,0.0,0.0,0.125,0.14814814814814817,0.125,0.0,0.0,2.125,0.0125,1.0,0.5,0.0,6,0.0,10,56,0.6600000262260437,0.0,3.259999990463257,0.05000000074505806,0.019999999552965164,0.029999999329447746,0.09000000357627869,0.4,0.02,0.0,-0.1,3.26,Brighton,5,1,3.04,Bournemouth,3,0,3.41,Leeds,13,1,1.4,Coventry City,7,0,2.53,Chelsea,6,1,2.73,0,0,5,False,True,3.08,-0.31,🟢 Easy,0.0,0.66,0.0,0.92,0.188,0.49
548,Chris Rigg,Midfielder,Sunderland,4.9,20,a,100,False,False,1,693,1.0,3,0.3333333333333333,0.5,2.3333333333333335,12.857142857142856,0.0,0.0,0.0,0.0,0.0,0.0,0.0,0.0,0.0,0.25,0.44444444444444453,2.125,0.0,0.0,0.0,0.0375,2.0,0.5,0.0,6,0.0,34,242,0.41999998688697815,0.0,0.6899999976158142,0.03999999910593033,0.019999999552965164,0.029999999329447746,0.07999999821186066,1.33,0.078,0.15,-0.1,3.26,Brighton,5,1,3.04,Bournemouth,3,0,3.41,Leeds,13,1,1.4,Coventry City,7,0,2.53,Chelsea,6,1,2.73,0,0,5,False,True,3.08,-0.31,🟢 Easy,0.0,0.42,0.0,0.21,0.043,0.4
549,Chemsdine Talbi,Midfielder,Sunderland,5.3,20,a,100,False,False,1,693,1.0,3,0.0,0.25,0.0,0.0,0.0,0.0,0.0,0.0,0.0,0.0,0.0,0.0,0.0,0.125,0.2962962962962964,3.875,0.0,0.0,0.0,0.1125,1.0,0.5,-1.0,6,0.1,115,593,0.41999998688697815,0.0,0.6800000071525574,0.03999999910593033,0.019999999552965164,0.03999999910593033,0.07999999821186066,0.34,0.0,0.13,-0.1,3.26,Brighton,5,1,3.04,Bournemouth,3,0,3.41,Leeds,13,1,1.4,Coventry City,7,0,2.53,Chelsea,6,1,2.73,0,0,5,False,True,3.08,-0.31,🟢 Easy,0.0,0.42,0.0,0.18,0.034,0.36
550,Djiamgone Jocelin Ta Bi,Midfielder,Sunderland,5.0,20,a,100,False,False,1,693,1.0,3,0.0,0.0,0.0,0.0,0.0,0.0,0.0,0.0,0.0,0.0,0.0,0.0,0.0,0.0,0.0,0.0,0.0,0.0,0.0,0.0,0.0,0.5,0.0,6,0.0,41,45,0.41999998688697815,0.0,0.7300000190734863,0.03999999910593033,0.019999999552965164,0.03999999910593033,0.07999999821186066,0.33,0.0,0.13,-0.1,3.26,Brighton,5,1,3.04,Bournemouth,3,0,3.41,Leeds,13,1,1.4,Coventry City,7,0,2.53,Chelsea,6,1,2.73,0,0,5,False,True,3.08,-0.31,🟢 Easy,0.0,0.42,0.0,0.18,0.036,0.37
551,Nilson Angulo,Midfielder,Sunderland,5.0,20,a,100,False,False,1,693,1.0,3,2.3333333333333335,3.0,65.33333333333333,3.214285714285715,0.0,0.0,0.3333333333333333,0.0,6.0,7.766666666666667,6.0,0.0,0.0,2.5,3.0370370370370376,65.5,0.125,0.0,7.0,4.375,4.0,0.5,0.0,6,0.1,536,813,2.5999999046325684,0.2800000011920929,5.75,0.03999999910593033,0.03999999910593033,0.11999999731779099,0.09000000357627869,2.55,0.799,2.23,-0.1,3.26,Brighton,5,1,3.04,Bournemouth,3,0,3.41,Leeds,13,1,1.4,Coventry City,7,0,2.53,Chelsea,6,1,2.73,0,0,5,False,True,3.08,-0.31,🟢 Easy,0.0,2.6,0.0,3.11,0.622,5.28
552,Brian Brobbey,Forward,Sunderland,5.7,20,d,75,False,False,1,693,1.0,3,1.6666666666666667,1.75,81.0,1.8518518518518519,0.0,0.0,0.3333333333333333,0.0,16.333333333333332,17.133333333333333,1.4666666666666668,0.0,0.3333333333333333,1.5,1.6666666666666667,83.625,0.0,0.0,16.125,15.5625,4.0,0.5,0.0,6,6.9,197066,50701,2.9000000953674316,0.05000000074505806,6.449999809265137,0.2199999988079071,0.07000000029802322,0.05999999865889549,0.27000001072883606,3.36,0.929,2.07,-0.1,3.26,Brighton,5,1,3.04,Bournemouth,3,0,3.41,Leeds,13,1,1.4,Coventry City,7,0,2.53,Chelsea,6,1,2.73,0,0,5,False,True,3.08,-0.31,🟢 Easy,0.0,2.9,0.0,2.89,0.507,5.1
553,Wilson Isidor,Forward,Sunderland,5.5,20,a,100,False,False,1,693,1.0,3,4.333333333333333,3.5,24.0,16.25,0.3333333333333333,0.3333333333333333,0.0,1.0,11.666666666666666,0.16666666666666666,10.2,0.0,0.0,2.625,2.703703703703704,22.625,0.125,0.25,5.625,0.1625,4.0,0.5,0.0,6,1.3,3622,12013,3.7200000286102295,0.05000000074505806,6.860000133514404,0.3100000023841858,0.10000000149011612,0.03999999910593033,0.2199999988079071,2.76,0.396,2.15,-0.1,3.26,Brighton,5,1,3.04,Bournemouth,3,0,3.41,Leeds,13,1,1.4,Coventry City,7,0,2.53,Chelsea,6,1,2.73,0,0,5,False,True,3.08,-0.31,🟢 Easy,0.0,3.72,0.0,3.0,0.545,5.32
612,Dayann Méthalie,Defender,Sunderland,4.5,20,a,100,False,False,1,693,1.0,3,0.0,0.0,0.0,0.0,0.0,0.0,0.0,0.0,0.0,0.0,0.0,0.0,0.0,0.0,0.0,0.0,0.0,0.0,0.0,0.0,0.0,0.6666666666666666,0.0,6,0.0,126,74,0.6200000047683716,0.0,2.1600000858306885,0.019999999552965164,0.019999999552965164,0.10000000149011612,0.03999999910593033,0.22,0.0,0.19,-0.1,3.26,Brighton,5,1,3.04,Bournemouth,3,0,3.41,Leeds,13,1,1.4,Coventry City,7,0,2.53,Chelsea,6,1,2.73,0,0,5,False,True,3.08,-0.31,🟢 Easy,0.0,0.62,0.0,0.29,0.064,0.7
613,Jules Ahoka,Midfielder,Sunderland,4.5,20,a,100,False,False,1,693,1.0,3,0.0,0.0,0.0,0.0,0.0,0.0,0.0,0.0,0.0,0.0,0.0,0.0,0.0,0.0,0.0,0.0,0.0,0.0,0.0,0.0,0.0,0.6666666666666666,0.0,6,0.2,621,1663,0.3799999952316284,0.0,0.49000000953674316,0.03999999910593033,0.019999999552965164,0.03999999910593033,0.07999999821186066,0.33,0.0,0.11,-0.1,3.26,Brighton,5,1,3.04,Bournemouth,3,0,3.41,Leeds,13,1,1.4,Coventry City,7,0,2.53,Chelsea,6,1,2.73,0,0,5,False,True,3.08,-0.31,🟢 Easy,0.0,0.38,0.0,0.15,0.033,0.29
646,Malick Fofana,Midfielder,Sunderland,5.5,20,a,100,False,False,1,693,1.0,3,1.0,1.0,15.0,6.0,0.0,0.0,0.0,0.0,3.0,0.65,0.0,0.0,0.0,1.0,1.0,15.0,0.0,0.0,3.0,0.65,2.0,0.5,0.0,6,0.0,346,312,1.1399999856948853,0.0,3.059999942779541,0.03999999910593033,0.029999999329447746,0.03999999910593033,0.09000000357627869,1.41,0.285,0.57,-0.1,3.26,Brighton,5,1,3.04,Bournemouth,3,0,3.41,Leeds,13,1,1.4,Coventry City,7,0,2.53,Chelsea,6,1,2.73,0,0,5,False,True,3.08,-0.31,🟢 Easy,0.0,1.14,0.0,0.8,0.145,1.6
651,Juan Angulo,Forward,Sunderland,4.5,20,a,100,False,False,1,693,1.0,3,0.0,0.0,0.0,0.0,0.0,0.0,0.0,0.0,0.0,0.0,0.0,0.0,0.0,0.0,0.0,0.0,0.0,0.0,0.0,0.0,0.0,0.5,0.0,6,0.7,9260,7524,0.49000000953674316,0.0,0.6100000143051147,0.05000000074505806,0.05999999865889549,0.019999999552965164,0.10000000149011612,0.49,0.0,0.15,-0.1,3.26,Brighton,5,1,3.04,Bournemouth,3,0,3.41,Leeds,13,1,1.4,Coventry City,7,0,2.53,Chelsea,6,1,2.73,0,0,5,False,True,3.08,-0.31,🟢 Easy,0.0,0.49,0.0,0.21,0.047,0.39
